event_id,player,player_clean_key,team,opponent,market,source_market,vegas_line,model_proj,mc_proj,model_sd,simulation_iterations,ensemble_proj,ensemble_status,ensemble_method,ensemble_weight_mc,ensemble_weight_ml,ensemble_weight_state,ensemble_calibration_rows,ml_proj,ml_applied,ml_method,ml_training_cutoff,state_proj,state_applied,state_method,state_training_cutoff,bayes_applied,bayes_evidence_state,rules_applied,rules_role,qb_synthesis_applied,qb_synthesis_proj,qb_synthesis_correction,qb_synthesis_version,qb_attempt_conversion,qb_pass_att_share,qb_pred_attempts,qb_pred_ypa,rb_synthesis_applied,rb_synthesis_proj,rb_synthesis_version,rb_synthesis_route,rb_stack_implied_ypc,rb_ypc_fallback_used,season,week,book,book_title,vegas_over_odds,vegas_under_odds,side,fair_prob,market_prob,vegas_odds,fair_odds,edge_pct,edge_abs,rb_receiving_tail_canonical_player_key,rb_receiving_tail_applied,rb_receiving_tail_version,rb_receiving_tail_model_run,rb_receiving_tail_mean_preserved,rb_r26_receptions_canonical_player_key,rb_r26_receptions_applied,rb_r26_receptions_version,rb_r26_baseline_mc_proj_audit,rb_r26_final_mc_proj_audit,rb_r26_mc_delta_audit,qb_distribution_specialist_applied,qb_distribution_specialist_version,qb_distribution_candidate_version,qb_distribution_selector_version,qb_distribution_selector_delta_pass_attempts,qb_distribution_starter_authority_source,qb_distribution_route,qb_distribution_raw_mean_gap,archived_at_utc,source_run_id,source_git_sha,consensus_line,model_pick_side,gsis_id,identity_status,roster_confirmed,actual,actual_source,model_error,vegas_error,model_closer,actual_side,bet_result,unit_result,position
17885cb8dcade8f6c3bce14b2de805e8,Jalen Hurts,jalenhurts,PHI,WAS,pass_yards,player_pass_yds,211.5,225.95109710421949,210.45205636102264,54.29179134738269,25000,194.86490047247824,calibrated,promoted_nonnegative_oos_linear_blend_v2,0.2087531266,0.2671212299,0.5241256435,474,222.56432147606392,1,hist_gradient_boosting_lagged_player_history_v2,2026-W01 pregame,174.53967680779994,1,first_order_markov_outcome_regime_v2,2026-W01 pregame,1,prior_only,1,,1,225.9510971042195,31.08619663174126,qb_pass_synthesis_v1_2026_preseason,0.8986688886771665,1.0,30.01927567771859,7.010564099560467,0,,,,,0,2026,1,draftkings,DraftKings,-112.0,-112.0,OVER,0.58796,0.5,-112.0,-142.69488399184547,0.08796,0.08796,jalenhurts,False,,,False,jalenhurts,False,,,,,1,C2_QB_MEAN_NEUTRAL_DISTRIBUTION_V1,C2_QB_MEAN_NEUTRAL_DISTRIBUTION_V1,QB_DISTRIBUTION_STATE_SELECTOR_V1,1.481557629014837,ourlads_depth_role_fallback,C2_SELECTED,2.8421709430404014e-14,2026-09-20T15:36:11Z,35520068364,a71609590d6f2247c2cc08210b077c34ab339d30,213,OVER,00-0036389,RESOLVED_GSIS,True,203.0,stats_table,22.951097104219485,8.5,false,UNDER,LOSS,-1.0,QB
17885cb8dcade8f6c3bce14b2de805e8,Jayden Daniels,jaydendaniels,WAS,PHI,pass_yards,player_pass_yds,199.5,189.9263322832242,180.31226947704985,48.13202531432296,25000,177.94531177525212,calibrated,promoted_nonnegative_oos_linear_blend_v2,0.2087531266,0.2671212299,0.5241256435,474,182.77783968231893,1,hist_gradient_boosting_lagged_player_history_v2,2026-W01 pregame,174.53967680779994,1,first_order_markov_outcome_regime_v2,2026-W01 pregame,1,prior_only,1,,1,189.9263322832242,11.981020507972096,qb_pass_synthesis_v1_2026_preseason,0.8413850154475155,1.0,26.637560718132463,6.769098393994814,0,,,,,0,2026,1,draftkings,DraftKings,-112.0,-112.0,UNDER,0.60068,0.5,-112.0,-150.42572373034156,0.1006799999999999,0.1006799999999999,jaydendaniels,False,,,False,jaydendaniels,False,,,,,1,C2_QB_MEAN_NEUTRAL_DISTRIBUTION_V1,C2_QB_MEAN_NEUTRAL_DISTRIBUTION_V1,QB_DISTRIBUTION_STATE_SELECTOR_V1,1.971495872722814,ourlads_depth_role_fallback,C2_SELECTED,-2.8421709430404014e-14,2026-09-20T15:36:11Z,35520068364,a71609590d6f2247c2cc08210b077c34ab339d30,202.5,UNDER,00-0039910,RESOLVED_GSIS,True,164.0,stats_table,25.926332283224212,35.5,true,UNDER,WIN,0.8928571428571429,QB
1edfa5ceaa1ad2cb57df1c1b908731f6,Jacoby Brissett,jacobybrissett,ARI,LAC,pass_yards,player_pass_yds,222.5,236.5213676360393,201.5798692624436,59.16449750110996,25000,229.7670258547328,calibrated,promoted_nonnegative_oos_linear_blend_v2,0.2087531266,0.2671212299,0.5241256435,474,262.5329659699331,1,hist_gradient_boosting_lagged_player_history_v2,2026-W01 pregame,224.29444272629843,1,first_order_markov_outcome_regime_v2,2026-W01 pregame,1,prior_only,1,,1,236.5213676360393,6.754341781306589,qb_pass_synthesis_v1_2026_preseason,0.8985515047414063,1.0,29.18965470673572,6.905866865767607,0,,,,,0,2026,1,draftkings,DraftKings,-113.0,-111.0,OVER,0.57292,0.5021058838394474,-113.0,-134.14816896131873,0.0708141161605525,0.0708141161605525,jacobybrissett,False,,,False,jacobybrissett,False,,,,,1,C2_QB_MEAN_NEUTRAL_DISTRIBUTION_V1,C2_QB_MEAN_NEUTRAL_DISTRIBUTION_V1,QB_DISTRIBUTION_STATE_SELECTOR_V1,7.0497052237857964,ourlads_depth_role_fallback,C2_SELECTED,0.0,2026-09-20T15:36:11Z,35520068364,a71609590d6f2247c2cc08210b077c34ab339d30,222,OVER,00-0033119,RESOLVED_GSIS,True,277.0,stats_table,-40.47863236396071,-54.5,true,OVER,WIN,0.8849557522123894,QB
1edfa5ceaa1ad2cb57df1c1b908731f6,Justin Herbert,justinherbert,LAC,ARI,pass_yards,player_pass_yds,239.5,225.9959909737296,188.26978035230013,55.52290691221303,25000,197.649516813587,calibrated,promoted_nonnegative_oos_linear_blend_v2,0.2087531266,0.2671212299,0.5241256435,474,199.7284427324032,1,hist_gradient_boosting_lagged_player_history_v2,2026-W01 pregame,200.3258294154765,1,first_order_markov_outcome_regime_v2,2026-W01 pregame,1,prior_only,1,,1,225.9959909737296,28.346474160142563,qb_pass_synthesis_v1_2026_preseason,0.7964144425236521,1.0,26.135876490612933,7.203499772426605,0,,,,,0,2026,1,draftkings,DraftKings,-112.0,-112.0,UNDER,0.61668,0.5,-112.0,-160.87863925701762,0.11668,0.11668,justinherbert,False,,,False,justinherbert,False,,,,,1,C2_QB_MEAN_NEUTRAL_DISTRIBUTION_V1,C2_QB_MEAN_NEUTRAL_DISTRIBUTION_V1,QB_DISTRIBUTION_STATE_SELECTOR_V1,5.553716676730122,ourlads_depth_role_fallback,C2_SELECTED,-2.8421709430404014e-14,2026-09-20T15:36:11Z,35520068364,a71609590d6f2247c2cc08210b077c34ab339d30,236.5,UNDER,00-0036355,RESOLVED_GSIS,True,209.0,stats_table,16.99599097372959,30.5,true,UNDER,WIN,0.8928571428571429,QB
3e646c7479c57f5d9752d8c7dfe7059b,Dak Prescott,dakprescott,DAL,NYG,pass_yards,player_pass_yds,260.5,225.94290818612896,238.7531379723837,41.6744949542114,25000,180.94290818612893,calibrated,promoted_nonnegative_oos_linear_blend_v2,0.2087531266,0.2671212299,0.5241256435,474,148.32862120504362,1,hist_gradient_boosting_lagged_player_history_v2,2026-W01 pregame,174.53967680779994,1,first_order_markov_outcome_regime_v2,2026-W01 pregame,1,prior_only,1,,1,225.94290818612893,45.0,qb_pass_synthesis_v1_2026_preseason,0.9156433299815652,1.0,32.68911800948954,7.303749764771092,0,,,,,0,2026,1,draftkings,DraftKings,-113.0,-111.0,UNDER,0.79968,0.4978941161605525,-111.0,-399.2012779552714,0.3017858838394474,0.3017858838394474,dakprescott,False,,,False,dakprescott,False,,,,,0,,C2_QB_MEAN_NEUTRAL_DISTRIBUTION_V1,QB_DISTRIBUTION_STATE_SELECTOR_V1,-0.1995190746037209,ourlads_depth_role_fallback,CANONICAL_QB_DISTRIBUTION,0.0,2026-09-20T15:36:11Z,35520068364,a71609590d6f2247c2cc08210b077c34ab339d30,262,UNDER,00-0033077,RESOLVED_GSIS,True,175.0,stats_table,50.94290818612896,85.5,true,UNDER,WIN,0.9009009009009009,QB
3e646c7479c57f5d9752d8c7dfe7059b,Jaxson Dart,jaxsondart,NYG,DAL,pass_yards,player_pass_yds,211.5,227.8193774303536,194.50789838923032,56.772810799497336,25000,195.00629083235617,calibrated,promoted_nonnegative_oos_linear_blend_v2,0.2087531266,0.2671212299,0.5241256435,474,184.95817296755928,1,hist_gradient_boosting_lagged_player_history_v2,2026-W01 pregame,200.3258294154765,1,first_order_markov_outcome_regime_v2,2026-W01 pregame,1,prior_only,1,,1,227.8193774303536,32.81308659799738,qb_pass_synthesis_v1_2026_preseason,0.8410841995473761,1.0,28.773825830486626,6.759890031138789,0,,,,,0,2026,1,draftkings,DraftKings,-111.0,-113.0,OVER,0.5926,0.4978941161605526,-111.0,-145.4590083456063,0.0947058838394473,0.0947058838394473,jaxsondart,False,,,False,jaxsondart,False,,,,,1,C2_QB_MEAN_NEUTRAL_DISTRIBUTION_V1,C2_QB_MEAN_NEUTRAL_DISTRIBUTION_V1,QB_DISTRIBUTION_STATE_SELECTOR_V1,1.1372917613291702,ourlads_depth_role_fallback,C2_SELECTED,2.8421709430404014e-14,2026-09-20T15:36:11Z,35520068364,a71609590d6f2247c2cc08210b077c34ab339d30,212.5,OVER,00-0040691,RESOLVED_GSIS,True,230.0,stats_table,-2.1806225696464026,-18.5,true,OVER,WIN,0.9009009009009009,QB
5ad8135dc2b5f27de0b777acd317855a,Bo Nix,bonix,DEN,KC,pass_yards,player_pass_yds,228.5,224.28585995611948,199.86496586455667,55.366873116825545,25000,193.11126374158405,calibrated,promoted_nonnegative_oos_linear_blend_v2,0.2087531266,0.2671212299,0.5241256435,474,224.2731018377413,1,hist_gradient_boosting_lagged_player_history_v2,2026-W01 pregame,174.53967680779994,1,first_order_markov_outcome_regime_v2,2026-W01 pregame,1,prior_only,1,,1,224.28585995611945,31.17459621453537,qb_pass_synthesis_v1_2026_preseason,0.8932022137973084,1.0,30.3488341366561,6.585589580298065,0,,,,,0,2026,1,draftkings,DraftKings,-113.0,-111.0,UNDER,0.54932,0.4978941161605525,-111.0,-121.88692642229522,0.0514258838394474,0.0514258838394474,bonix,False,,,False,bonix,False,,,,,1,C2_QB_MEAN_NEUTRAL_DISTRIBUTION_V1,C2_QB_MEAN_NEUTRAL_DISTRIBUTION_V1,QB_DISTRIBUTION_STATE_SELECTOR_V1,3.626351483660797,ourlads_depth_role_fallback,C2_SELECTED,0.0,2026-09-20T15:36:11Z,35520068364,a71609590d6f2247c2cc08210b077c34ab339d30,228,UNDER,00-0039732,RESOLVED_GSIS,True,131.0,stats_table,93.28585995611948,97.5,true,UNDER,WIN,0.9009009009009009,QB
5ad8135dc2b5f27de0b777acd317855a,Patrick Mahomes,patrickmahomes,KC,DEN,pass_yards,player_pass_yds,231.5,215.50940600932643,195.4024173812608,53.463116321897004,25000,197.97468579188768,calibrated,promoted_nonnegative_oos_linear_blend_v2,0.2087531266,0.2671212299,0.5241256435,474,195.3716519867426,1,hist_gradient_boosting_lagged_player_history_v2,2026-W01 pregame,200.3258294154765,1,first_order_markov_outcome_regime_v2,2026-W01 pregame,1,prior_only,1,,1,215.50940600932648,17.53472021743879,qb_pass_synthesis_v1_2026_preseason,0.8325158791115013,1.0,27.827602806071827,7.021891851159565,0,,,,,0,2026,1,draftkings,DraftKings,-111.0,-113.0,UNDER,0.63732,0.5021058838394474,-113.0,-175.7251571633396,0.1352141161605525,0.1352141161605525,patrickmahomes,False,,,False,patrickmahomes,False,,,,,1,C2_QB_MEAN_NEUTRAL_DISTRIBUTION_V1,C2_QB_MEAN_NEUTRAL_DISTRIBUTION_V1,QB_DISTRIBUTION_STATE_SELECTOR_V1,5.872645841822706,ourlads_depth_role_fallback,C2_SELECTED,0.0,2026-09-20T15:36:11Z,35520068364,a71609590d6f2247c2cc08210b077c34ab339d30,228.5,UNDER,00-0033873,RESOLVED_GSIS,True,184.0,stats_table,31.509406009326426,47.5,true,UNDER,WIN,0.8849557522123894,QB
7dddb296a42e7a41a774b24bd1709ce1,Cam Ward,camward,TEN,NYJ,pass_yards,player_pass_yds,202.5,199.9221149519701,181.31784051356303,50.714611488567336,25000,168.6378274149891,calibrated,promoted_nonnegative_oos_linear_blend_v2,0.2087531266,0.2671212299,0.5241256435,474,147.14832247128882,1,hist_gradient_boosting_lagged_player_history_v2,2026-W01 pregame,174.53967680779994,1,first_order_markov_outcome_regime_v2,2026-W01 pregame,1,prior_only,1,,1,199.92211495197017,31.284287536981097,qb_pass_synthesis_v1_2026_preseason,0.9107990536400432,1.0,29.12294907688296,6.22594367194387,0,,,,,0,2026,1,draftkings,DraftKings,-112.0,-112.0,UNDER,0.53992,0.5,-112.0,-117.35350373848024,0.0399199999999999,0.0399199999999999,camward,False,,,False,camward,False,,,,,1,C2_QB_MEAN_NEUTRAL_DISTRIBUTION_V1,C2_QB_MEAN_NEUTRAL_DISTRIBUTION_V1,QB_DISTRIBUTION_STATE_SELECTOR_V1,2.8250935740442675,ourlads_depth_role_fallback,C2_SELECTED,0.0,2026-09-20T15:36:11Z,35520068364,a71609590d6f2247c2cc08210b077c34ab339d30,202,UNDER,00-0040676,RESOLVED_GSIS,True,140.0,stats_table,59.92211495197009,62.5,true,UNDER,WIN,0.8928571428571429,QB
7dddb296a42e7a41a774b24bd1709ce1,Geno Smith,genosmith,NYJ,TEN,pass_yards,player_pass_yds,203.5,224.1031821744692,194.5337210771032,54.38590212637421,25000,201.81263539095505,calibrated,promoted_nonnegative_oos_linear_blend_v2,0.2087531266,0.2671212299,0.5241256435,474,210.41835070900748,1,hist_gradient_boosting_lagged_player_history_v2,2026-W01 pregame,200.3258294154765,1,first_order_markov_outcome_regime_v2,2026-W01 pregame,1,prior_only,1,,1,224.1031821744692,22.290546783514145,qb_pass_synthesis_v1_2026_preseason,0.8481271388821603,1.0,28.65447535314996,6.78894723004301,0,,,,,0,2026,1,draftkings,DraftKings,-112.0,-112.0,OVER,0.63088,0.5,-112.0,-170.91460771564803,0.13088,0.13088,genosmith,False,,,False,genosmith,False,,,,,1,C2_QB_MEAN_NEUTRAL_DISTRIBUTION_V1,C2_QB_MEAN_NEUTRAL_DISTRIBUTION_V1,QB_DISTRIBUTION_STATE_SELECTOR_V1,5.468799891682509,ourlads_depth_role_fallback,C2_SELECTED,5.684341886080804e-14,2026-09-20T15:36:11Z,35520068364,a71609590d6f2247c2cc08210b077c34ab339d30,208,OVER,00-0030565,RESOLVED_GSIS,True,215.0,stats_table,9.103182174469197,-11.5,true,OVER,WIN,0.8928571428571429,QB
7e09efed7e12c659b82740b67ce2f9a1,C.J. Stroud,cjstroud,HOU,BUF,pass_yards,player_pass_yds,221.5,223.03129578724824,223.88963905971323,41.09854926746337,25000,210.6573534111168,calibrated,promoted_nonnegative_oos_linear_blend_v2,0.2087531266,0.2671212299,0.5241256435,474,220.5881839270397,1,hist_gradient_boosting_lagged_player_history_v2,2026-W01 pregame,200.3258294154765,1,first_order_markov_outcome_regime_v2,2026-W01 pregame,1,prior_only,1,,1,223.03129578724827,12.373942376131524,qb_pass_synthesis_v1_2026_preseason,0.9364239106858094,1.0,31.71782654847269,7.058795113768418,0,,,,,0,2026,1,draftkings,DraftKings,-111.0,-113.0,OVER,0.49392,0.4978941161605526,-111.0,102.4619371558147,-0.0039741161605525,0.0039741161605525,cjstroud,False,,,False,cjstroud,False,,,,,0,,C2_QB_MEAN_NEUTRAL_DISTRIBUTION_V1,QB_DISTRIBUTION_STATE_SELECTOR_V1,-0.920258973902924,ourlads_depth_role_fallback,CANONICAL_QB_DISTRIBUTION,-2.8421709430404014e-14,2026-09-20T15:36:11Z,35520068364,a71609590d6f2247c2cc08210b077c34ab339d30,222.5,OVER,00-0039163,RESOLVED_GSIS,True,274.0,stats_table,-50.96870421275176,-52.5,true,OVER,WIN,0.9009009009009009,QB
7e09efed7e12c659b82740b67ce2f9a1,Josh Allen,joshallen,BUF,HOU,pass_yards,player_pass_yds,224.5,250.78184838797304,212.9467435853837,59.73198803133114,25000,207.71856222764143,calibrated,promoted_nonnegative_oos_linear_blend_v2,0.2087531266,0.2671212299,0.5241256435,474,171.10880552107338,1,hist_gradient_boosting_lagged_player_history_v2,2026-W01 pregame,224.29444272629843,1,first_order_markov_outcome_regime_v2,2026-W01 pregame,1,prior_only,1,,1,250.78184838797304,43.06328616033161,qb_pass_synthesis_v1_2026_preseason,0.8496571237739716,1.0,28.201056487234887,7.551020071952742,0,,,,,0,2026,1,draftkings,DraftKings,-113.0,-111.0,OVER,0.65364,0.5021058838394474,-113.0,-188.7169419101513,0.1515341161605525,0.1515341161605525,joshallen,False,,,False,joshallen,False,,,,,1,C2_QB_MEAN_NEUTRAL_DISTRIBUTION_V1,C2_QB_MEAN_NEUTRAL_DISTRIBUTION_V1,QB_DISTRIBUTION_STATE_SELECTOR_V1,4.084492547771669,ourlads_depth_role_fallback,C2_SELECTED,0.0,2026-09-20T15:36:11Z,35520068364,a71609590d6f2247c2cc08210b077c34ab339d30,224,OVER,00-0034857,RESOLVED_GSIS,True,334.0,stats_table,-83.21815161202696,-109.5,true,OVER,WIN,0.8849557522123894,QB
95c01d1bb797d6df14824b106c5a9130,Aaron Rodgers,aaronrodgers,PIT,ATL,pass_yards,player_pass_yds,214.5,247.4182512556311,210.2984054060453,60.258076358873645,25000,217.90205539477267,calibrated,promoted_nonnegative_oos_linear_blend_v2,0.2087531266,0.2671212299,0.5241256435,474,211.30157509757447,1,hist_gradient_boosting_lagged_player_history_v2,2026-W01 pregame,224.29444272629843,1,first_order_markov_outcome_regime_v2,2026-W01 pregame,1,prior_only,1,,1,247.41825125563105,29.51619586085837,qb_pass_synthesis_v1_2026_preseason,0.9327837195484254,1.0,31.231556291026383,6.733523089480793,0,,,,,0,2026,1,draftkings,DraftKings,-112.0,-112.0,OVER,0.69428,0.5,-112.0,-227.0966897814994,0.19428,0.19428,aaronrodgers,False,,,False,aaronrodgers,False,,,,,1,C2_QB_MEAN_NEUTRAL_DISTRIBUTION_V1,C2_QB_MEAN_NEUTRAL_DISTRIBUTION_V1,QB_DISTRIBUTION_STATE_SELECTOR_V1,3.216027890963019,ourlads_depth_role_fallback,C2_SELECTED,0.0,2026-09-20T15:36:11Z,35520068364,a71609590d6f2247c2cc08210b077c34ab339d30,212.5,OVER,00-0023459,RESOLVED_GSIS,True,221.0,stats_table,26.418251255631105,-6.5,false,OVER,WIN,0.8928571428571429,QB
b6cfdcbafa61ce220ba87dc2d9b80c77,Daniel Jones,danieljones,IND,BAL,pass_yards,player_pass_yds,234.5,223.56631751033268,220.1263130985314,57.59558763561442,25000,178.56631751033274,calibrated,promoted_nonnegative_oos_linear_blend_v2,0.2087531266,0.2671212299,0.5241256435,474,153.9882883749541,1,hist_gradient_boosting_lagged_player_history_v2,2026-W01 pregame,174.53967680779994,1,first_order_markov_outcome_regime_v2,2026-W01 pregame,1,prior_only,1,,1,223.5663175103328,45.0,qb_pass_synthesis_v1_2026_preseason,0.9081904937168096,1.0,28.89348642478436,7.618544534996326,0,,,,,0,2026,1,draftkings,DraftKings,-111.0,-113.0,UNDER,0.59948,0.5021058838394474,-113.0,-149.6754219514631,0.0973741161605525,0.0973741161605525,danieljones,False,,,False,danieljones,False,,,,,1,C2_QB_MEAN_NEUTRAL_DISTRIBUTION_V1,C2_QB_MEAN_NEUTRAL_DISTRIBUTION_V1,QB_DISTRIBUTION_STATE_SELECTOR_V1,6.115203718974099,ourlads_depth_role_fallback,C2_SELECTED,2.8421709430404014e-14,2026-09-20T15:36:11Z,35520068364,a71609590d6f2247c2cc08210b077c34ab339d30,234,UNDER,00-0035710,RESOLVED_GSIS,True,166.0,stats_table,57.56631751033268,68.5,true,UNDER,WIN,0.8849557522123894,QB
b6cfdcbafa61ce220ba87dc2d9b80c77,Lamar Jackson,lamarjackson,BAL,IND,pass_yards,player_pass_yds,221.5,226.27257575753288,208.16498558648053,56.72525693286078,25000,208.6154974422468,calibrated,promoted_nonnegative_oos_linear_blend_v2,0.2087531266,0.2671212299,0.5241256435,474,225.2329461903516,1,hist_gradient_boosting_lagged_player_history_v2,2026-W01 pregame,200.3258294154765,1,first_order_markov_outcome_regime_v2,2026-W01 pregame,1,prior_only,1,,1,226.27257575753288,17.657078315286075,qb_pass_synthesis_v1_2026_preseason,0.8176534279880102,1.0,26.24169592868661,7.932604133215377,0,,,,,0,2026,1,draftkings,DraftKings,-112.0,-112.0,OVER,0.51012,0.5,-112.0,-104.13162407120112,0.01012,0.01012,lamarjackson,False,,,False,lamarjackson,False,,,,,1,C2_QB_MEAN_NEUTRAL_DISTRIBUTION_V1,C2_QB_MEAN_NEUTRAL_DISTRIBUTION_V1,QB_DISTRIBUTION_STATE_SELECTOR_V1,2.125661287962417,ourlads_depth_role_fallback,C2_SELECTED,-2.8421709430404014e-14,2026-09-20T15:36:11Z,35520068364,a71609590d6f2247c2cc08210b077c34ab339d30,221,OVER,00-0034796,RESOLVED_GSIS,True,324.0,stats_table,-97.72742424246712,-102.5,true,OVER,WIN,0.8928571428571429,QB
c1d3fcec25aaeb06ebd2244d33d338e0,Jared Goff,jaredgoff,DET,NO,pass_yards,player_pass_yds,261.5,222.10574342006407,235.7993306940835,53.05354311284794,25000,240.56208886632325,calibrated,promoted_nonnegative_oos_linear_blend_v2,0.2087531266,0.2671212299,0.5241256435,474,276.20332623495057,1,hist_gradient_boosting_lagged_player_history_v2,2026-W01 pregame,224.29444272629843,1,first_order_markov_outcome_regime_v2,2026-W01 pregame,1,prior_only,1,,1,222.10574342006407,-18.45634544625919,qb_pass_synthesis_v1_2026_preseason,0.9292851253077958,1.0,31.449044204763965,7.497821846629098,0,,,,,0,2026,1,draftkings,DraftKings,-111.0,-113.0,UNDER,0.77524,0.5021058838394474,-113.0,-344.91902473749786,0.2731341161605526,0.2731341161605526,jaredgoff,False,,,False,jaredgoff,False,,,,,1,C2_QB_MEAN_NEUTRAL_DISTRIBUTION_V1,C2_QB_MEAN_NEUTRAL_DISTRIBUTION_V1,QB_DISTRIBUTION_STATE_SELECTOR_V1,4.608663375970587,ourlads_depth_role_fallback,C2_SELECTED,2.8421709430404014e-14,2026-09-20T15:36:11Z,35520068364,a71609590d6f2247c2cc08210b077c34ab339d30,261.5,UNDER,00-0033106,RESOLVED_GSIS,True,206.0,stats_table,16.105743420064073,55.5,true,UNDER,WIN,0.8849557522123894,QB
c1d3fcec25aaeb06ebd2244d33d338e0,Tyler Shough,tylershough,NO,DET,pass_yards,player_pass_yds,244.5,243.7247340603149,214.33851930675533,57.25025789404116,25000,233.3296793189681,calibrated,promoted_nonnegative_oos_linear_blend_v2,0.2087531266,0.2671212299,0.5241256435,474,265.8993976707254,1,hist_gradient_boosting_lagged_player_history_v2,2026-W01 pregame,224.29444272629843,1,first_order_markov_outcome_regime_v2,2026-W01 pregame,1,prior_only,1,,1,243.7247340603149,10.395054741346854,qb_pass_synthesis_v1_2026_preseason,0.8580822790942775,1.0,30.13683188700971,7.112178218014502,0,,,,,0,2026,1,draftkings,DraftKings,-112.0,-112.0,UNDER,0.52512,0.5,-112.0,-110.57951482479784,0.02512,0.02512,tylershough,False,,,False,tylershough,False,,,,,1,C2_QB_MEAN_NEUTRAL_DISTRIBUTION_V1,C2_QB_MEAN_NEUTRAL_DISTRIBUTION_V1,QB_DISTRIBUTION_STATE_SELECTOR_V1,2.310562467066992,ourlads_depth_role_fallback,C2_SELECTED,0.0,2026-09-20T15:36:11Z,35520068364,a71609590d6f2247c2cc08210b077c34ab339d30,245.5,UNDER,00-0040743,RESOLVED_GSIS,True,410.0,stats_table,-166.2752659396851,-165.5,false,OVER,LOSS,-1.0,QB
c5d95f48a16849ab6bebc68fbbfcb74a,Kirk Cousins,kirkcousins,LV,MIA,pass_yards,player_pass_yds,206.5,237.4927969724866,173.51473342811582,59.634335411726966,25000,192.4927969724866,calibrated,promoted_nonnegative_oos_linear_blend_v2,0.2087531266,0.2671212299,0.5241256435,474,191.95460287952216,1,hist_gradient_boosting_lagged_player_history_v2,2026-W01 pregame,200.3258294154765,1,first_order_markov_outcome_regime_v2,2026-W01 pregame,1,prior_only,1,,1,237.4927969724866,45.0,qb_pass_synthesis_v1_2026_preseason,0.8400240287443174,1.0,26.146547274281705,6.636238873451125,0,,,,,0,2026,1,draftkings,DraftKings,-112.0,-112.0,OVER,0.68292,0.5,-112.0,-215.3778226315125,0.1829199999999999,0.1829199999999999,kirkcousins,False,,,False,kirkcousins,False,,,,,1,C2_QB_MEAN_NEUTRAL_DISTRIBUTION_V1,C2_QB_MEAN_NEUTRAL_DISTRIBUTION_V1,QB_DISTRIBUTION_STATE_SELECTOR_V1,5.462172242933358,ourlads_depth_role_fallback,C2_SELECTED,5.684341886080804e-14,2026-09-20T15:36:11Z,35520068364,a71609590d6f2247c2cc08210b077c34ab339d30,207,OVER,00-0029604,RESOLVED_GSIS,True,160.0,stats_table,77.49279697248659,46.5,false,UNDER,LOSS,-1.0,QB
c5d95f48a16849ab6bebc68fbbfcb74a,Malik Willis,malikwillis,MIA,LV,pass_yards,player_pass_yds,180.5,224.39176651045253,240.3706484608737,57.22576312810519,25000,219.96550658178745,calibrated,promoted_nonnegative_oos_linear_blend_v2,0.2087531266,0.2671212299,0.5241256435,474,195.5251294135925,1,hist_gradient_boosting_lagged_player_history_v2,2026-W01 pregame,224.29444272629843,1,first_order_markov_outcome_regime_v2,2026-W01 pregame,1,prior_only,1,,1,224.3917665104525,4.426259928665086,qb_pass_synthesis_v1_2026_preseason,0.8933467796893342,1.0,26.860704298309056,8.948784283217979,0,,,,,0,2026,1,draftkings,DraftKings,-114.0,-110.0,OVER,0.7724,0.5042122999157539,-114.0,-339.36731107205617,0.2681877000842461,0.2681877000842461,malikwillis,False,,,False,malikwillis,False,,,,,1,C2_QB_MEAN_NEUTRAL_DISTRIBUTION_V1,C2_QB_MEAN_NEUTRAL_DISTRIBUTION_V1,QB_DISTRIBUTION_STATE_SELECTOR_V1,2.530611730585866,ourlads_depth_role_fallback,C2_SELECTED,0.0,2026-09-20T15:36:11Z,35520068364,a71609590d6f2247c2cc08210b077c34ab339d30,180,OVER,00-0038128,RESOLVED_GSIS,True,220.0,stats_table,4.391766510452527,-39.5,true,OVER,WIN,0.8771929824561403,QB
cb77efed7e711d25a72c1a2a0a1af119,Jordan Love,jordanlove,GB,MIN,pass_yards,player_pass_yds,240.5,193.7264700208886,196.5303081468689,48.46527136224043,25000,180.3438108279077,calibrated,promoted_nonnegative_oos_linear_blend_v2,0.2087531266,0.2671212299,0.5241256435,474,179.08263646931204,1,hist_gradient_boosting_lagged_player_history_v2,2026-W01 pregame,174.53967680779994,1,first_order_markov_outcome_regime_v2,2026-W01 pregame,1,prior_only,1,,1,193.72647002088863,13.382659192980912,qb_pass_synthesis_v1_2026_preseason,0.848040555206359,1.0,26.594016432229143,7.390019805684367,0,,,,,0,2026,1,draftkings,DraftKings,-111.0,-113.0,UNDER,0.83468,0.5021058838394474,-113.0,-504.8874909266876,0.3325741161605525,0.3325741161605525,jordanlove,False,,,False,jordanlove,False,,,,,1,C2_QB_MEAN_NEUTRAL_DISTRIBUTION_V1,C2_QB_MEAN_NEUTRAL_DISTRIBUTION_V1,QB_DISTRIBUTION_STATE_SELECTOR_V1,1.641966133112208,ourlads_depth_role_fallback,C2_SELECTED,2.8421709430404014e-14,2026-09-20T15:36:11Z,35520068364,a71609590d6f2247c2cc08210b077c34ab339d30,241.5,UNDER,00-0036264,RESOLVED_GSIS,True,387.0,stats_table,-193.2735299791114,-146.5,false,OVER,LOSS,-1.0,QB
cb77efed7e711d25a72c1a2a0a1af119,Kyler Murray,kylermurray,MIN,GB,pass_yards,player_pass_yds,220.5,229.69374254580208,164.6900940145906,59.2953547511824,25000,192.38348646495223,calibrated,promoted_nonnegative_oos_linear_blend_v2,0.2087531266,0.2671212299,0.5241256435,474,198.4417718769296,1,hist_gradient_boosting_lagged_player_history_v2,2026-W01 pregame,200.3258294154765,1,first_order_markov_outcome_regime_v2,2026-W01 pregame,1,prior_only,1,,1,229.693742545802,37.31025608084976,qb_pass_synthesis_v1_2026_preseason,0.8379251833359339,1.0,25.512644738956123,6.455234088809292,0,,,,,0,2026,1,draftkings,DraftKings,-113.0,-111.0,OVER,0.53772,0.5021058838394474,-113.0,-116.31911395690922,0.0356141161605525,0.0356141161605525,kylermurray,False,,,False,kylermurray,False,,,,,1,C2_QB_MEAN_NEUTRAL_DISTRIBUTION_V1,C2_QB_MEAN_NEUTRAL_DISTRIBUTION_V1,QB_DISTRIBUTION_STATE_SELECTOR_V1,2.5834168011012144,ourlads_depth_role_fallback,C2_SELECTED,0.0,2026-09-20T15:36:11Z,35520068364,a71609590d6f2247c2cc08210b077c34ab339d30,221,OVER,00-0035228,RESOLVED_GSIS,True,18.0,stats_table,211.69374254580208,202.5,false,UNDER,LOSS,-1.0,QB
e55c6fe19fce094ce214c8b0e5b504e9,Deshaun Watson,deshaunwatson,CLE,JAX,pass_yards,player_pass_yds,177.5,160.1815366274084,176.5935847537922,42.11814733230408,25000,177.51167484082157,calibrated,promoted_nonnegative_oos_linear_blend_v2,0.4386727793767975,0.5613272206232024,0.0,474,178.2291549761129,1,hist_gradient_boosting_lagged_player_history_v2,2026-W01 pregame,,0,first_order_markov_outcome_regime_v2,2026-W01 pregame,1,position_prior_only,1,,1,160.18153662740843,-17.330138213413125,qb_pass_synthesis_v1_2026_preseason,0.8374311846386314,1.0,25.535489254197163,6.915613912694712,0,,,,,0,2026,1,draftkings,DraftKings,-112.0,-112.0,UNDER,0.6753199999999999,0.5,-112.0,-207.9955648638659,0.1753199999999999,0.1753199999999999,deshaunwatson,False,,,False,deshaunwatson,False,,,,,1,C2_QB_MEAN_NEUTRAL_DISTRIBUTION_V1,C2_QB_MEAN_NEUTRAL_DISTRIBUTION_V1,QB_DISTRIBUTION_STATE_SELECTOR_V1,7.4847974702784175,ourlads_depth_role_fallback,C2_SELECTED,-2.8421709430404014e-14,2026-09-20T15:36:11Z,35520068364,a71609590d6f2247c2cc08210b077c34ab339d30,178,UNDER,00-0033537,RESOLVED_GSIS,True,205.0,stats_table,-44.818463372591594,-27.5,false,OVER,LOSS,-1.0,QB
e55c6fe19fce094ce214c8b0e5b504e9,Trevor Lawrence,trevorlawrence,JAX,CLE,pass_yards,player_pass_yds,232.5,241.38633893054083,204.0251523414346,59.42130587314964,25000,225.8510599603296,calibrated,promoted_nonnegative_oos_linear_blend_v2,0.2087531266,0.2671212299,0.5241256435,474,245.96211391065748,1,hist_gradient_boosting_lagged_player_history_v2,2026-W01 pregame,224.29444272629843,1,first_order_markov_outcome_regime_v2,2026-W01 pregame,1,prior_only,1,,1,241.38633893054083,15.535278970211278,qb_pass_synthesis_v1_2026_preseason,0.8790507074482365,1.0,28.96802863652216,7.043114838826306,0,,,,,0,2026,1,draftkings,DraftKings,-111.0,-113.0,OVER,0.53988,0.4978941161605526,-111.0,-117.33460836303574,0.0419858838394474,0.0419858838394474,trevorlawrence,False,,,False,trevorlawrence,False,,,,,1,C2_QB_MEAN_NEUTRAL_DISTRIBUTION_V1,C2_QB_MEAN_NEUTRAL_DISTRIBUTION_V1,QB_DISTRIBUTION_STATE_SELECTOR_V1,2.86332398526498,ourlads_depth_role_fallback,C2_SELECTED,0.0,2026-09-20T15:36:11Z,35520068364,a71609590d6f2247c2cc08210b077c34ab339d30,234.5,OVER,00-0036971,RESOLVED_GSIS,True,245.0,stats_table,-3.6136610694591695,-12.5,true,OVER,WIN,0.9009009009009009,QB
ed6d24ff979f9c71979fead577b0b3f7,Baker Mayfield,bakermayfield,TB,CIN,pass_yards,player_pass_yds,230.5,216.5789809362511,184.5380330983286,54.408314781348295,25000,193.9645802537964,calibrated,promoted_nonnegative_oos_linear_blend_v2,0.2087531266,0.2671212299,0.5241256435,474,188.8497766902808,1,hist_gradient_boosting_lagged_player_history_v2,2026-W01 pregame,200.3258294154765,1,first_order_markov_outcome_regime_v2,2026-W01 pregame,1,prior_only,1,,1,216.5789809362512,22.614400682454743,qb_pass_synthesis_v1_2026_preseason,0.8432521645021644,1.0,27.592479570449537,6.687982956630023,0,,,,,0,2026,1,draftkings,DraftKings,-113.0,-111.0,UNDER,0.62288,0.4978941161605525,-111.0,-165.16758591429783,0.1249858838394474,0.1249858838394474,bakermayfield,False,,,False,bakermayfield,False,,,,,1,C2_QB_MEAN_NEUTRAL_DISTRIBUTION_V1,C2_QB_MEAN_NEUTRAL_DISTRIBUTION_V1,QB_DISTRIBUTION_STATE_SELECTOR_V1,3.362737699849128,ourlads_depth_role_fallback,C2_SELECTED,0.0,2026-09-20T15:36:11Z,35520068364,a71609590d6f2247c2cc08210b077c34ab339d30,231.5,UNDER,00-0034855,RESOLVED_GSIS,True,216.0,stats_table,0.5789809362510994,14.5,true,UNDER,WIN,0.9009009009009009,QB
ed6d24ff979f9c71979fead577b0b3f7,Joe Burrow,joeburrow,CIN,TB,pass_yards,player_pass_yds,269.5,244.83526538302183,222.0877453403152,59.3745080221034,25000,215.76433539218192,calibrated,promoted_nonnegative_oos_linear_blend_v2,0.2087531266,0.2671212299,0.5241256435,474,241.11494224888148,1,hist_gradient_boosting_lagged_player_history_v2,2026-W01 pregame,200.3258294154765,1,first_order_markov_outcome_regime_v2,2026-W01 pregame,1,prior_only,1,,1,244.8352653830218,29.07092999083988,qb_pass_synthesis_v1_2026_preseason,0.9363656936065472,1.0,32.025304897584185,6.934758187331677,0,,,,,0,2026,1,draftkings,DraftKings,-113.0,-111.0,UNDER,0.6734,0.4978941161605525,-111.0,-206.1849357011635,0.1755058838394474,0.1755058838394474,joeburrow,False,,,False,joeburrow,False,,,,,1,C2_QB_MEAN_NEUTRAL_DISTRIBUTION_V1,C2_QB_MEAN_NEUTRAL_DISTRIBUTION_V1,QB_DISTRIBUTION_STATE_SELECTOR_V1,2.252755002168992,ourlads_depth_role_fallback,C2_SELECTED,0.0,2026-09-20T15:36:11Z,35520068364,a71609590d6f2247c2cc08210b077c34ab339d30,269.5,UNDER,00-0036442,RESOLVED_GSIS,True,254.0,stats_table,-9.164734616978166,15.5,true,UNDER,WIN,0.9009009009009009,QB
fc362aff0d889ec52d358307a70c32ed,Bryce Young,bryceyoung,CAR,CHI,pass_yards,player_pass_yds,209.5,220.7597212613767,173.37271435154494,55.34257419995054,25000,210.06845917279207,calibrated,promoted_nonnegative_oos_linear_blend_v2,0.2087531266,0.2671212299,0.5241256435,474,210.83271396461672,1,hist_gradient_boosting_lagged_player_history_v2,2026-W01 pregame,224.29444272629843,1,first_order_markov_outcome_regime_v2,2026-W01 pregame,1,prior_only,1,,1,220.7597212613767,10.691262088584644,qb_pass_synthesis_v1_2026_preseason,0.8686845526741163,1.0,26.686443963010923,6.4966585503804986,0,,,,,0,2026,1,draftkings,DraftKings,-111.0,-113.0,OVER,0.55872,0.4978941161605526,-111.0,-126.61348803480784,0.0608258838394473,0.0608258838394473,bryceyoung,False,,,False,bryceyoung,False,,,,,1,C2_QB_MEAN_NEUTRAL_DISTRIBUTION_V1,C2_QB_MEAN_NEUTRAL_DISTRIBUTION_V1,QB_DISTRIBUTION_STATE_SELECTOR_V1,4.70349523099008,ourlads_depth_role_fallback,C2_SELECTED,0.0,2026-09-20T15:36:11Z,35520068364,a71609590d6f2247c2cc08210b077c34ab339d30,209,OVER,00-0039150,RESOLVED_GSIS,True,361.0,stats_table,-140.2402787386233,-151.5,true,OVER,WIN,0.9009009009009009,QB
fc362aff0d889ec52d358307a70c32ed,Caleb Williams,calebwilliams,CHI,CAR,pass_yards,player_pass_yds,228.5,222.337019281256,215.7100518416845,53.673343512228826,25000,206.7811011667172,calibrated,promoted_nonnegative_oos_linear_blend_v2,0.2087531266,0.2671212299,0.5241256435,474,212.4692566551394,1,hist_gradient_boosting_lagged_player_history_v2,2026-W01 pregame,200.3258294154765,1,first_order_markov_outcome_regime_v2,2026-W01 pregame,1,prior_only,1,,1,222.33701928125595,15.555918114538756,qb_pass_synthesis_v1_2026_preseason,0.907149619742583,1.0,31.25552778345936,6.901500858860548,0,,,,,0,2026,1,draftkings,DraftKings,-113.0,-111.0,UNDER,0.56496,0.4978941161605525,-111.0,-129.86392055902903,0.0670658838394474,0.0670658838394474,calebwilliams,False,,,False,calebwilliams,False,,,,,1,C2_QB_MEAN_NEUTRAL_DISTRIBUTION_V1,C2_QB_MEAN_NEUTRAL_DISTRIBUTION_V1,QB_DISTRIBUTION_STATE_SELECTOR_V1,1.0338803467176096,ourlads_depth_role_fallback,C2_SELECTED,5.684341886080804e-14,2026-09-20T15:36:11Z,35520068364,a71609590d6f2247c2cc08210b077c34ab339d30,227.5,UNDER,00-0039918,RESOLVED_GSIS,True,269.0,stats_table,-46.662980718743995,-40.5,false,OVER,LOSS,-1.0,QB
0283a29e1b38ef78b29b904fd56a16dd,Caleb Williams,calebwilliams,CHI,MIN,pass_yards,player_pass_yds,229.5,197.16215664864328,212.6601668750098,48.08747322805836,25000,230.1143308750293,calibrated,promoted_nonnegative_oos_linear_blend_v2,0.2087531266,0.2671212299,0.5241256435,474,255.1223468802486,1,hist_gradient_boosting_lagged_player_history_v2,2026-W02 pregame,224.3207569044785,1,first_order_markov_outcome_regime_v2,2026-W02 pregame,1,prior+current,1,,1,197.16215664864325,-32.952174226386106,qb_pass_synthesis_v1_2026_preseason,0.8914332454735773,1.0,30.631497659334983,6.942532462502738,0,,,,,0,2026,2,draftkings,DraftKings,-112.0,-112.0,UNDER,0.75868,0.5,-112.0,-314.3875352229405,0.25868,0.25868,,,,,,,,,,,,1,C2_QB_MEAN_NEUTRAL_DISTRIBUTION_V1,C2_QB_MEAN_NEUTRAL_DISTRIBUTION_V1,QB_DISTRIBUTION_STATE_SELECTOR_V1,1.682611884731597,ourlads_depth_role_fallback,C2_SELECTED,0.0,2026-09-22T14:30:15Z,35282021679,ca5a001bb817e495ca2d74b1e03ce43886493f43,228,UNDER,00-0039918,RESOLVED_GSIS,True,138.0,stats_table,59.162156648643276,91.5,true,UNDER,WIN,0.8928571428571429,QB
0283a29e1b38ef78b29b904fd56a16dd,Carson Wentz,carsonwentz,MIN,CHI,pass_yards,player_pass_yds,215.5,223.89785030345115,175.9967360271795,42.59014620624044,25000,178.8978503034512,calibrated,promoted_nonnegative_oos_linear_blend_v2,0.2087531266,0.2671212299,0.5241256435,474,189.48504844475107,1,hist_gradient_boosting_lagged_player_history_v2,2026-W02 pregame,174.65755269453754,1,first_order_markov_outcome_regime_v2,2026-W02 pregame,1,prior+current,1,,1,223.8978503034512,45.0,qb_pass_synthesis_v1_2026_preseason,0.8129251833359339,1.0,24.69892009637429,7.125685468856394,0,,,,,0,2026,2,draftkings,DraftKings,-112.0,-112.0,OVER,0.55468,0.5,-112.0,-124.5576214856732,0.0546799999999999,0.0546799999999999,,,,,,,,,,,,0,,,,,FINAL_BOARD_QUARANTINE,FINAL_BOARD_QUARANTINE,,2026-09-22T14:30:15Z,35282021679,ca5a001bb817e495ca2d74b1e03ce43886493f43,216,OVER,00-0032950,RESOLVED_GSIS,True,143.0,stats_table,80.89785030345115,72.5,false,UNDER,LOSS,-1.0,QB
0636ebff776d43f8c829a36713c80b22,Baker Mayfield,bakermayfield,TB,CLE,pass_yards,player_pass_yds,209.5,196.7594262918586,185.45685103095823,49.00941182059448,25000,186.470422204454,calibrated,promoted_nonnegative_oos_linear_blend_v2,0.2087531266,0.2671212299,0.5241256435,474,157.7214789067913,1,hist_gradient_boosting_lagged_player_history_v2,2026-W02 pregame,201.5260473992092,1,first_order_markov_outcome_regime_v2,2026-W02 pregame,1,prior+current,1,,1,196.7594262918585,10.289004087404544,qb_pass_synthesis_v1_2026_preseason,0.8344137806637807,1.0,26.83041006967964,6.912188466345445,0,,,,,0,2026,2,draftkings,DraftKings,-113.0,-111.0,UNDER,0.6224799999999999,0.4978941161605525,-111.0,-164.8866285229921,0.1245858838394473,0.1245858838394473,,,,,,,,,,,,1,C2_QB_MEAN_NEUTRAL_DISTRIBUTION_V1,C2_QB_MEAN_NEUTRAL_DISTRIBUTION_V1,QB_DISTRIBUTION_STATE_SELECTOR_V1,4.0099476302423565,ourlads_depth_role_fallback,C2_SELECTED,0.0,2026-09-22T14:30:15Z,35282021679,ca5a001bb817e495ca2d74b1e03ce43886493f43,210,UNDER,00-0034855,RESOLVED_GSIS,True,182.0,stats_table,14.759426291858603,27.5,true,UNDER,WIN,0.9009009009009009,QB
0636ebff776d43f8c829a36713c80b22,Deshaun Watson,deshaunwatson,CLE,TB,pass_yards,player_pass_yds,175.5,221.3355319746394,184.34307350500103,59.43368806186375,25000,194.57658625478663,calibrated,promoted_nonnegative_oos_linear_blend_v2,0.2087531266,0.2671212299,0.5241256435,474,188.93827359710733,1,hist_gradient_boosting_lagged_player_history_v2,2026-W02 pregame,201.5260473992092,1,first_order_markov_outcome_regime_v2,2026-W02 pregame,1,prior+current,1,,1,221.33553197463945,26.758945719852782,qb_pass_synthesis_v1_2026_preseason,0.8306130028204496,1.0,25.033637638754826,7.3638148863997985,0,,,,,0,2026,2,draftkings,DraftKings,-111.0,-113.0,OVER,0.77172,0.4978941161605526,-111.0,-338.058524618889,0.2738258838394473,0.2738258838394473,,,,,,,,,,,,1,C2_QB_MEAN_NEUTRAL_DISTRIBUTION_V1,C2_QB_MEAN_NEUTRAL_DISTRIBUTION_V1,QB_DISTRIBUTION_STATE_SELECTOR_V1,6.4980067659022485,ourlads_depth_role_fallback,C2_SELECTED,-2.8421709430404014e-14,2026-09-22T14:30:15Z,35282021679,ca5a001bb817e495ca2d74b1e03ce43886493f43,175.5,OVER,00-0033537,RESOLVED_GSIS,True,238.0,stats_table,-16.664468025360605,-62.5,true,OVER,WIN,0.9009009009009009,QB
1fd6628c781f556a7a19638e97d7107f,Bo Nix,bonix,DEN,JAX,pass_yards,player_pass_yds,221.5,231.9393929424402,192.0888494959977,57.42521695021337,25000,195.13553336234344,calibrated,promoted_nonnegative_oos_linear_blend_v2,0.2087531266,0.2671212299,0.5241256435,474,237.69688119011408,1,hist_gradient_boosting_lagged_player_history_v2,2026-W02 pregame,174.65755269453754,1,first_order_markov_outcome_regime_v2,2026-W02 pregame,1,prior+current,1,,1,231.93939294244012,36.803859580096734,qb_pass_synthesis_v1_2026_preseason,0.8825961531912478,1.0,29.51997965634268,6.507079331767947,0,,,,,0,2026,2,draftkings,DraftKings,-113.0,-111.0,OVER,0.55024,0.5021058838394474,-113.0,-122.34080398434718,0.0481341161605525,0.0481341161605525,,,,,,,,,,,,1,C2_QB_MEAN_NEUTRAL_DISTRIBUTION_V1,C2_QB_MEAN_NEUTRAL_DISTRIBUTION_V1,QB_DISTRIBUTION_STATE_SELECTOR_V1,4.543961270173099,ourlads_depth_role_fallback,C2_SELECTED,-2.8421709430404014e-14,2026-09-22T14:30:15Z,35282021679,ca5a001bb817e495ca2d74b1e03ce43886493f43,221,OVER,00-0039732,RESOLVED_GSIS,True,288.0,stats_table,-56.06060705755979,-66.5,true,OVER,WIN,0.8849557522123894,QB
1fd6628c781f556a7a19638e97d7107f,Trevor Lawrence,trevorlawrence,JAX,DEN,pass_yards,player_pass_yds,222.5,245.0185674519108,206.0918805014123,60.746762072056335,25000,213.7478822839739,calibrated,promoted_nonnegative_oos_linear_blend_v2,0.2087531266,0.2671212299,0.5241256435,474,198.9856696128652,1,hist_gradient_boosting_lagged_player_history_v2,2026-W02 pregame,224.3207569044785,1,first_order_markov_outcome_regime_v2,2026-W02 pregame,1,prior+current,1,,1,245.0185674519108,31.27068516793688,qb_pass_synthesis_v1_2026_preseason,0.8842590407815698,1.0,28.864628608813938,7.139945685581462,0,,,,,0,2026,2,draftkings,DraftKings,-113.0,-111.0,OVER,0.62368,0.5021058838394474,-113.0,-165.7312925170068,0.1215741161605525,0.1215741161605525,,,,,,,,,,,,1,C2_QB_MEAN_NEUTRAL_DISTRIBUTION_V1,C2_QB_MEAN_NEUTRAL_DISTRIBUTION_V1,QB_DISTRIBUTION_STATE_SELECTOR_V1,4.22065084192721,ourlads_depth_role_fallback,C2_SELECTED,0.0,2026-09-22T14:30:15Z,35282021679,ca5a001bb817e495ca2d74b1e03ce43886493f43,221.5,OVER,00-0036971,RESOLVED_GSIS,True,189.0,stats_table,56.0185674519108,33.5,false,UNDER,LOSS,-1.0,QB
2143ade9684fd876b68a4e8cbf451f05,Lamar Jackson,lamarjackson,BAL,NO,pass_yards,player_pass_yds,215.5,199.1376617085928,211.626650881022,50.75641007136221,25000,226.66376140653804,calibrated,promoted_nonnegative_oos_linear_blend_v2,0.2087531266,0.2671212299,0.5241256435,474,243.012415466088,1,hist_gradient_boosting_lagged_player_history_v2,2026-W02 pregame,224.3207569044785,1,first_order_markov_outcome_regime_v2,2026-W02 pregame,1,prior+current,1,,1,199.1376617085928,-27.52609969794529,qb_pass_synthesis_v1_2026_preseason,0.8210136430417737,1.0,25.88367033960333,8.176068080932957,0,,,,,0,2026,2,draftkings,DraftKings,-113.0,-111.0,UNDER,0.6452,0.4978941161605525,-111.0,-181.84892897406988,0.1473058838394474,0.1473058838394474,,,,,,,,,,,,1,C2_QB_MEAN_NEUTRAL_DISTRIBUTION_V1,C2_QB_MEAN_NEUTRAL_DISTRIBUTION_V1,QB_DISTRIBUTION_STATE_SELECTOR_V1,1.8222144887289973,ourlads_depth_role_fallback,C2_SELECTED,0.0,2026-09-22T14:30:15Z,35282021679,ca5a001bb817e495ca2d74b1e03ce43886493f43,214.5,UNDER,00-0034796,RESOLVED_GSIS,True,235.0,stats_table,-35.86233829140721,-19.5,false,OVER,LOSS,-1.0,QB
2143ade9684fd876b68a4e8cbf451f05,Tyler Shough,tylershough,NO,BAL,pass_yards,player_pass_yds,239.5,251.2791590294337,223.804369144468,58.46335595615586,25000,236.22545265639897,calibrated,promoted_nonnegative_oos_linear_blend_v2,0.2087531266,0.2671212299,0.5241256435,474,269.2909500855209,1,hist_gradient_boosting_lagged_player_history_v2,2026-W02 pregame,224.3207569044785,1,first_order_markov_outcome_regime_v2,2026-W02 pregame,1,prior+current,1,,1,251.2791590294337,15.05370637303475,qb_pass_synthesis_v1_2026_preseason,0.8562901643989371,1.0,31.20660401570215,7.17169894653891,0,,,,,0,2026,2,draftkings,DraftKings,-113.0,-111.0,OVER,0.56372,0.5021058838394474,-113.0,-129.2105986980838,0.0616141161605525,0.0616141161605525,,,,,,,,,,,,1,C2_QB_MEAN_NEUTRAL_DISTRIBUTION_V1,C2_QB_MEAN_NEUTRAL_DISTRIBUTION_V1,QB_DISTRIBUTION_STATE_SELECTOR_V1,5.753488587219197,ourlads_depth_role_fallback,C2_SELECTED,-5.684341886080804e-14,2026-09-22T14:30:15Z,35282021679,ca5a001bb817e495ca2d74b1e03ce43886493f43,235.5,OVER,00-0040743,RESOLVED_GSIS,True,252.0,stats_table,-0.7208409705662859,-12.5,true,OVER,WIN,0.8849557522123894,QB
32367f882fac1a0c20a6335619922025,Jaxson Dart,jaxsondart,NYG,LAR,pass_yards,player_pass_yds,212.5,224.3100116153648,197.7488989561564,55.06851702911629,25000,197.34208090714407,calibrated,promoted_nonnegative_oos_linear_blend_v2,0.2087531266,0.2671212299,0.5241256435,474,188.8146842993291,1,hist_gradient_boosting_lagged_player_history_v2,2026-W02 pregame,201.5260473992092,1,first_order_markov_outcome_regime_v2,2026-W02 pregame,1,prior+current,1,,1,224.31001161536483,26.96793070822069,qb_pass_synthesis_v1_2026_preseason,0.8462815216051633,1.0,28.837560029135435,6.857338095052593,0,,,,,0,2026,2,draftkings,DraftKings,-111.0,-113.0,OVER,0.56484,0.4978941161605526,-111.0,-129.8005331372369,0.0669458838394473,0.0669458838394473,,,,,,,,,,,,1,C2_QB_MEAN_NEUTRAL_DISTRIBUTION_V1,C2_QB_MEAN_NEUTRAL_DISTRIBUTION_V1,QB_DISTRIBUTION_STATE_SELECTOR_V1,1.7710259836335247,ourlads_depth_role_fallback,C2_SELECTED,0.0,2026-09-22T14:30:15Z,35282021679,ca5a001bb817e495ca2d74b1e03ce43886493f43,213,OVER,00-0040691,RESOLVED_GSIS,True,20.0,stats_table,204.3100116153648,192.5,false,UNDER,LOSS,-1.0,QB
32367f882fac1a0c20a6335619922025,Matthew Stafford,matthewstafford,LAR,NYG,pass_yards,player_pass_yds,244.5,230.03153104215656,243.8351702584777,57.41891730112348,25000,185.03153104215653,calibrated,promoted_nonnegative_oos_linear_blend_v2,0.2087531266,0.2671212299,0.5241256435,474,159.43201030273605,1,hist_gradient_boosting_lagged_player_history_v2,2026-W02 pregame,174.65755269453754,1,first_order_markov_outcome_regime_v2,2026-W02 pregame,1,prior+current,1,,1,230.03153104215653,45.0,qb_pass_synthesis_v1_2026_preseason,0.9547370749533344,1.0,32.67659433689071,7.462074160623174,0,,,,,0,2026,2,draftkings,DraftKings,-114.0,-110.0,UNDER,0.621,0.4957877000842461,-110.0,-163.85224274406332,0.1252122999157539,0.1252122999157539,,,,,,,,,,,,1,C2_QB_MEAN_NEUTRAL_DISTRIBUTION_V1,C2_QB_MEAN_NEUTRAL_DISTRIBUTION_V1,QB_DISTRIBUTION_STATE_SELECTOR_V1,0.7274490651473773,ourlads_depth_role_fallback,C2_SELECTED,0.0,2026-09-22T14:30:15Z,35282021679,ca5a001bb817e495ca2d74b1e03ce43886493f43,243.5,UNDER,00-0026498,RESOLVED_GSIS,True,327.0,stats_table,-96.96846895784344,-82.5,false,OVER,LOSS,-1.0,QB
36ad2fa722f4915ef23d2c81351261de,C.J. Stroud,cjstroud,HOU,CIN,pass_yards,player_pass_yds,220.5,266.16583174515546,225.559141218546,49.344890125820896,25000,235.7734680089256,calibrated,promoted_nonnegative_oos_linear_blend_v2,0.2087531266,0.2671212299,0.5241256435,474,266.22755147540727,1,hist_gradient_boosting_lagged_player_history_v2,2026-W02 pregame,224.3207569044785,1,first_order_markov_outcome_regime_v2,2026-W02 pregame,1,prior+current,1,,1,266.16583174515546,30.392363736229868,qb_pass_synthesis_v1_2026_preseason,0.9404765955895582,1.0,31.69788752846631,7.115904522532689,0,,,,,0,2026,2,draftkings,DraftKings,-112.0,-112.0,OVER,0.81916,0.5,-112.0,-452.9750055297501,0.31916,0.31916,,,,,,,,,,,,0,,C2_QB_MEAN_NEUTRAL_DISTRIBUTION_V1,QB_DISTRIBUTION_STATE_SELECTOR_V1,-0.3425078254329978,ourlads_depth_role_fallback,CANONICAL_QB_DISTRIBUTION,2.8421709430404014e-14,2026-09-22T14:30:15Z,35282021679,ca5a001bb817e495ca2d74b1e03ce43886493f43,220,OVER,00-0039163,RESOLVED_GSIS,True,353.0,stats_table,-86.83416825484454,-132.5,true,OVER,WIN,0.8928571428571429,QB
36ad2fa722f4915ef23d2c81351261de,Joe Burrow,joeburrow,CIN,HOU,pass_yards,player_pass_yds,248.5,264.49044953237177,224.611755032976,64.16590336610612,25000,228.5671148055885,calibrated,promoted_nonnegative_oos_linear_blend_v2,0.2087531266,0.2671212299,0.5241256435,474,239.9900885166396,1,hist_gradient_boosting_lagged_player_history_v2,2026-W02 pregame,224.3207569044785,1,first_order_markov_outcome_regime_v2,2026-W02 pregame,1,prior+current,1,,1,264.49044953237177,35.92333472678325,qb_pass_synthesis_v1_2026_preseason,0.9326577173375954,1.0,32.07988027386298,7.001639442400847,0,,,,,0,2026,2,draftkings,DraftKings,-113.0,-111.0,OVER,0.58072,0.5021058838394474,-113.0,-138.50410227055906,0.0786141161605525,0.0786141161605525,,,,,,,,,,,,1,C2_QB_MEAN_NEUTRAL_DISTRIBUTION_V1,C2_QB_MEAN_NEUTRAL_DISTRIBUTION_V1,QB_DISTRIBUTION_STATE_SELECTOR_V1,3.471948551227623,ourlads_depth_role_fallback,C2_SELECTED,0.0,2026-09-22T14:30:15Z,35282021679,ca5a001bb817e495ca2d74b1e03ce43886493f43,249,OVER,00-0036442,RESOLVED_GSIS,True,207.0,stats_table,57.49044953237177,41.5,false,UNDER,LOSS,-1.0,QB
4aeee070bb6ec60bdfae4dede61b9014,Geno Smith,genosmith,NYJ,GB,pass_yards,player_pass_yds,207.5,187.50498831976503,202.860428549598,45.94770801229742,25000,194.8740830829662,calibrated,promoted_nonnegative_oos_linear_blend_v2,0.2087531266,0.2671212299,0.5241256435,474,175.58082186974727,1,hist_gradient_boosting_lagged_player_history_v2,2026-W02 pregame,201.5260473992092,1,first_order_markov_outcome_regime_v2,2026-W02 pregame,1,prior+current,1,,1,187.50498831976503,-7.369094763201154,qb_pass_synthesis_v1_2026_preseason,0.8612390269940485,1.0,29.19417719875207,6.948660589696955,0,,,,,0,2026,2,draftkings,DraftKings,-113.0,-111.0,UNDER,0.68416,0.4978941161605525,-111.0,-216.6160081053698,0.1862658838394474,0.1862658838394474,,,,,,,,,,,,1,C2_QB_MEAN_NEUTRAL_DISTRIBUTION_V1,C2_QB_MEAN_NEUTRAL_DISTRIBUTION_V1,QB_DISTRIBUTION_STATE_SELECTOR_V1,1.24569263479535,ourlads_depth_role_fallback,C2_SELECTED,-2.8421709430404014e-14,2026-09-22T14:30:15Z,35282021679,ca5a001bb817e495ca2d74b1e03ce43886493f43,207.5,UNDER,00-0030565,RESOLVED_GSIS,True,247.0,stats_table,-59.49501168023497,-39.5,false,OVER,LOSS,-1.0,QB
4aeee070bb6ec60bdfae4dede61b9014,Jordan Love,jordanlove,GB,NYJ,pass_yards,player_pass_yds,256.5,233.5510961783752,210.51396145231143,59.260152328870085,25000,221.95414104618223,calibrated,promoted_nonnegative_oos_linear_blend_v2,0.2087531266,0.2671212299,0.5241256435,474,226.2509511494784,1,hist_gradient_boosting_lagged_player_history_v2,2026-W02 pregame,224.3207569044785,1,first_order_markov_outcome_regime_v2,2026-W02 pregame,1,prior+current,1,,1,233.5510961783752,11.596955132192893,qb_pass_synthesis_v1_2026_preseason,0.8501020244717263,1.0,27.68331127779281,7.60436348599609,0,,,,,0,2026,2,draftkings,DraftKings,-112.0,-112.0,UNDER,0.66804,0.5,-112.0,-201.24111338715505,0.1680399999999999,0.1680399999999999,,,,,,,,,,,,1,C2_QB_MEAN_NEUTRAL_DISTRIBUTION_V1,C2_QB_MEAN_NEUTRAL_DISTRIBUTION_V1,QB_DISTRIBUTION_STATE_SELECTOR_V1,4.77916046873123,ourlads_depth_role_fallback,C2_SELECTED,0.0,2026-09-22T14:30:15Z,35282021679,ca5a001bb817e495ca2d74b1e03ce43886493f43,257,UNDER,00-0036264,RESOLVED_GSIS,True,145.0,stats_table,88.55109617837519,111.5,true,UNDER,WIN,0.8928571428571429,QB
4dd8020192a544385db42374e5555303,Drew Lock,drewlock,SEA,ARI,pass_yards,player_pass_yds,205.5,219.99444765941308,185.2691456398556,54.74978346750198,25000,174.99444765941314,calibrated,promoted_nonnegative_oos_linear_blend_v2,0.2087531266,0.2671212299,0.5241256435,474,114.90649762638168,1,hist_gradient_boosting_lagged_player_history_v2,2026-W02 pregame,201.5260473992092,1,first_order_markov_outcome_regime_v2,2026-W02 pregame,1,prior+current,1,,1,219.9944476594132,45.0,qb_pass_synthesis_v1_2026_preseason,0.8889478489217578,1.0,28.398883202096982,6.523818007962202,0,,,,,0,2026,2,draftkings,DraftKings,-113.0,-111.0,OVER,0.58548,0.5021058838394474,-113.0,-141.24288333494164,0.0833741161605525,0.0833741161605525,,,,,,,,,,,,1,C2_QB_MEAN_NEUTRAL_DISTRIBUTION_V1,C2_QB_MEAN_NEUTRAL_DISTRIBUTION_V1,QB_DISTRIBUTION_STATE_SELECTOR_V1,3.0191300589657004,ourlads_depth_role_fallback,C2_SELECTED,0.0,2026-09-22T14:30:15Z,35282021679,ca5a001bb817e495ca2d74b1e03ce43886493f43,206.5,OVER,00-0035704,RESOLVED_GSIS,True,235.0,stats_table,-15.005552340586917,-29.5,true,OVER,WIN,0.8849557522123894,QB
4dd8020192a544385db42374e5555303,Jacoby Brissett,jacobybrissett,ARI,SEA,pass_yards,player_pass_yds,216.5,219.80560565342063,202.2830624539733,54.94065107953359,25000,220.9715396524769,calibrated,promoted_nonnegative_oos_linear_blend_v2,0.2087531266,0.2671212299,0.5241256435,474,229.0048487232577,1,hist_gradient_boosting_lagged_player_history_v2,2026-W02 pregame,224.3207569044785,1,first_order_markov_outcome_regime_v2,2026-W02 pregame,1,prior+current,1,,1,219.80560565342063,-1.1659339990562607,qb_pass_synthesis_v1_2026_preseason,0.8921412483311499,1.0,29.033032114303847,6.967341945463336,0,,,,,0,2026,2,fanduel,FanDuel,-114.0,-114.0,OVER,0.5012,0.5,-114.0,-100.48115477145149,0.0011999999999999,0.0011999999999999,,,,,,,,,,,,1,C2_QB_MEAN_NEUTRAL_DISTRIBUTION_V1,C2_QB_MEAN_NEUTRAL_DISTRIBUTION_V1,QB_DISTRIBUTION_STATE_SELECTOR_V1,6.504958309696912,ourlads_depth_role_fallback,C2_SELECTED,-2.8421709430404014e-14,2026-09-22T14:30:15Z,35282021679,ca5a001bb817e495ca2d74b1e03ce43886493f43,219,OVER,00-0033119,RESOLVED_GSIS,True,95.0,stats_table,124.80560565342063,121.5,false,UNDER,LOSS,-1.0,QB
50bc247030707d823b9c3581d7eb5760,Daniel Jones,danieljones,IND,KC,pass_yards,player_pass_yds,216.5,209.46369263064832,221.3302526720112,54.59846395178327,25000,219.0809009254077,calibrated,promoted_nonnegative_oos_linear_blend_v2,0.2087531266,0.2671212299,0.5241256435,474,251.76789362272763,1,hist_gradient_boosting_lagged_player_history_v2,2026-W02 pregame,201.5260473992092,1,first_order_markov_outcome_regime_v2,2026-W02 pregame,1,prior+current,1,,1,209.4636926306483,-9.617208294759426,qb_pass_synthesis_v1_2026_preseason,0.9388277486187704,1.0,29.38365266328996,7.53242815684814,0,,,,,0,2026,2,draftkings,DraftKings,-111.0,-113.0,UNDER,0.57648,0.5021058838394474,-113.0,-136.116358141292,0.0743741161605525,0.0743741161605525,,,,,,,,,,,,1,C2_QB_MEAN_NEUTRAL_DISTRIBUTION_V1,C2_QB_MEAN_NEUTRAL_DISTRIBUTION_V1,QB_DISTRIBUTION_STATE_SELECTOR_V1,3.107990397210897,ourlads_depth_role_fallback,C2_SELECTED,-2.8421709430404014e-14,2026-09-22T14:30:15Z,35282021679,ca5a001bb817e495ca2d74b1e03ce43886493f43,217.5,UNDER,00-0035710,RESOLVED_GSIS,True,210.0,stats_table,-0.5363073693516753,6.5,true,UNDER,WIN,0.8849557522123894,QB
50bc247030707d823b9c3581d7eb5760,Patrick Mahomes,patrickmahomes,KC,IND,pass_yards,player_pass_yds,220.5,234.03044053863448,197.67328052573603,57.38884596479045,25000,195.0131112581409,calibrated,promoted_nonnegative_oos_linear_blend_v2,0.2087531266,0.2671212299,0.5241256435,474,180.1550054483056,1,hist_gradient_boosting_lagged_player_history_v2,2026-W02 pregame,201.5260473992092,1,first_order_markov_outcome_regime_v2,2026-W02 pregame,1,prior+current,1,,1,234.03044053863448,39.01732928049358,qb_pass_synthesis_v1_2026_preseason,0.8199926880168815,1.0,27.751537101565653,7.122966911788967,0,,,,,0,2026,2,draftkings,DraftKings,-113.0,-111.0,OVER,0.5744,0.5021058838394474,-113.0,-134.9624060150376,0.0722941161605525,0.0722941161605525,,,,,,,,,,,,1,C2_QB_MEAN_NEUTRAL_DISTRIBUTION_V1,C2_QB_MEAN_NEUTRAL_DISTRIBUTION_V1,QB_DISTRIBUTION_STATE_SELECTOR_V1,4.319737493984201,ourlads_depth_role_fallback,C2_SELECTED,2.8421709430404014e-14,2026-09-22T14:30:15Z,35282021679,ca5a001bb817e495ca2d74b1e03ce43886493f43,221,OVER,00-0033873,RESOLVED_GSIS,True,382.0,stats_table,-147.96955946136552,-161.5,true,OVER,WIN,0.8849557522123894,QB
56e8897681915f7ec92baeee952bb1ae,Jared Goff,jaredgoff,DET,BUF,pass_yards,player_pass_yds,258.5,197.8354000220036,236.29860846318,47.27564249461465,25000,198.6557499630676,calibrated,promoted_nonnegative_oos_linear_blend_v2,0.2087531266,0.2671212299,0.5241256435,474,163.60626737301322,1,hist_gradient_boosting_lagged_player_history_v2,2026-W02 pregame,201.5260473992092,1,first_order_markov_outcome_regime_v2,2026-W02 pregame,1,prior+current,1,,1,197.8354000220036,-0.8203499410640234,qb_pass_synthesis_v1_2026_preseason,0.9295978207424423,1.0,31.908536758023185,7.4054981040070516,0,,,,,0,2026,2,draftkings,DraftKings,-112.0,-112.0,UNDER,0.89532,0.5,-112.0,-855.2923194497516,0.39532,0.39532,,,,,,,,,,,,1,C2_QB_MEAN_NEUTRAL_DISTRIBUTION_V1,C2_QB_MEAN_NEUTRAL_DISTRIBUTION_V1,QB_DISTRIBUTION_STATE_SELECTOR_V1,2.0106525964800976,ourlads_depth_role_fallback,C2_SELECTED,-5.684341886080804e-14,2026-09-22T14:30:15Z,35282021679,ca5a001bb817e495ca2d74b1e03ce43886493f43,258,UNDER,00-0033106,RESOLVED_GSIS,True,327.0,stats_table,-129.1645999779964,-68.5,false,OVER,LOSS,-1.0,QB
56e8897681915f7ec92baeee952bb1ae,Josh Allen,joshallen,BUF,DET,pass_yards,player_pass_yds,252.5,234.91134687621948,218.3447414354706,56.21292883009625,25000,211.7711133111084,calibrated,promoted_nonnegative_oos_linear_blend_v2,0.2087531266,0.2671212299,0.5241256435,474,182.0098867282824,1,hist_gradient_boosting_lagged_player_history_v2,2026-W02 pregame,224.3207569044785,1,first_order_markov_outcome_regime_v2,2026-W02 pregame,1,prior+current,1,,1,234.9113468762195,23.14023356511113,qb_pass_synthesis_v1_2026_preseason,0.8457508737739716,1.0,27.889895303288103,7.828811799437937,0,,,,,0,2026,2,draftkings,DraftKings,-112.0,-112.0,UNDER,0.63688,0.5,-112.0,-175.39105529852392,0.13688,0.13688,,,,,,,,,,,,1,C2_QB_MEAN_NEUTRAL_DISTRIBUTION_V1,C2_QB_MEAN_NEUTRAL_DISTRIBUTION_V1,QB_DISTRIBUTION_STATE_SELECTOR_V1,2.572981574287612,ourlads_depth_role_fallback,C2_SELECTED,-5.684341886080804e-14,2026-09-22T14:30:15Z,35282021679,ca5a001bb817e495ca2d74b1e03ce43886493f43,251.5,UNDER,00-0034857,RESOLVED_GSIS,True,248.0,stats_table,-13.088653123780517,4.5,false,UNDER,WIN,0.8928571428571429,QB
68bc55903f50af4af4766adcc89fcc61,Brock Purdy,brockpurdy,SF,MIA,pass_yards,player_pass_yds,240.5,241.02280702772697,218.8930207151309,58.388927813380434,25000,196.0228070277269,calibrated,promoted_nonnegative_oos_linear_blend_v2,0.2087531266,0.2671212299,0.5241256435,474,167.3518623141183,1,hist_gradient_boosting_lagged_player_history_v2,2026-W02 pregame,201.5260473992092,1,first_order_markov_outcome_regime_v2,2026-W02 pregame,1,prior+current,1,,1,241.0228070277269,45.0,qb_pass_synthesis_v1_2026_preseason,0.9102538356239014,1.0,30.05597540812062,7.282845349147768,0,,,,,0,2026,2,draftkings,DraftKings,-112.0,-112.0,OVER,0.48164,0.5,-112.0,107.6239514990449,-0.0183599999999999,0.0183599999999999,,,,,,,,,,,,1,C2_QB_MEAN_NEUTRAL_DISTRIBUTION_V1,C2_QB_MEAN_NEUTRAL_DISTRIBUTION_V1,QB_DISTRIBUTION_STATE_SELECTOR_V1,2.108997365141122,ourlads_depth_role_fallback,C2_SELECTED,0.0,2026-09-22T14:30:15Z,35282021679,ca5a001bb817e495ca2d74b1e03ce43886493f43,239.5,OVER,00-0037834,RESOLVED_GSIS,True,287.0,stats_table,-45.97719297227303,-46.5,true,OVER,WIN,0.8928571428571429,QB
68bc55903f50af4af4766adcc89fcc61,Malik Willis,malikwillis,MIA,SF,pass_yards,player_pass_yds,181.5,217.42391321396872,229.74944829807345,56.2461429062344,25000,205.6758107973986,calibrated,promoted_nonnegative_oos_linear_blend_v2,0.2087531266,0.2671212299,0.5241256435,474,195.0048143868205,1,hist_gradient_boosting_lagged_player_history_v2,2026-W02 pregame,201.5260473992092,1,first_order_markov_outcome_regime_v2,2026-W02 pregame,1,prior+current,1,,1,217.42391321396872,11.748102416570108,qb_pass_synthesis_v1_2026_preseason,0.8595629959055504,1.0,25.75304458420273,8.921253855903503,0,,,,,0,2026,2,draftkings,DraftKings,-111.0,-113.0,OVER,0.72352,0.4978941161605526,-111.0,-261.6898148148149,0.2256258838394474,0.2256258838394474,,,,,,,,,,,,1,C2_QB_MEAN_NEUTRAL_DISTRIBUTION_V1,C2_QB_MEAN_NEUTRAL_DISTRIBUTION_V1,QB_DISTRIBUTION_STATE_SELECTOR_V1,4.321066839141523,ourlads_depth_role_fallback,C2_SELECTED,0.0,2026-09-22T14:30:15Z,35282021679,ca5a001bb817e495ca2d74b1e03ce43886493f43,181,OVER,00-0038128,RESOLVED_GSIS,True,197.0,stats_table,20.423913213968717,-15.5,false,OVER,WIN,0.9009009009009009,QB
71b3b83747589efdc5baef2c5cf811bf,Justin Herbert,justinherbert,LAC,LV,pass_yards,player_pass_yds,222.5,212.3014448780696,182.4927750538112,52.97832673248689,25000,188.7437716362006,calibrated,promoted_nonnegative_oos_linear_blend_v2,0.2087531266,0.2671212299,0.5241256435,474,168.54843399582967,1,hist_gradient_boosting_lagged_player_history_v2,2026-W02 pregame,201.5260473992092,1,first_order_markov_outcome_regime_v2,2026-W02 pregame,1,prior+current,1,,1,212.3014448780696,23.557673241868976,qb_pass_synthesis_v1_2026_preseason,0.7897180139522235,1.0,25.33402959531893,7.203464192981408,0,,,,,0,2026,2,draftkings,DraftKings,-113.0,-111.0,UNDER,0.5945199999999999,0.4978941161605525,-111.0,-146.6212883496103,0.0966258838394473,0.0966258838394473,,,,,,,,,,,,1,C2_QB_MEAN_NEUTRAL_DISTRIBUTION_V1,C2_QB_MEAN_NEUTRAL_DISTRIBUTION_V1,QB_DISTRIBUTION_STATE_SELECTOR_V1,7.222569446640973,ourlads_depth_role_fallback,C2_SELECTED,0.0,2026-09-22T14:30:15Z,35282021679,ca5a001bb817e495ca2d74b1e03ce43886493f43,223,UNDER,00-0036355,RESOLVED_GSIS,True,192.0,stats_table,20.30144487806959,30.5,true,UNDER,WIN,0.9009009009009009,QB
71b3b83747589efdc5baef2c5cf811bf,Kirk Cousins,kirkcousins,LV,LAC,pass_yards,player_pass_yds,193.5,220.0196798827204,173.7424900362106,54.79799777006518,25000,179.63882948683658,calibrated,promoted_nonnegative_oos_linear_blend_v2,0.2087531266,0.2671212299,0.5241256435,474,194.02066728185807,1,hist_gradient_boosting_lagged_player_history_v2,2026-W02 pregame,174.65755269453754,1,first_order_markov_outcome_regime_v2,2026-W02 pregame,1,prior+current,1,,1,220.0196798827204,40.38085039588381,qb_pass_synthesis_v1_2026_preseason,0.8538489135369441,1.0,26.62951802857931,6.524432393021415,0,,,,,0,2026,2,draftkings,DraftKings,-112.0,-112.0,OVER,0.66948,0.5,-112.0,-202.5535519787002,0.1694799999999999,0.1694799999999999,,,,,,,,,,,,1,C2_QB_MEAN_NEUTRAL_DISTRIBUTION_V1,C2_QB_MEAN_NEUTRAL_DISTRIBUTION_V1,QB_DISTRIBUTION_STATE_SELECTOR_V1,5.094982345725759,ourlads_depth_role_fallback,C2_SELECTED,0.0,2026-09-22T14:30:15Z,35282021679,ca5a001bb817e495ca2d74b1e03ce43886493f43,193,OVER,00-0029604,RESOLVED_GSIS,True,253.0,stats_table,-32.980320117279604,-59.5,true,OVER,WIN,0.8928571428571429,QB
85ef85098ddd22fe4ecf45e7e3c0a9c0,Dak Prescott,dakprescott,DAL,WAS,pass_yards,player_pass_yds,263.5,238.020925793695,232.80193166566283,57.51302296061925,25000,195.7855382755513,calibrated,promoted_nonnegative_oos_linear_blend_v2,0.2087531266,0.2671212299,0.5241256435,474,155.59391480138825,1,hist_gradient_boosting_lagged_player_history_v2,2026-W02 pregame,201.5260473992092,1,first_order_markov_outcome_regime_v2,2026-W02 pregame,1,prior+current,1,,1,238.02092579369503,42.235387518143696,qb_pass_synthesis_v1_2026_preseason,0.912375356125356,1.0,32.23315790247817,7.222436361029473,0,,,,,0,2026,2,draftkings,DraftKings,-112.0,-112.0,UNDER,0.68648,0.5,-112.0,-218.9589180913498,0.1864799999999999,0.1864799999999999,,,,,,,,,,,,1,C2_QB_MEAN_NEUTRAL_DISTRIBUTION_V1,C2_QB_MEAN_NEUTRAL_DISTRIBUTION_V1,QB_DISTRIBUTION_STATE_SELECTOR_V1,0.4422043422032078,ourlads_depth_role_fallback,C2_SELECTED,2.8421709430404014e-14,2026-09-22T14:30:15Z,35282021679,ca5a001bb817e495ca2d74b1e03ce43886493f43,265,UNDER,00-0033077,RESOLVED_GSIS,True,279.0,stats_table,-40.979074206305,-15.5,false,OVER,LOSS,-1.0,QB
85ef85098ddd22fe4ecf45e7e3c0a9c0,Jayden Daniels,jaydendaniels,WAS,DAL,pass_yards,player_pass_yds,216.5,218.13360403456736,181.2412513880713,54.19863705507529,25000,173.13360403456738,calibrated,promoted_nonnegative_oos_linear_blend_v2,0.2087531266,0.2671212299,0.5241256435,474,163.8073617609202,1,hist_gradient_boosting_lagged_player_history_v2,2026-W02 pregame,174.65755269453754,1,first_order_markov_outcome_regime_v2,2026-W02 pregame,1,prior+current,1,,1,218.13360403456736,45.0,qb_pass_synthesis_v1_2026_preseason,0.8474578899414427,1.0,27.09165021076745,6.689930291364747,0,,,,,0,2026,2,draftkings,DraftKings,-111.0,-113.0,OVER,0.4904,0.4978941161605526,-111.0,103.91517128874388,-0.0074941161605526,0.0074941161605526,,,,,,,,,,,,1,C2_QB_MEAN_NEUTRAL_DISTRIBUTION_V1,C2_QB_MEAN_NEUTRAL_DISTRIBUTION_V1,QB_DISTRIBUTION_STATE_SELECTOR_V1,1.217194102404212,ourlads_depth_role_fallback,C2_SELECTED,2.8421709430404014e-14,2026-09-22T14:30:15Z,35282021679,ca5a001bb817e495ca2d74b1e03ce43886493f43,217,OVER,00-0039910,RESOLVED_GSIS,True,96.0,stats_table,122.13360403456736,120.5,false,UNDER,LOSS,-1.0,QB
9d14f87600f6edc74dbcb5c74edf6246,Aaron Rodgers,aaronrodgers,PIT,NE,pass_yards,player_pass_yds,207.5,212.33115961727376,207.5998490571301,52.09310754174645,25000,198.6719250887828,calibrated,promoted_nonnegative_oos_linear_blend_v2,0.2087531266,0.2671212299,0.5241256435,474,186.09467416688005,1,hist_gradient_boosting_lagged_player_history_v2,2026-W02 pregame,201.5260473992092,1,first_order_markov_outcome_regime_v2,2026-W02 pregame,1,prior+current,1,,1,212.33115961727376,13.659234528491028,qb_pass_synthesis_v1_2026_preseason,0.9345455236358108,1.0,31.59566806641996,6.570516205598715,0,,,,,0,2026,2,draftkings,DraftKings,-113.0,-111.0,OVER,0.5154,0.5021058838394474,-113.0,-106.35575732562938,0.0132941161605525,0.0132941161605525,,,,,,,,,,,,1,C2_QB_MEAN_NEUTRAL_DISTRIBUTION_V1,C2_QB_MEAN_NEUTRAL_DISTRIBUTION_V1,QB_DISTRIBUTION_STATE_SELECTOR_V1,1.586047008082388,ourlads_depth_role_fallback,C2_SELECTED,0.0,2026-09-22T14:30:15Z,35282021679,ca5a001bb817e495ca2d74b1e03ce43886493f43,207.5,OVER,00-0023459,RESOLVED_GSIS,True,187.0,stats_table,25.331159617273755,20.5,false,UNDER,LOSS,-1.0,QB
9d14f87600f6edc74dbcb5c74edf6246,Drake Maye,drakemaye,NE,PIT,pass_yards,player_pass_yds,225.5,241.7111531864553,223.6864114949433,58.51920563675572,25000,196.7111531864553,calibrated,promoted_nonnegative_oos_linear_blend_v2,0.2087531266,0.2671212299,0.5241256435,474,166.18277083572863,1,hist_gradient_boosting_lagged_player_history_v2,2026-W02 pregame,201.5260473992092,1,first_order_markov_outcome_regime_v2,2026-W02 pregame,1,prior+current,1,,1,241.7111531864553,45.0,qb_pass_synthesis_v1_2026_preseason,0.84970002350834,1.0,27.893918786225885,8.019182001970998,0,,,,,0,2026,2,draftkings,DraftKings,-112.0,-112.0,OVER,0.5926,0.5,-112.0,-145.4590083456063,0.0926,0.0926,,,,,,,,,,,,1,C2_QB_MEAN_NEUTRAL_DISTRIBUTION_V1,C2_QB_MEAN_NEUTRAL_DISTRIBUTION_V1,QB_DISTRIBUTION_STATE_SELECTOR_V1,5.014178353915947,ourlads_depth_role_fallback,C2_SELECTED,0.0,2026-09-22T14:30:15Z,35282021679,ca5a001bb817e495ca2d74b1e03ce43886493f43,225,OVER,00-0039851,RESOLVED_GSIS,True,208.0,stats_table,33.711153186455306,17.5,false,UNDER,LOSS,-1.0,QB
aee7eae1849ebb103b9bf233e9741392,Bryce Young,bryceyoung,CAR,ATL,pass_yards,player_pass_yds,220.5,242.30567125059056,183.91781485790776,59.729192939075766,25000,216.7850394231382,calibrated,promoted_nonnegative_oos_linear_blend_v2,0.2087531266,0.2671212299,0.5241256435,474,227.6844842842016,1,hist_gradient_boosting_lagged_player_history_v2,2026-W02 pregame,224.3207569044785,1,first_order_markov_outcome_regime_v2,2026-W02 pregame,1,prior+current,1,,1,242.30567125059056,25.52063182745237,qb_pass_synthesis_v1_2026_preseason,0.8634089282124453,1.0,27.280441195896508,6.741746349966381,0,,,,,0,2026,2,draftkings,DraftKings,-111.0,-113.0,OVER,0.62256,0.4978941161605526,-111.0,-164.94277236117,0.1246658838394473,0.1246658838394473,,,,,,,,,,,,1,C2_QB_MEAN_NEUTRAL_DISTRIBUTION_V1,C2_QB_MEAN_NEUTRAL_DISTRIBUTION_V1,QB_DISTRIBUTION_STATE_SELECTOR_V1,6.365578278942977,ourlads_depth_role_fallback,C2_SELECTED,0.0,2026-09-22T14:30:15Z,35282021679,ca5a001bb817e495ca2d74b1e03ce43886493f43,221.5,OVER,00-0039150,RESOLVED_GSIS,True,287.0,stats_table,-44.694328749409436,-66.5,true,OVER,WIN,0.9009009009009009,QB
fafc649c455e32a0f2ba1bd06e2039bc,Cam Ward,camward,TEN,PHI,pass_yards,player_pass_yds,189.5,179.18031518160228,179.00257199264303,45.37150867459308,25000,189.4561946330161,calibrated,promoted_nonnegative_oos_linear_blend_v2,0.2087531266,0.2671212299,0.5241256435,474,226.66242546358788,1,hist_gradient_boosting_lagged_player_history_v2,2026-W02 pregame,174.65755269453754,1,first_order_markov_outcome_regime_v2,2026-W02 pregame,1,prior+current,1,,1,179.18031518160228,-10.275879451413848,qb_pass_synthesis_v1_2026_preseason,0.905805016669262,1.0,29.055085550400623,6.160800032136709,0,,,,,0,2026,2,draftkings,DraftKings,-112.0,-112.0,UNDER,0.6071599999999999,0.5,-112.0,-154.55656246818037,0.1071599999999999,0.1071599999999999,,,,,,,,,,,,1,C2_QB_MEAN_NEUTRAL_DISTRIBUTION_V1,C2_QB_MEAN_NEUTRAL_DISTRIBUTION_V1,QB_DISTRIBUTION_STATE_SELECTOR_V1,3.456652888658472,ourlads_depth_role_fallback,C2_SELECTED,-5.684341886080804e-14,2026-09-22T14:30:15Z,35282021679,ca5a001bb817e495ca2d74b1e03ce43886493f43,189,UNDER,00-0040676,RESOLVED_GSIS,True,183.0,stats_table,-3.819684818397718,6.5,true,UNDER,WIN,0.8928571428571429,QB
fafc649c455e32a0f2ba1bd06e2039bc,Jalen Hurts,jalenhurts,PHI,TEN,pass_yards,player_pass_yds,206.5,245.50752059241407,204.76626434984848,60.59197191354704,25000,204.91311689913653,calibrated,promoted_nonnegative_oos_linear_blend_v2,0.2087531266,0.2671212299,0.5241256435,474,211.6737398219861,1,hist_gradient_boosting_lagged_player_history_v2,2026-W02 pregame,201.5260473992092,1,first_order_markov_outcome_regime_v2,2026-W02 pregame,1,prior+current,1,,1,245.50752059241407,40.594403693277606,qb_pass_synthesis_v1_2026_preseason,0.8804626325676846,1.0,28.79873208896605,7.11025276103397,0,,,,,0,2026,2,draftkings,DraftKings,-111.0,-113.0,OVER,0.728,0.4978941161605526,-111.0,-267.6470588235294,0.2301058838394473,0.2301058838394473,,,,,,,,,,,,1,C2_QB_MEAN_NEUTRAL_DISTRIBUTION_V1,C2_QB_MEAN_NEUTRAL_DISTRIBUTION_V1,QB_DISTRIBUTION_STATE_SELECTOR_V1,2.533009037356239,ourlads_depth_role_fallback,C2_SELECTED,-2.8421709430404014e-14,2026-09-22T14:30:15Z,35282021679,ca5a001bb817e495ca2d74b1e03ce43886493f43,206.5,OVER,00-0036389,RESOLVED_GSIS,True,264.0,stats_table,-18.492479407585932,-57.5,true,OVER,WIN,0.9009009009009009,QB
17885cb8dcade8f6c3bce14b2de805e8,Jacory Croskey-Merritt,jacorycroskeymerritt,WAS,PHI,rush_yards,player_rush_yds,40.5,40.98353691688185,27.66245166356324,20.65127386016648,25000,34.91788437833856,calibrated,nonnegative_oos_linear_blend_v2,0.5569542426070742,0.4430457573929258,0.0,3207,44.0387121145592,1,hist_gradient_boosting_lagged_player_history_v2,2026-W01 pregame,41.21781728494593,1,first_order_markov_outcome_regime_v2,2026-W01 pregame,1,prior_only,1,,0,,,,,,,,1,40.98353691688185,RB_P3_SYNTHESIS_V1,WEEK1_STACK_OVERRIDE,3.573327354752408,0,2026,1,draftkings,DraftKings,-109.0,-115.0,OVER,0.47036,0.4936802190857384,-109.0,112.60311250956714,-0.0233202190857383,0.0233202190857383,jacorycroskeymerritt,False,,,False,jacorycroskeymerritt,False,,,,,0,,,,,,,,2026-09-20T15:36:11Z,35520068364,a71609590d6f2247c2cc08210b077c34ab339d30,40.5,OVER,00-0040242,RESOLVED_GSIS,True,63.0,stats_table,-22.016463083118147,-22.5,true,OVER,WIN,0.9174311926605505,RB
17885cb8dcade8f6c3bce14b2de805e8,Jalen Hurts,jalenhurts,PHI,WAS,rush_yards,player_rush_yds,29.5,18.0755673426157,15.803410505935895,10.93880598928208,25000,18.0755673426157,calibrated,nonnegative_oos_linear_blend_v2,0.5569542426070742,0.4430457573929258,0.0,3207,20.93190298953435,1,hist_gradient_boosting_lagged_player_history_v2,2026-W01 pregame,10.165593797327544,1,first_order_markov_outcome_regime_v2,2026-W01 pregame,1,prior_only,1,,0,,,,,,,,0,,,,,0,2026,1,draftkings,DraftKings,-112.0,-112.0,UNDER,0.854,0.5,-112.0,-584.9315068493149,0.354,0.354,jalenhurts,False,,,False,jalenhurts,False,,,,,0,,,,,,,,2026-09-20T15:36:11Z,35520068364,a71609590d6f2247c2cc08210b077c34ab339d30,29,UNDER,00-0036389,RESOLVED_GSIS,True,46.0,stats_table,-27.9244326573843,-16.5,false,OVER,LOSS,-1.0,QB
17885cb8dcade8f6c3bce14b2de805e8,Jayden Daniels,jaydendaniels,WAS,PHI,rush_yards,player_rush_yds,36.5,23.50290278071208,18.64146890248892,14.214273343744235,25000,23.502902780712084,calibrated,nonnegative_oos_linear_blend_v2,0.5569542426070742,0.4430457573929258,0.0,3207,29.61422690118856,1,hist_gradient_boosting_lagged_player_history_v2,2026-W01 pregame,17.254891640866873,1,first_order_markov_outcome_regime_v2,2026-W01 pregame,1,prior_only,1,,0,,,,,,,,0,,,,,0,2026,1,draftkings,DraftKings,-110.0,-114.0,UNDER,0.82456,0.504212299915754,-114.0,-469.9954400364795,0.3203477000842459,0.3203477000842459,jaydendaniels,False,,,False,jaydendaniels,False,,,,,0,,,,,,,,2026-09-20T15:36:11Z,35520068364,a71609590d6f2247c2cc08210b077c34ab339d30,36.5,UNDER,00-0039910,RESOLVED_GSIS,True,31.0,stats_table,-7.4970972192879195,5.5,false,UNDER,WIN,0.8771929824561403,QB
17885cb8dcade8f6c3bce14b2de805e8,Rachaad White,rachaadwhite,WAS,PHI,rush_yards,player_rush_yds,23.5,26.00374603786988,22.560616999100773,14.18303442369552,25000,21.118430701161188,calibrated,nonnegative_oos_linear_blend_v2,0.5569542426070742,0.4430457573929258,0.0,3207,19.30545368047194,1,hist_gradient_boosting_lagged_player_history_v2,2026-W01 pregame,41.21781728494593,1,first_order_markov_outcome_regime_v2,2026-W01 pregame,1,prior_only,1,,0,,,,,,,,1,26.00374603786988,RB_P3_SYNTHESIS_V1,WEEK1_STACK_OVERRIDE,4.850685717819903,0,2026,1,draftkings,DraftKings,-117.0,-107.0,OVER,0.52724,0.5105400733589106,-117.0,-111.52381758185972,0.0166999266410894,0.0166999266410894,rachaadwhite,False,,,False,rachaadwhite,False,,,,,0,,,,,,,,2026-09-20T15:36:11Z,35520068364,a71609590d6f2247c2cc08210b077c34ab339d30,24,OVER,00-0037256,RESOLVED_GSIS,True,22.0,stats_table,4.003746037869881,1.5,false,UNDER,LOSS,-1.0,RB
17885cb8dcade8f6c3bce14b2de805e8,Saquon Barkley,saquonbarkley,PHI,WAS,rush_yards,player_rush_yds,78.5,74.22210641810449,43.35019114008261,27.843693462076725,25000,67.7966276950884,calibrated,nonnegative_oos_linear_blend_v2,0.5569542426070742,0.4430457573929258,0.0,3207,98.52832149587086,1,hist_gradient_boosting_lagged_player_history_v2,2026-W01 pregame,57.91962609577552,1,first_order_markov_outcome_regime_v2,2026-W01 pregame,1,prior_only,1,,0,,,,,,,,1,74.22210641810446,RB_P3_SYNTHESIS_V1,WEEK1_STACK_OVERRIDE,4.543726217526403,0,2026,1,draftkings,DraftKings,-111.0,-113.0,UNDER,0.58792,0.5021058838394474,-113.0,-142.67132595612503,0.0858141161605525,0.0858141161605525,saquonbarkley,False,,,False,saquonbarkley,False,,,,,0,,,,,,,,2026-09-20T15:36:11Z,35520068364,a71609590d6f2247c2cc08210b077c34ab339d30,76.5,UNDER,00-0034844,RESOLVED_GSIS,True,83.0,stats_table,-8.777893581895512,-4.5,false,OVER,LOSS,-1.0,RB
17885cb8dcade8f6c3bce14b2de805e8,Tank Bigsby,tankbigsby,PHI,WAS,rush_yards,player_rush_yds,17.5,48.020871621204456,24.825275780416582,26.31643503383748,25000,44.28605424680308,calibrated,nonnegative_oos_linear_blend_v2,0.5569542426070742,0.4430457573929258,0.0,3207,68.7502612737936,1,hist_gradient_boosting_lagged_player_history_v2,2026-W01 pregame,57.91962609577552,1,first_order_markov_outcome_regime_v2,2026-W01 pregame,1,prior_only,1,,0,,,,,,,,1,48.02087162120445,RB_P3_SYNTHESIS_V1,WEEK1_STACK_OVERRIDE,4.404085051935548,0,2026,1,fanduel,FanDuel,-114.0,-114.0,OVER,0.88932,0.5,-114.0,-803.5056017347308,0.38932,0.38932,tankbigsby,False,,,False,tankbigsby,False,,,,,0,,,,,,,,2026-09-20T15:36:11Z,35520068364,a71609590d6f2247c2cc08210b077c34ab339d30,17.5,OVER,00-0038555,RESOLVED_GSIS,True,3.0,stats_table,45.020871621204456,14.5,false,UNDER,LOSS,-1.0,RB
1edfa5ceaa1ad2cb57df1c1b908731f6,Jacoby Brissett,jacobybrissett,ARI,LAC,rush_yards,player_rush_yds,10.5,11.437289665279572,10.026879781260249,8.700577862202206,25000,11.437289665279572,calibrated,nonnegative_oos_linear_blend_v2,0.5569542426070742,0.4430457573929258,0.0,3207,13.210320454112622,1,hist_gradient_boosting_lagged_player_history_v2,2026-W01 pregame,17.254891640866873,1,first_order_markov_outcome_regime_v2,2026-W01 pregame,1,prior_only,1,,0,,,,,,,,0,,,,,0,2026,1,draftkings,DraftKings,-114.0,-110.0,OVER,0.47384,0.5042122999157539,-114.0,111.04170184028364,-0.0303722999157539,0.0303722999157539,jacobybrissett,False,,,False,jacobybrissett,False,,,,,0,,,,,,,,2026-09-20T15:36:11Z,35520068364,a71609590d6f2247c2cc08210b077c34ab339d30,10.5,OVER,00-0033119,RESOLVED_GSIS,True,14.0,stats_table,-2.5627103347204283,-3.5,true,OVER,WIN,0.8771929824561403,QB
1edfa5ceaa1ad2cb57df1c1b908731f6,Jeremiyah Love,jeremiyahlove,ARI,LAC,rush_yards,player_rush_yds,38.5,19.980787201847992,26.854858431291024,9.611063789381944,25000,16.288547541656612,calibrated,nonnegative_oos_linear_blend_v2,0.5569542426070742,0.4430457573929258,0.0,3207,3.0056042327829813,1,hist_gradient_boosting_lagged_player_history_v2,2026-W01 pregame,,0,first_order_markov_outcome_regime_v2,2026-W01 pregame,1,position_prior_only,1,,0,,,,,,,,1,19.980787201847992,RB_P3_SYNTHESIS_V1,WEEK1_STACK_OVERRIDE,5.979461223655096,0,2026,1,draftkings,DraftKings,-109.0,-115.0,UNDER,0.96028,0.5063197809142617,-115.0,-2417.623363544815,0.4539602190857383,0.4539602190857383,jeremiyahlove,False,,,False,jeremiyahlove,False,,,,,0,,,,,,,,2026-09-20T15:36:11Z,35520068364,a71609590d6f2247c2cc08210b077c34ab339d30,39,UNDER,00-0041027,RESOLVED_GSIS,True,41.0,stats_table,-21.019212798152008,-2.5,false,OVER,LOSS,-1.0,RB
1edfa5ceaa1ad2cb57df1c1b908731f6,Justin Herbert,justinherbert,LAC,ARI,rush_yards,player_rush_yds,21.5,18.840067553917937,14.796848573335485,13.385157630242704,25000,18.840067553917937,calibrated,nonnegative_oos_linear_blend_v2,0.5569542426070742,0.4430457573929258,0.0,3207,23.92281110229528,1,hist_gradient_boosting_lagged_player_history_v2,2026-W01 pregame,23.66217145382454,1,first_order_markov_outcome_regime_v2,2026-W01 pregame,1,prior_only,1,,0,,,,,,,,0,,,,,0,2026,1,draftkings,DraftKings,-113.0,-111.0,UNDER,0.6312,0.4978941161605525,-111.0,-171.14967462039044,0.1333058838394474,0.1333058838394474,justinherbert,False,,,False,justinherbert,False,,,,,0,,,,,,,,2026-09-20T15:36:11Z,35520068364,a71609590d6f2247c2cc08210b077c34ab339d30,20.5,UNDER,00-0036355,RESOLVED_GSIS,True,29.0,stats_table,-10.159932446082063,-7.5,false,OVER,LOSS,-1.0,QB
1edfa5ceaa1ad2cb57df1c1b908731f6,Omarion Hampton,omarionhampton,LAC,ARI,rush_yards,player_rush_yds,68.5,50.37003954656725,33.65646903824315,21.74742986195068,25000,47.48216824564648,calibrated,nonnegative_oos_linear_blend_v2,0.5569542426070742,0.4430457573929258,0.0,3207,64.86249906268073,1,hist_gradient_boosting_lagged_player_history_v2,2026-W01 pregame,41.21781728494593,1,first_order_markov_outcome_regime_v2,2026-W01 pregame,1,prior_only,1,,0,,,,,,,,1,50.37003954656725,RB_P3_SYNTHESIS_V1,WEEK1_STACK_OVERRIDE,4.143048971475691,0,2026,1,draftkings,DraftKings,-114.0,-110.0,UNDER,0.80336,0.4957877000842461,-110.0,-408.5435313262814,0.3075722999157538,0.3075722999157538,omarionhampton,False,,,False,omarionhampton,False,,,,,0,,,,,,,,2026-09-20T15:36:11Z,35520068364,a71609590d6f2247c2cc08210b077c34ab339d30,67,UNDER,00-0040666,RESOLVED_GSIS,True,43.0,stats_table,7.370039546567249,25.5,true,UNDER,WIN,0.9090909090909091,RB
1edfa5ceaa1ad2cb57df1c1b908731f6,Tyler Allgeier,tylerallgeier,ARI,LAC,rush_yards,player_rush_yds,29.5,26.408759606513424,21.72659551836165,13.36329804074526,25000,23.348230136253868,calibrated,nonnegative_oos_linear_blend_v2,0.5569542426070742,0.4430457573929258,0.0,3207,25.38679221550332,1,hist_gradient_boosting_lagged_player_history_v2,2026-W01 pregame,22.92083713808785,1,first_order_markov_outcome_regime_v2,2026-W01 pregame,1,prior_only,1,,0,,,,,,,,1,26.40875960651342,RB_P3_SYNTHESIS_V1,WEEK1_STACK_OVERRIDE,4.104052500615936,0,2026,1,draftkings,DraftKings,-114.0,-110.0,UNDER,0.62668,0.4957877000842461,-110.0,-167.86670952534018,0.1308922999157539,0.1308922999157539,tylerallgeier,False,,,False,tylerallgeier,False,,,,,0,,,,,,,,2026-09-20T15:36:11Z,35520068364,a71609590d6f2247c2cc08210b077c34ab339d30,29,UNDER,00-0037263,RESOLVED_GSIS,True,61.0,stats_table,-34.59124039348657,-31.5,false,OVER,LOSS,-1.0,RB
3e646c7479c57f5d9752d8c7dfe7059b,Cam Skattebo,camskattebo,NYG,DAL,rush_yards,player_rush_yds,48.5,40.94506799309328,29.158622893173,18.590900966181216,25000,38.63181590768381,calibrated,nonnegative_oos_linear_blend_v2,0.5569542426070742,0.4430457573929258,0.0,3207,50.54059722976344,1,hist_gradient_boosting_lagged_player_history_v2,2026-W01 pregame,22.92083713808785,1,first_order_markov_outcome_regime_v2,2026-W01 pregame,1,prior_only,1,,0,,,,,,,,1,40.94506799309328,RB_P3_SYNTHESIS_V1,WEEK1_STACK_OVERRIDE,3.835849340968786,0,2026,1,draftkings,DraftKings,-112.0,-112.0,UNDER,0.68396,0.5,-112.0,-216.41564358941903,0.18396,0.18396,camskattebo,False,,,False,camskattebo,False,,,,,0,,,,,,,,2026-09-20T15:36:11Z,35520068364,a71609590d6f2247c2cc08210b077c34ab339d30,49,UNDER,00-0040715,RESOLVED_GSIS,True,81.0,stats_table,-40.05493200690672,-32.5,false,OVER,LOSS,-1.0,RB
3e646c7479c57f5d9752d8c7dfe7059b,Dak Prescott,dakprescott,DAL,NYG,rush_yards,player_rush_yds,8.5,4.119366276654791,1.206199518768441,6.060819580890991,25000,4.119366276654791,calibrated,nonnegative_oos_linear_blend_v2,0.5569542426070742,0.4430457573929258,0.0,3207,7.781517551444551,1,hist_gradient_boosting_lagged_player_history_v2,2026-W01 pregame,10.165593797327544,1,first_order_markov_outcome_regime_v2,2026-W01 pregame,1,prior_only,1,,0,,,,,,,,0,,,,,0,2026,1,draftkings,DraftKings,-112.0,-112.0,UNDER,0.79396,0.5,-112.0,-385.34265191225006,0.29396,0.29396,dakprescott,False,,,False,dakprescott,False,,,,,0,,,,,,,,2026-09-20T15:36:11Z,35520068364,a71609590d6f2247c2cc08210b077c34ab339d30,8,UNDER,00-0033077,RESOLVED_GSIS,True,14.0,stats_table,-9.880633723345209,-5.5,false,OVER,LOSS,-1.0,QB
3e646c7479c57f5d9752d8c7dfe7059b,Javonte Williams,javontewilliams,DAL,NYG,rush_yards,player_rush_yds,77.5,53.43491458263341,46.45806838080287,20.43974014598752,25000,50.45952644598859,calibrated,nonnegative_oos_linear_blend_v2,0.5569542426070742,0.4430457573929258,0.0,3207,55.48977221368018,1,hist_gradient_boosting_lagged_player_history_v2,2026-W01 pregame,57.91962609577552,1,first_order_markov_outcome_regime_v2,2026-W01 pregame,1,prior_only,1,,0,,,,,,,,1,53.43491458263341,RB_P3_SYNTHESIS_V1,WEEK1_STACK_OVERRIDE,4.444968384729592,0,2026,1,draftkings,DraftKings,-110.0,-114.0,UNDER,0.87416,0.504212299915754,-114.0,-694.6598855689768,0.369947700084246,0.369947700084246,javontewilliams,False,,,False,javontewilliams,False,,,,,0,,,,,,,,2026-09-20T15:36:11Z,35520068364,a71609590d6f2247c2cc08210b077c34ab339d30,76,UNDER,00-0036997,RESOLVED_GSIS,True,41.0,stats_table,12.43491458263341,36.5,true,UNDER,WIN,0.8771929824561403,RB
3e646c7479c57f5d9752d8c7dfe7059b,Jaxson Dart,jaxsondart,NYG,DAL,rush_yards,player_rush_yds,31.5,20.140539507139355,15.990374974653273,13.43538681455476,25000,20.14053950713936,calibrated,nonnegative_oos_linear_blend_v2,0.5569542426070742,0.4430457573929258,0.0,3207,25.3577246518231,1,hist_gradient_boosting_lagged_player_history_v2,2026-W01 pregame,23.66217145382454,1,first_order_markov_outcome_regime_v2,2026-W01 pregame,1,prior_only,1,,0,,,,,,,,0,,,,,0,2026,1,draftkings,DraftKings,-111.0,-113.0,UNDER,0.8111200000000001,0.5021058838394474,-113.0,-429.4366793731472,0.3090141161605526,0.3090141161605526,jaxsondart,False,,,False,jaxsondart,False,,,,,0,,,,,,,,2026-09-20T15:36:11Z,35520068364,a71609590d6f2247c2cc08210b077c34ab339d30,31.5,UNDER,00-0040691,RESOLVED_GSIS,True,54.0,stats_table,-33.85946049286065,-22.5,false,OVER,LOSS,-1.0,QB
3e646c7479c57f5d9752d8c7dfe7059b,KaVontae Turpin,kavontaeturpin,DAL,NYG,rush_yards,player_rush_yds,5.5,2.770290888833423,1.3396272308872612,4.088191894830027,25000,2.7702908888334243,calibrated,nonnegative_oos_linear_blend_v2,0.5569542426070742,0.4430457573929258,0.0,3207,4.568782761830185,1,hist_gradient_boosting_lagged_player_history_v2,2026-W01 pregame,7.346285081574547,1,first_order_markov_outcome_regime_v2,2026-W01 pregame,1,prior_only,1,,0,,,,,,,,0,,,,,0,2026,1,draftkings,DraftKings,-112.0,-112.0,UNDER,0.7882,0.5,-112.0,-372.1435316336167,0.2882,0.2882,kavontaeturpin,False,,,False,kavontaeturpin,False,,,,,0,,,,,,,,2026-09-20T15:36:11Z,35520068364,a71609590d6f2247c2cc08210b077c34ab339d30,5.5,UNDER,00-0037801,RESOLVED_GSIS,True,0.0,stats_table,2.770290888833423,5.5,true,UNDER,WIN,0.8928571428571429,WR
5ad8135dc2b5f27de0b777acd317855a,Bo Nix,bonix,DEN,KC,rush_yards,player_rush_yds,16.5,16.742397574857502,11.534363460541227,11.893653785812951,25000,16.7423975748575,calibrated,nonnegative_oos_linear_blend_v2,0.5569542426070742,0.4430457573929258,0.0,3207,23.28943396378364,1,hist_gradient_boosting_lagged_player_history_v2,2026-W01 pregame,23.66217145382454,1,first_order_markov_outcome_regime_v2,2026-W01 pregame,1,prior_only,1,,0,,,,,,,,0,,,,,0,2026,1,draftkings,DraftKings,-108.0,-116.0,OVER,0.44936,0.4915711395819285,-108.0,122.53872173758236,-0.0422111395819285,0.0422111395819285,bonix,False,,,False,bonix,False,,,,,0,,,,,,,,2026-09-20T15:36:11Z,35520068364,a71609590d6f2247c2cc08210b077c34ab339d30,16,OVER,00-0039732,RESOLVED_GSIS,True,2.0,stats_table,14.742397574857502,14.5,false,UNDER,LOSS,-1.0,QB
5ad8135dc2b5f27de0b777acd317855a,J.K. Dobbins,jkdobbins,DEN,KC,rush_yards,player_rush_yds,51.5,51.88133880754938,38.90082894623154,22.06106356372266,25000,46.332983851968734,calibrated,nonnegative_oos_linear_blend_v2,0.5569542426070742,0.4430457573929258,0.0,3207,55.67596962125172,1,hist_gradient_boosting_lagged_player_history_v2,2026-W01 pregame,57.91962609577552,1,first_order_markov_outcome_regime_v2,2026-W01 pregame,1,prior_only,1,,0,,,,,,,,1,51.88133880754938,RB_P3_SYNTHESIS_V1,WEEK1_STACK_OVERRIDE,3.7156450570554886,0,2026,1,draftkings,DraftKings,-111.0,-113.0,OVER,0.47024,0.4978941161605526,-111.0,112.65736645117389,-0.0276541161605526,0.0276541161605526,jkdobbins,False,,,False,jkdobbins,False,,,,,0,,,,,,,,2026-09-20T15:36:11Z,35520068364,a71609590d6f2247c2cc08210b077c34ab339d30,50.5,OVER,00-0036158,RESOLVED_GSIS,True,36.0,stats_table,15.881338807549383,15.5,false,UNDER,LOSS,-1.0,RB
5ad8135dc2b5f27de0b777acd317855a,Kenneth Walker III,kennethwalkeriii,KC,DEN,rush_yards,player_rush_yds,61.5,27.10299205959761,32.94252805446668,12.059991349840043,25000,32.94252805446668,calibrated,nonnegative_oos_linear_blend_v2,1.0,0.0,0.0,3207,,0,,,,0,,,0,,0,,0,,,,,,,,1,27.10299205959761,RB_P3_SYNTHESIS_V1,WEEK1_STACK_OVERRIDE,6.540820208934942,0,2026,1,draftkings,DraftKings,-110.0,-114.0,UNDER,0.99256,0.504212299915754,-114.0,-13340.86021505376,0.488347700084246,0.488347700084246,kennethwalker,False,,,False,kennethwalker,False,,,,,0,,,,,,,,2026-09-20T15:36:11Z,35520068364,a71609590d6f2247c2cc08210b077c34ab339d30,60.5,UNDER,00-0038134,RESOLVED_GSIS,True,173.0,stats_table,-145.89700794040237,-111.5,false,OVER,LOSS,-1.0,RB
5ad8135dc2b5f27de0b777acd317855a,Patrick Mahomes,patrickmahomes,KC,DEN,rush_yards,player_rush_yds,14.5,20.01100983779592,15.960346457815612,13.939696617143271,25000,20.011009837795925,calibrated,nonnegative_oos_linear_blend_v2,0.5569542426070742,0.4430457573929258,0.0,3207,25.10311176453287,1,hist_gradient_boosting_lagged_player_history_v2,2026-W01 pregame,17.254891640866873,1,first_order_markov_outcome_regime_v2,2026-W01 pregame,1,prior_only,1,,0,,,,,,,,0,,,,,0,2026,1,draftkings,DraftKings,-118.0,-106.0,OVER,0.59964,0.5126539564703898,-118.0,-149.77520231791385,0.0869860435296101,0.0869860435296101,patrickmahomes,False,,,False,patrickmahomes,False,,,,,0,,,,,,,,2026-09-20T15:36:11Z,35520068364,a71609590d6f2247c2cc08210b077c34ab339d30,15,OVER,00-0033873,RESOLVED_GSIS,True,23.0,stats_table,-2.988990162204079,-8.5,true,OVER,WIN,0.847457627118644,QB
5ad8135dc2b5f27de0b777acd317855a,RJ Harvey,rjharvey,DEN,KC,rush_yards,player_rush_yds,18.5,38.01723963368756,21.557431622116653,19.54577470194808,25000,35.004990569715766,calibrated,nonnegative_oos_linear_blend_v2,0.5569542426070742,0.4430457573929258,0.0,3207,51.90996005333425,1,hist_gradient_boosting_lagged_player_history_v2,2026-W01 pregame,41.21781728494593,1,first_order_markov_outcome_regime_v2,2026-W01 pregame,1,prior_only,1,,0,,,,,,,,1,38.01723963368756,RB_P3_SYNTHESIS_V1,WEEK1_STACK_OVERRIDE,3.809305648394113,0,2026,1,draftkings,DraftKings,-113.0,-111.0,OVER,0.84176,0.5021058838394474,-113.0,-531.9514661274013,0.3396541161605525,0.3396541161605525,rjharvey,False,,,False,rjharvey,False,,,,,0,,,,,,,,2026-09-20T15:36:11Z,35520068364,a71609590d6f2247c2cc08210b077c34ab339d30,18.5,OVER,00-0040730,RESOLVED_GSIS,True,18.0,stats_table,20.01723963368756,0.5,false,UNDER,LOSS,-1.0,RB
7dddb296a42e7a41a774b24bd1709ce1,Braelon Allen,braelonallen,NYJ,TEN,rush_yards,player_rush_yds,17.5,24.709546902683115,21.295337694762324,13.333313863464449,25000,23.119074847199705,calibrated,nonnegative_oos_linear_blend_v2,0.5569542426070742,0.4430457573929258,0.0,3207,25.411700670832893,1,hist_gradient_boosting_lagged_player_history_v2,2026-W01 pregame,41.21781728494593,1,first_order_markov_outcome_regime_v2,2026-W01 pregame,1,prior_only,1,,0,,,,,,,,1,24.70954690268311,RB_P3_SYNTHESIS_V1,WEEK1_STACK_OVERRIDE,5.207151620975147,0,2026,1,draftkings,DraftKings,-109.0,-115.0,OVER,0.67664,0.4936802190857384,-109.0,-209.2528451261752,0.1829597809142616,0.1829597809142616,braelonallen,False,,,False,braelonallen,False,,,,,0,,,,,,,,2026-09-20T15:36:11Z,35520068364,a71609590d6f2247c2cc08210b077c34ab339d30,17.5,OVER,00-0039794,RESOLVED_GSIS,True,40.0,stats_table,-15.290453097316885,-22.5,true,OVER,WIN,0.9174311926605505,RB
7dddb296a42e7a41a774b24bd1709ce1,Breece Hall,breecehall,NYJ,TEN,rush_yards,player_rush_yds,65.5,58.69805810670745,43.86910848051847,22.495001123358183,25000,55.35784097398697,calibrated,nonnegative_oos_linear_blend_v2,0.5569542426070742,0.4430457573929258,0.0,3207,69.80036343953941,1,hist_gradient_boosting_lagged_player_history_v2,2026-W01 pregame,57.91962609577552,1,first_order_markov_outcome_regime_v2,2026-W01 pregame,1,prior_only,1,,0,,,,,,,,1,58.69805810670746,RB_P3_SYNTHESIS_V1,WEEK1_STACK_OVERRIDE,4.031850304264037,0,2026,1,draftkings,DraftKings,-113.0,-111.0,UNDER,0.6449199999999999,0.4978941161605525,-111.0,-181.62667567872023,0.1470258838394473,0.1470258838394473,breecehall,False,,,False,breecehall,False,,,,,0,,,,,,,,2026-09-20T15:36:11Z,35520068364,a71609590d6f2247c2cc08210b077c34ab339d30,65,UNDER,00-0038120,RESOLVED_GSIS,True,102.0,stats_table,-43.30194189329255,-36.5,false,OVER,LOSS,-1.0,RB
7dddb296a42e7a41a774b24bd1709ce1,Cam Ward,camward,TEN,NYJ,rush_yards,player_rush_yds,9.5,8.659308096322084,7.83133258106645,7.145144258950925,25000,8.659308096322082,calibrated,nonnegative_oos_linear_blend_v2,0.5569542426070742,0.4430457573929258,0.0,3207,9.70015877213033,1,hist_gradient_boosting_lagged_player_history_v2,2026-W01 pregame,17.254891640866873,1,first_order_markov_outcome_regime_v2,2026-W01 pregame,1,prior_only,1,,0,,,,,,,,0,,,,,0,2026,1,draftkings,DraftKings,-116.0,-108.0,UNDER,0.61376,0.4915711395819285,-108.0,-158.90637945318971,0.1221888604180714,0.1221888604180714,camward,False,,,False,camward,False,,,,,0,,,,,,,,2026-09-20T15:36:11Z,35520068364,a71609590d6f2247c2cc08210b077c34ab339d30,9.5,UNDER,00-0040676,RESOLVED_GSIS,True,21.0,stats_table,-12.340691903677916,-11.5,false,OVER,LOSS,-1.0,QB
7dddb296a42e7a41a774b24bd1709ce1,Geno Smith,genosmith,NYJ,TEN,rush_yards,player_rush_yds,6.5,7.522592036389698,8.507121322716678,5.432290449011359,25000,7.522592036389699,calibrated,nonnegative_oos_linear_blend_v2,0.5569542426070742,0.4430457573929258,0.0,3207,6.2849371128500096,1,hist_gradient_boosting_lagged_player_history_v2,2026-W01 pregame,10.165593797327544,1,first_order_markov_outcome_regime_v2,2026-W01 pregame,1,prior_only,1,,0,,,,,,,,0,,,,,0,2026,1,draftkings,DraftKings,-116.0,-108.0,OVER,0.51708,0.5084288604180714,-116.0,-107.0736353847428,0.0086511395819285,0.0086511395819285,genosmith,False,,,False,genosmith,False,,,,,0,,,,,,,,2026-09-20T15:36:11Z,35520068364,a71609590d6f2247c2cc08210b077c34ab339d30,6.5,OVER,00-0030565,RESOLVED_GSIS,True,7.0,stats_table,0.5225920363896979,-0.5,false,OVER,WIN,0.8620689655172413,QB
7dddb296a42e7a41a774b24bd1709ce1,Tony Pollard,tonypollard,TEN,NYJ,rush_yards,player_rush_yds,52.5,63.86945743820535,39.77625078385668,25.608449082385103,25000,59.9787082242329,calibrated,nonnegative_oos_linear_blend_v2,0.5569542426070742,0.4430457573929258,0.0,3207,85.3752822682259,1,hist_gradient_boosting_lagged_player_history_v2,2026-W01 pregame,57.91962609577552,1,first_order_markov_outcome_regime_v2,2026-W01 pregame,1,prior_only,1,,0,,,,,,,,1,63.86945743820537,RB_P3_SYNTHESIS_V1,WEEK1_STACK_OVERRIDE,4.403122984438778,0,2026,1,draftkings,DraftKings,-110.0,-114.0,OVER,0.648,0.495787700084246,-110.0,-184.0909090909091,0.152212299915754,0.152212299915754,tonypollard,False,,,False,tonypollard,False,,,,,0,,,,,,,,2026-09-20T15:36:11Z,35520068364,a71609590d6f2247c2cc08210b077c34ab339d30,52,OVER,00-0035261,RESOLVED_GSIS,True,35.0,stats_table,28.86945743820535,17.5,false,UNDER,LOSS,-1.0,RB
7dddb296a42e7a41a774b24bd1709ce1,Tyjae Spears,tyjaespears,TEN,NYJ,rush_yards,player_rush_yds,24.5,28.08997526571096,19.111249575568,15.714025048192966,25000,26.218802215024105,calibrated,nonnegative_oos_linear_blend_v2,0.5569542426070742,0.4430457573929258,0.0,3207,35.1537294342626,1,hist_gradient_boosting_lagged_player_history_v2,2026-W01 pregame,41.21781728494593,1,first_order_markov_outcome_regime_v2,2026-W01 pregame,1,prior_only,1,,0,,,,,,,,1,28.08997526571096,RB_P3_SYNTHESIS_V1,WEEK1_STACK_OVERRIDE,4.267991241259982,0,2026,1,draftkings,DraftKings,-109.0,-115.0,OVER,0.5516,0.4936802190857384,-109.0,-123.01516503122212,0.0579197809142615,0.0579197809142615,tyjaespears,False,,,False,tyjaespears,False,,,,,0,,,,,,,,2026-09-20T15:36:11Z,35520068364,a71609590d6f2247c2cc08210b077c34ab339d30,23.5,OVER,00-0039032,RESOLVED_GSIS,True,12.0,stats_table,16.08997526571096,12.5,false,UNDER,LOSS,-1.0,RB
7e09efed7e12c659b82740b67ce2f9a1,C.J. Stroud,cjstroud,HOU,BUF,rush_yards,player_rush_yds,9.5,11.084048185051635,10.255780749593834,8.38306789911435,25000,11.084048185051635,calibrated,nonnegative_oos_linear_blend_v2,0.5569542426070742,0.4430457573929258,0.0,3207,12.125265834682311,1,hist_gradient_boosting_lagged_player_history_v2,2026-W01 pregame,10.165593797327544,1,first_order_markov_outcome_regime_v2,2026-W01 pregame,1,prior_only,1,,0,,,,,,,,0,,,,,0,2026,1,draftkings,DraftKings,-111.0,-113.0,OVER,0.5076,0.4978941161605526,-111.0,-103.0869212022746,0.0097058838394474,0.0097058838394474,cjstroud,False,,,False,cjstroud,False,,,,,0,,,,,,,,2026-09-20T15:36:11Z,35520068364,a71609590d6f2247c2cc08210b077c34ab339d30,10,OVER,00-0039163,RESOLVED_GSIS,True,15.0,stats_table,-3.9159518149483645,-5.5,true,OVER,WIN,0.9009009009009009,QB
7e09efed7e12c659b82740b67ce2f9a1,David Montgomery,davidmontgomery,HOU,BUF,rush_yards,player_rush_yds,55.5,36.76257121980079,30.79447843737227,16.910066304815643,25000,33.298128885323294,calibrated,nonnegative_oos_linear_blend_v2,0.5569542426070742,0.4430457573929258,0.0,3207,36.4454758934445,1,hist_gradient_boosting_lagged_player_history_v2,2026-W01 pregame,41.21781728494593,1,first_order_markov_outcome_regime_v2,2026-W01 pregame,1,prior_only,1,,0,,,,,,,,1,36.76257121980078,RB_P3_SYNTHESIS_V1,WEEK1_STACK_OVERRIDE,4.282468743994263,0,2026,1,draftkings,DraftKings,-115.0,-110.0,UNDER,0.86392,0.4947698744769875,-110.0,-634.8618459729571,0.3691501255230125,0.3691501255230125,davidmontgomery,False,,,False,davidmontgomery,False,,,,,0,,,,,,,,2026-09-20T15:36:11Z,35520068364,a71609590d6f2247c2cc08210b077c34ab339d30,55.5,UNDER,00-0035685,RESOLVED_GSIS,True,60.0,stats_table,-23.23742878019921,-4.5,false,OVER,LOSS,-1.0,RB
7e09efed7e12c659b82740b67ce2f9a1,James Cook,jamescook,BUF,HOU,rush_yards,player_rush_yds,76.5,61.57195653297394,49.15678200010685,23.42826267380285,25000,55.31213271096887,calibrated,nonnegative_oos_linear_blend_v2,0.5569542426070742,0.4430457573929258,0.0,3207,63.05004383175778,1,hist_gradient_boosting_lagged_player_history_v2,2026-W01 pregame,22.92083713808785,1,first_order_markov_outcome_regime_v2,2026-W01 pregame,1,prior_only,1,,0,,,,,,,,1,61.571956532973935,RB_P3_SYNTHESIS_V1,WEEK1_STACK_OVERRIDE,4.720848784064768,0,2026,1,draftkings,DraftKings,-114.0,-110.0,UNDER,0.75036,0.4957877000842461,-110.0,-300.57683063611603,0.2545722999157539,0.2545722999157539,jamescook,False,,,False,jamescook,False,,,,,0,,,,,,,,2026-09-20T15:36:11Z,35520068364,a71609590d6f2247c2cc08210b077c34ab339d30,75.5,UNDER,00-0037248,RESOLVED_GSIS,True,57.0,stats_table,4.5719565329739424,19.5,true,UNDER,WIN,0.9090909090909091,RB
7e09efed7e12c659b82740b67ce2f9a1,Josh Allen,joshallen,BUF,HOU,rush_yards,player_rush_yds,32.5,25.02754767565794,18.664595278710934,15.04226825086936,25000,25.02754767565794,calibrated,nonnegative_oos_linear_blend_v2,0.5569542426070742,0.4430457573929258,0.0,3207,33.02643554186883,1,hist_gradient_boosting_lagged_player_history_v2,2026-W01 pregame,23.66217145382454,1,first_order_markov_outcome_regime_v2,2026-W01 pregame,1,prior_only,1,,0,,,,,,,,0,,,,,0,2026,1,draftkings,DraftKings,-111.0,-113.0,UNDER,0.71892,0.5021058838394474,-113.0,-255.7705991176889,0.2168141161605525,0.2168141161605525,joshallen,False,,,False,joshallen,False,,,,,0,,,,,,,,2026-09-20T15:36:11Z,35520068364,a71609590d6f2247c2cc08210b077c34ab339d30,31.5,UNDER,00-0034857,RESOLVED_GSIS,True,23.0,stats_table,2.0275476756579387,9.5,true,UNDER,WIN,0.8849557522123894,QB
7e09efed7e12c659b82740b67ce2f9a1,Woody Marks,woodymarks,HOU,BUF,rush_yards,player_rush_yds,27.5,43.537256045210825,30.624366011815784,18.65313390798064,25000,39.90525314780383,calibrated,nonnegative_oos_linear_blend_v2,0.5569542426070742,0.4430457573929258,0.0,3207,51.57228613320649,1,hist_gradient_boosting_lagged_player_history_v2,2026-W01 pregame,57.91962609577552,1,first_order_markov_outcome_regime_v2,2026-W01 pregame,1,prior_only,1,,0,,,,,,,,1,43.537256045210825,RB_P3_SYNTHESIS_V1,WEEK1_STACK_OVERRIDE,3.755362596825028,0,2026,1,draftkings,DraftKings,-112.0,-112.0,OVER,0.79876,0.5,-112.0,-396.9191015702645,0.29876,0.29876,woodymarks,False,,,False,woodymarks,False,,,,,0,,,,,,,,2026-09-20T15:36:11Z,35520068364,a71609590d6f2247c2cc08210b077c34ab339d30,27,OVER,00-0040583,RESOLVED_GSIS,True,42.0,stats_table,1.5372560452108246,-14.5,true,OVER,WIN,0.8928571428571429,RB
95c01d1bb797d6df14824b106c5a9130,Aaron Rodgers,aaronrodgers,PIT,ATL,rush_yards,player_rush_yds,0.5,6.294606326950753,1.196340759492172,9.237649666927297,25000,6.294606326950753,calibrated,nonnegative_oos_linear_blend_v2,0.5569542426070742,0.4430457573929258,0.0,3207,12.703652323559496,1,hist_gradient_boosting_lagged_player_history_v2,2026-W01 pregame,23.66217145382454,1,first_order_markov_outcome_regime_v2,2026-W01 pregame,1,prior_only,1,,0,,,,,,,,0,,,,,0,2026,1,draftkings,DraftKings,-105.0,-119.0,OVER,0.48636,0.4852289512555391,-105.0,105.60901389916933,0.0011310487444609,0.0011310487444609,aaronrodgers,False,,,False,aaronrodgers,False,,,,,0,,,,,,,,2026-09-20T15:36:11Z,35520068364,a71609590d6f2247c2cc08210b077c34ab339d30,0.5,OVER,00-0023459,RESOLVED_GSIS,True,-3.0,stats_table,9.294606326950753,3.5,false,UNDER,LOSS,-1.0,QB
95c01d1bb797d6df14824b106c5a9130,Bijan Robinson,bijanrobinson,ATL,PIT,rush_yards,player_rush_yds,79.5,57.0569756066575,58.43035870028821,20.05783372045741,25000,54.53078414903233,calibrated,nonnegative_oos_linear_blend_v2,0.5569542426070742,0.4430457573929258,0.0,3207,49.628616473474736,1,hist_gradient_boosting_lagged_player_history_v2,2026-W01 pregame,41.21781728494593,1,first_order_markov_outcome_regime_v2,2026-W01 pregame,1,prior_only,1,,0,,,,,,,,1,57.05697560665752,RB_P3_SYNTHESIS_V1,WEEK1_STACK_OVERRIDE,3.842760480824986,0,2026,1,draftkings,DraftKings,-113.0,-111.0,UNDER,0.86348,0.4978941161605525,-111.0,-632.4934075593321,0.3655858838394474,0.3655858838394474,bijanrobinson,False,,,False,bijanrobinson,False,,,,,0,,,,,,,,2026-09-20T15:36:11Z,35520068364,a71609590d6f2247c2cc08210b077c34ab339d30,78.5,UNDER,00-0038542,RESOLVED_GSIS,True,83.0,stats_table,-25.943024393342498,-3.5,false,OVER,LOSS,-1.0,RB
95c01d1bb797d6df14824b106c5a9130,Brian Robinson Jr.,brianrobinsonjr,ATL,PIT,rush_yards,player_rush_yds,19.5,25.913564647034825,24.923050770334484,13.038042199978982,25000,24.923050770334484,calibrated,nonnegative_oos_linear_blend_v2,1.0,0.0,0.0,3207,,0,,,,0,,,0,,0,,0,,,,,,,,1,25.91356464703483,RB_P3_SYNTHESIS_V1,WEEK1_STACK_OVERRIDE,4.979339952324223,0,2026,1,draftkings,DraftKings,-114.0,-110.0,OVER,0.65604,0.5042122999157539,-114.0,-190.7314804046982,0.151827700084246,0.151827700084246,brianrobinson,False,,,False,brianrobinson,False,,,,,0,,,,,,,,2026-09-20T15:36:11Z,35520068364,a71609590d6f2247c2cc08210b077c34ab339d30,19.5,OVER,00-0037746,RESOLVED_GSIS,True,31.0,stats_table,-5.086435352965175,-11.5,true,OVER,WIN,0.8771929824561403,RB
95c01d1bb797d6df14824b106c5a9130,Jaylen Warren,jaylenwarren,PIT,ATL,rush_yards,player_rush_yds,41.5,43.03227602469333,29.425417523182304,20.294150645352232,25000,41.71667625773887,calibrated,nonnegative_oos_linear_blend_v2,0.5569542426070742,0.4430457573929258,0.0,3207,57.16805703491962,1,hist_gradient_boosting_lagged_player_history_v2,2026-W01 pregame,57.91962609577552,1,first_order_markov_outcome_regime_v2,2026-W01 pregame,1,prior_only,1,,0,,,,,,,,1,43.03227602469333,RB_P3_SYNTHESIS_V1,WEEK1_STACK_OVERRIDE,3.4352145893771207,0,2026,1,fanduel,FanDuel,-114.0,-114.0,OVER,0.4898,0.5,-114.0,104.1649652919559,-0.0101999999999999,0.0101999999999999,jaylenwarren,False,,,False,jaylenwarren,False,,,,,0,,,,,,,,2026-09-20T15:36:11Z,35520068364,a71609590d6f2247c2cc08210b077c34ab339d30,42.5,OVER,00-0037228,RESOLVED_GSIS,True,46.0,stats_table,-2.9677239753066686,-4.5,true,OVER,WIN,0.8771929824561403,RB
95c01d1bb797d6df14824b106c5a9130,Rico Dowdle,ricodowdle,PIT,ATL,rush_yards,player_rush_yds,44.5,40.508797100463504,27.552182051524525,19.783864413062453,25000,39.25853004302735,calibrated,nonnegative_oos_linear_blend_v2,0.5569542426070742,0.4430457573929258,0.0,3207,53.97461764912076,1,hist_gradient_boosting_lagged_player_history_v2,2026-W01 pregame,22.92083713808785,1,first_order_markov_outcome_regime_v2,2026-W01 pregame,1,prior_only,1,,0,,,,,,,,1,40.5087971004635,RB_P3_SYNTHESIS_V1,WEEK1_STACK_OVERRIDE,4.134322283586604,0,2026,1,draftkings,DraftKings,-111.0,-113.0,UNDER,0.61712,0.5021058838394474,-113.0,-161.17843710823234,0.1150141161605525,0.1150141161605525,ricodowdle,False,,,False,ricodowdle,False,,,,,0,,,,,,,,2026-09-20T15:36:11Z,35520068364,a71609590d6f2247c2cc08210b077c34ab339d30,45,UNDER,00-0036139,RESOLVED_GSIS,True,15.0,stats_table,25.508797100463504,29.5,true,UNDER,WIN,0.8849557522123894,RB
b6cfdcbafa61ce220ba87dc2d9b80c77,Daniel Jones,danieljones,IND,BAL,rush_yards,player_rush_yds,12.5,14.117847594181663,8.099613633262758,11.278302524597342,25000,14.11784759418166,calibrated,nonnegative_oos_linear_blend_v2,0.5569542426070742,0.4430457573929258,0.0,3207,21.683388808840142,1,hist_gradient_boosting_lagged_player_history_v2,2026-W01 pregame,10.165593797327544,1,first_order_markov_outcome_regime_v2,2026-W01 pregame,1,prior_only,1,,0,,,,,,,,0,,,,,0,2026,1,draftkings,DraftKings,-115.0,-109.0,OVER,0.49008,0.5063197809142617,-115.0,104.04831864185437,-0.0162397809142616,0.0162397809142616,danieljones,False,,,False,danieljones,False,,,,,0,,,,,,,,2026-09-20T15:36:11Z,35520068364,a71609590d6f2247c2cc08210b077c34ab339d30,12.5,OVER,00-0035710,RESOLVED_GSIS,True,4.0,stats_table,10.117847594181663,8.5,false,UNDER,LOSS,-1.0,QB
b6cfdcbafa61ce220ba87dc2d9b80c77,Derrick Henry,derrickhenry,BAL,IND,rush_yards,player_rush_yds,80.5,69.70428734397144,51.8098579247649,25.831550796576423,25000,64.59974303912581,calibrated,nonnegative_oos_linear_blend_v2,0.5569542426070742,0.4430457573929258,0.0,3207,80.67794863761175,1,hist_gradient_boosting_lagged_player_history_v2,2026-W01 pregame,57.91962609577552,1,first_order_markov_outcome_regime_v2,2026-W01 pregame,1,prior_only,1,,0,,,,,,,,1,69.70428734397144,RB_P3_SYNTHESIS_V1,WEEK1_STACK_OVERRIDE,4.154419397964689,0,2026,1,draftkings,DraftKings,-112.0,-112.0,UNDER,0.68292,0.5,-112.0,-215.3778226315125,0.1829199999999999,0.1829199999999999,derrickhenry,False,,,False,derrickhenry,False,,,,,0,,,,,,,,2026-09-20T15:36:11Z,35520068364,a71609590d6f2247c2cc08210b077c34ab339d30,80.5,UNDER,00-0032764,RESOLVED_GSIS,True,144.0,stats_table,-74.29571265602856,-63.5,false,OVER,LOSS,-1.0,RB
b6cfdcbafa61ce220ba87dc2d9b80c77,Jonathan Taylor,jonathantaylor,IND,BAL,rush_yards,player_rush_yds,75.5,51.1650010800905,44.91587977386158,19.96109680236744,25000,46.14723893050379,calibrated,nonnegative_oos_linear_blend_v2,0.5569542426070742,0.4430457573929258,0.0,3207,47.69518447567854,1,hist_gradient_boosting_lagged_player_history_v2,2026-W01 pregame,41.21781728494593,1,first_order_markov_outcome_regime_v2,2026-W01 pregame,1,prior_only,1,,0,,,,,,,,1,51.1650010800905,RB_P3_SYNTHESIS_V1,WEEK1_STACK_OVERRIDE,3.431233546229731,0,2026,1,draftkings,DraftKings,-114.0,-110.0,UNDER,0.88344,0.4957877000842461,-110.0,-757.9272477693892,0.3876522999157539,0.3876522999157539,jonathantaylor,False,,,False,jonathantaylor,False,,,,,0,,,,,,,,2026-09-20T15:36:11Z,35520068364,a71609590d6f2247c2cc08210b077c34ab339d30,76,UNDER,00-0036223,RESOLVED_GSIS,True,98.0,stats_table,-46.8349989199095,-22.5,false,OVER,LOSS,-1.0,RB
b6cfdcbafa61ce220ba87dc2d9b80c77,Justice Hill,justicehill,BAL,IND,rush_yards,player_rush_yds,8.5,14.332109563849052,16.50281448630292,9.25105414571483,25000,12.733992473865188,calibrated,nonnegative_oos_linear_blend_v2,0.5569542426070742,0.4430457573929258,0.0,3207,7.996194234220784,1,hist_gradient_boosting_lagged_player_history_v2,2026-W01 pregame,22.92083713808785,1,first_order_markov_outcome_regime_v2,2026-W01 pregame,1,prior_only,1,,0,,,,,,,,1,14.332109563849048,RB_P3_SYNTHESIS_V1,WEEK1_STACK_OVERRIDE,5.74821177527393,0,2026,1,draftkings,DraftKings,-120.0,-105.0,OVER,0.69744,0.5157232704402516,-120.0,-230.5129561078793,0.1817167295597483,0.1817167295597483,justicehill,False,,,False,justicehill,False,,,,,0,,,,,,,,2026-09-20T15:36:11Z,35520068364,a71609590d6f2247c2cc08210b077c34ab339d30,8.5,OVER,00-0034975,RESOLVED_GSIS,True,18.0,stats_table,-3.667890436150948,-9.5,true,OVER,WIN,0.8333333333333334,RB
b6cfdcbafa61ce220ba87dc2d9b80c77,Lamar Jackson,lamarjackson,BAL,IND,rush_yards,player_rush_yds,40.5,20.17050281679648,16.358446173381008,13.011429962190537,25000,20.17050281679648,calibrated,nonnegative_oos_linear_blend_v2,0.5569542426070742,0.4430457573929258,0.0,3207,24.96265144971019,1,hist_gradient_boosting_lagged_player_history_v2,2026-W01 pregame,17.254891640866873,1,first_order_markov_outcome_regime_v2,2026-W01 pregame,1,prior_only,1,,0,,,,,,,,0,,,,,0,2026,1,draftkings,DraftKings,-109.0,-116.0,UNDER,0.92396,0.5073240143969198,-116.0,-1215.097317201473,0.4166359856030802,0.4166359856030802,lamarjackson,False,,,False,lamarjackson,False,,,,,0,,,,,,,,2026-09-20T15:36:11Z,35520068364,a71609590d6f2247c2cc08210b077c34ab339d30,40.5,UNDER,00-0034796,RESOLVED_GSIS,True,40.0,stats_table,-19.82949718320352,0.5,false,UNDER,WIN,0.8620689655172413,QB
c1d3fcec25aaeb06ebd2244d33d338e0,Jahmyr Gibbs,jahmyrgibbs,DET,NO,rush_yards,player_rush_yds,86.5,59.468764653140845,46.436618626434914,23.03437547661834,25000,55.35258462616417,calibrated,nonnegative_oos_linear_blend_v2,0.5569542426070742,0.4430457573929258,0.0,3207,66.56087408075793,1,hist_gradient_boosting_lagged_player_history_v2,2026-W01 pregame,57.91962609577552,1,first_order_markov_outcome_regime_v2,2026-W01 pregame,1,prior_only,1,,0,,,,,,,,1,59.46876465314085,RB_P3_SYNTHESIS_V1,WEEK1_STACK_OVERRIDE,4.35691865667896,0,2026,1,draftkings,DraftKings,-110.0,-115.0,UNDER,0.87468,0.5052301255230125,-115.0,-697.9572294924993,0.3694498744769875,0.3694498744769875,jahmyrgibbs,False,,,False,jahmyrgibbs,False,,,,,0,,,,,,,,2026-09-20T15:36:11Z,35520068364,a71609590d6f2247c2cc08210b077c34ab339d30,85,UNDER,00-0039139,RESOLVED_GSIS,True,156.0,stats_table,-96.53123534685915,-69.5,false,OVER,LOSS,-1.0,RB
c1d3fcec25aaeb06ebd2244d33d338e0,Jared Goff,jaredgoff,DET,NO,rush_yards,player_rush_yds,0.5,4.610204574269417,4.781864834101614,4.168766592900022,25000,4.610204574269417,calibrated,nonnegative_oos_linear_blend_v2,0.5569542426070742,0.4430457573929258,0.0,3207,4.394409911065402,1,hist_gradient_boosting_lagged_player_history_v2,2026-W01 pregame,10.165593797327544,1,first_order_markov_outcome_regime_v2,2026-W01 pregame,1,prior_only,1,,0,,,,,,,,0,,,,,0,2026,1,draftkings,DraftKings,134.0,-169.0,OVER,0.78824,0.4048400204677482,134.0,-372.2327162825842,0.3833999795322518,0.3833999795322518,jaredgoff,False,,,False,jaredgoff,False,,,,,0,,,,,,,,2026-09-20T15:36:11Z,35520068364,a71609590d6f2247c2cc08210b077c34ab339d30,0.5,OVER,00-0033106,RESOLVED_GSIS,True,2.0,stats_table,2.6102045742694173,-1.5,false,OVER,WIN,1.34,QB
c1d3fcec25aaeb06ebd2244d33d338e0,Travis Etienne Jr.,travisetiennejr,NO,DET,rush_yards,player_rush_yds,57.5,52.6215861011604,34.49709812021582,22.57592766186037,25000,34.49709812021582,calibrated,nonnegative_oos_linear_blend_v2,1.0,0.0,0.0,3207,,0,,,,0,,,0,,0,,0,,,,,,,,1,52.6215861011604,RB_P3_SYNTHESIS_V1,WEEK1_STACK_OVERRIDE,3.5877485438346235,0,2026,1,draftkings,DraftKings,-109.0,-115.0,UNDER,0.6146,0.5063197809142617,-115.0,-159.47067981318114,0.1082802190857383,0.1082802190857383,travisetienne,False,,,False,travisetienne,False,,,,,0,,,,,,,,2026-09-20T15:36:11Z,35520068364,a71609590d6f2247c2cc08210b077c34ab339d30,57,UNDER,00-0036973,RESOLVED_GSIS,True,46.0,stats_table,6.621586101160403,11.5,true,UNDER,WIN,0.8695652173913043,RB
c1d3fcec25aaeb06ebd2244d33d338e0,Tyler Shough,tylershough,NO,DET,rush_yards,player_rush_yds,16.5,17.199507700308377,10.69152397584998,12.571534205082294,25000,17.199507700308377,calibrated,nonnegative_oos_linear_blend_v2,0.5569542426070742,0.4430457573929258,0.0,3207,25.38071491349536,1,hist_gradient_boosting_lagged_player_history_v2,2026-W01 pregame,23.66217145382454,1,first_order_markov_outcome_regime_v2,2026-W01 pregame,1,prior_only,1,,0,,,,,,,,0,,,,,0,2026,1,fanduel,FanDuel,-114.0,-114.0,OVER,0.45688,0.5,-114.0,118.87585361582912,-0.0431199999999999,0.0431199999999999,tylershough,False,,,False,tylershough,False,,,,,0,,,,,,,,2026-09-20T15:36:11Z,35520068364,a71609590d6f2247c2cc08210b077c34ab339d30,17,OVER,00-0040743,RESOLVED_GSIS,True,8.0,stats_table,9.199507700308377,8.5,false,UNDER,LOSS,-1.0,QB
c5d95f48a16849ab6bebc68fbbfcb74a,Ashton Jeanty,ashtonjeanty,LV,MIA,rush_yards,player_rush_yds,59.5,37.71617757902,36.39279446769594,15.029089119313516,25000,35.6803401550775,calibrated,nonnegative_oos_linear_blend_v2,0.5569542426070742,0.4430457573929258,0.0,3207,34.78471155361766,1,hist_gradient_boosting_lagged_player_history_v2,2026-W01 pregame,57.91962609577552,1,first_order_markov_outcome_regime_v2,2026-W01 pregame,1,prior_only,1,,0,,,,,,,,1,37.71617757902,RB_P3_SYNTHESIS_V1,WEEK1_STACK_OVERRIDE,2.7412382389996504,0,2026,1,draftkings,DraftKings,-113.0,-111.0,UNDER,0.91592,0.4978941161605525,-111.0,-1089.343482397716,0.4180258838394474,0.4180258838394474,ashtonjeanty,False,,,False,ashtonjeanty,False,,,,,0,,,,,,,,2026-09-20T15:36:11Z,35520068364,a71609590d6f2247c2cc08210b077c34ab339d30,58,UNDER,00-0040122,RESOLVED_GSIS,True,102.0,stats_table,-64.28382242098,-42.5,false,OVER,LOSS,-1.0,RB
c5d95f48a16849ab6bebc68fbbfcb74a,De'Von Achane,devonachane,MIA,LV,rush_yards,player_rush_yds,71.5,50.87496555734741,36.62541010833011,22.772429393381167,25000,48.53646628210343,calibrated,nonnegative_oos_linear_blend_v2,0.5569542426070742,0.4430457573929258,0.0,3207,63.50989320069321,1,hist_gradient_boosting_lagged_player_history_v2,2026-W01 pregame,57.91962609577552,1,first_order_markov_outcome_regime_v2,2026-W01 pregame,1,prior_only,1,,0,,,,,,,,1,50.87496555734741,RB_P3_SYNTHESIS_V1,WEEK1_STACK_OVERRIDE,4.073659761042636,0,2026,1,draftkings,DraftKings,-114.0,-110.0,UNDER,0.81992,0.4957877000842461,-110.0,-455.3087516659263,0.3241322999157539,0.3241322999157539,devonachane,False,,,False,devonachane,False,,,,,0,,,,,,,,2026-09-20T15:36:11Z,35520068364,a71609590d6f2247c2cc08210b077c34ab339d30,70,UNDER,00-0039040,RESOLVED_GSIS,True,36.0,stats_table,14.874965557347409,35.5,true,UNDER,WIN,0.9090909090909091,RB
c5d95f48a16849ab6bebc68fbbfcb74a,Kirk Cousins,kirkcousins,LV,MIA,rush_yards,player_rush_yds,0.5,2.970580114760351,1.195835722093877,4.365771872777569,25000,2.970580114760351,calibrated,nonnegative_oos_linear_blend_v2,0.5569542426070742,0.4430457573929258,0.0,3207,5.201616982950189,1,hist_gradient_boosting_lagged_player_history_v2,2026-W01 pregame,10.165593797327544,1,first_order_markov_outcome_regime_v2,2026-W01 pregame,1,prior_only,1,,0,,,,,,,,0,,,,,0,2026,1,draftkings,DraftKings,123.0,-155.0,OVER,0.47328,0.4245400815782902,123.0,111.29141311697096,0.0487399184217097,0.0487399184217097,kirkcousins,False,,,False,kirkcousins,False,,,,,0,,,,,,,,2026-09-20T15:36:11Z,35520068364,a71609590d6f2247c2cc08210b077c34ab339d30,0.5,OVER,00-0029604,RESOLVED_GSIS,True,-6.0,stats_table,8.97058011476035,6.5,false,UNDER,LOSS,-1.0,QB
c5d95f48a16849ab6bebc68fbbfcb74a,Malik Willis,malikwillis,MIA,LV,rush_yards,player_rush_yds,40.5,18.01658079068402,10.582229453373126,14.17952527530554,25000,18.01658079068402,calibrated,nonnegative_oos_linear_blend_v2,0.5569542426070742,0.4430457573929258,0.0,3207,27.362327701142966,1,hist_gradient_boosting_lagged_player_history_v2,2026-W01 pregame,23.66217145382454,1,first_order_markov_outcome_regime_v2,2026-W01 pregame,1,prior_only,1,,0,,,,,,,,0,,,,,0,2026,1,draftkings,DraftKings,-109.0,-115.0,UNDER,0.92372,0.5063197809142617,-115.0,-1210.9596224436284,0.4174002190857383,0.4174002190857383,malikwillis,False,,,False,malikwillis,False,,,,,0,,,,,,,,2026-09-20T15:36:11Z,35520068364,a71609590d6f2247c2cc08210b077c34ab339d30,40,UNDER,00-0038128,RESOLVED_GSIS,True,39.0,stats_table,-20.98341920931598,1.5,false,UNDER,WIN,0.8695652173913043,QB
c5d95f48a16849ab6bebc68fbbfcb74a,Mike Washington Jr.,mikewashingtonjr,LV,MIA,rush_yards,player_rush_yds,27.5,15.581279901366482,23.49133139325886,8.020112052946299,25000,23.49133139325886,calibrated,nonnegative_oos_linear_blend_v2,1.0,0.0,0.0,3207,,0,,,,0,,,0,,0,,0,,,,,,,,1,15.581279901366488,RB_P3_SYNTHESIS_V1,WEEK1_STACK_OVERRIDE,5.677103247228789,0,2026,1,draftkings,DraftKings,-116.0,-109.0,UNDER,0.92044,0.4926759856030801,-109.0,-1156.9130216189044,0.4277640143969199,0.4277640143969199,mikewashington,False,,,False,mikewashington,False,,,,,0,,,,,,,,2026-09-20T15:36:11Z,35520068364,a71609590d6f2247c2cc08210b077c34ab339d30,27.5,UNDER,00-0040878,RESOLVED_GSIS,True,41.0,stats_table,-25.418720098633518,-13.5,false,OVER,LOSS,-1.0,RB
cb77efed7e711d25a72c1a2a0a1af119,Aaron Jones,aaronjones,MIN,GB,rush_yards,player_rush_yds,29.5,38.47348730057681,22.884375741970068,19.85086519718789,25000,36.74593372376227,calibrated,nonnegative_oos_linear_blend_v2,0.5569542426070742,0.4430457573929258,0.0,3207,54.17134272109124,1,hist_gradient_boosting_lagged_player_history_v2,2026-W01 pregame,57.91962609577552,1,first_order_markov_outcome_regime_v2,2026-W01 pregame,1,prior_only,1,,0,,,,,,,,1,38.47348730057681,RB_P3_SYNTHESIS_V1,WEEK1_STACK_OVERRIDE,3.3927431679771587,0,2026,1,draftkings,DraftKings,-108.0,-116.0,OVER,0.6412,0.4915711395819285,-108.0,-178.7068004459309,0.1496288604180715,0.1496288604180715,aaronjones,False,,,False,aaronjones,False,,,,,0,,,,,,,,2026-09-20T15:36:11Z,35520068364,a71609590d6f2247c2cc08210b077c34ab339d30,29.5,OVER,00-0033293,RESOLVED_GSIS,True,40.0,stats_table,-1.5265126994231935,-10.5,true,OVER,WIN,0.9259259259259259,RB
cb77efed7e711d25a72c1a2a0a1af119,Jordan Love,jordanlove,GB,MIN,rush_yards,player_rush_yds,10.5,12.027197322161904,10.776592755098934,8.774342743544981,25000,12.0271973221619,calibrated,nonnegative_oos_linear_blend_v2,0.5569542426070742,0.4430457573929258,0.0,3207,13.599336334502718,1,hist_gradient_boosting_lagged_player_history_v2,2026-W01 pregame,17.254891640866873,1,first_order_markov_outcome_regime_v2,2026-W01 pregame,1,prior_only,1,,0,,,,,,,,0,,,,,0,2026,1,draftkings,DraftKings,-106.0,-119.0,OVER,0.5084,0.4863811599061347,-106.0,-103.4174125305126,0.0220188400938652,0.0220188400938652,jordanlove,False,,,False,jordanlove,False,,,,,0,,,,,,,,2026-09-20T15:36:11Z,35520068364,a71609590d6f2247c2cc08210b077c34ab339d30,10.5,OVER,00-0036264,RESOLVED_GSIS,True,0.0,stats_table,12.027197322161904,10.5,false,UNDER,LOSS,-1.0,QB
cb77efed7e711d25a72c1a2a0a1af119,Jordan Mason,jordanmason,MIN,GB,rush_yards,player_rush_yds,44.5,34.35540822605956,23.04049297244787,18.394408539750028,25000,32.77843862005173,calibrated,nonnegative_oos_linear_blend_v2,0.5569542426070742,0.4430457573929258,0.0,3207,45.0200413263384,1,hist_gradient_boosting_lagged_player_history_v2,2026-W01 pregame,57.91962609577552,1,first_order_markov_outcome_regime_v2,2026-W01 pregame,1,prior_only,1,,0,,,,,,,,1,34.35540822605956,RB_P3_SYNTHESIS_V1,WEEK1_STACK_OVERRIDE,3.5700497943082987,0,2026,1,draftkings,DraftKings,-115.0,-109.0,UNDER,0.7352000000000001,0.4936802190857383,-109.0,-277.64350453172216,0.2415197809142617,0.2415197809142617,jordanmason,False,,,False,jordanmason,False,,,,,0,,,,,,,,2026-09-20T15:36:11Z,35520068364,a71609590d6f2247c2cc08210b077c34ab339d30,44,UNDER,00-0037525,RESOLVED_GSIS,True,59.0,stats_table,-24.64459177394044,-14.5,false,OVER,LOSS,-1.0,RB
cb77efed7e711d25a72c1a2a0a1af119,Kyler Murray,kylermurray,MIN,GB,rush_yards,player_rush_yds,23.5,20.91565247378275,12.494665710743265,15.496845588936402,25000,20.915652473782743,calibrated,nonnegative_oos_linear_blend_v2,0.5569542426070742,0.4430457573929258,0.0,3207,31.501701942378205,1,hist_gradient_boosting_lagged_player_history_v2,2026-W01 pregame,23.66217145382454,1,first_order_markov_outcome_regime_v2,2026-W01 pregame,1,prior_only,1,,0,,,,,,,,0,,,,,0,2026,1,draftkings,DraftKings,-109.0,-115.0,UNDER,0.62132,0.5063197809142617,-115.0,-164.0752086194148,0.1150002190857383,0.1150002190857383,kylermurray,False,,,False,kylermurray,False,,,,,0,,,,,,,,2026-09-20T15:36:11Z,35520068364,a71609590d6f2247c2cc08210b077c34ab339d30,23,UNDER,00-0035228,RESOLVED_GSIS,True,9.0,stats_table,11.91565247378275,14.5,true,UNDER,WIN,0.8695652173913043,QB
cb77efed7e711d25a72c1a2a0a1af119,MarShawn Lloyd,marshawnlloyd,GB,MIN,rush_yards,player_rush_yds,41.5,21.08133888702466,34.04581463637051,9.044872998985385,25000,20.29358110847729,calibrated,nonnegative_oos_linear_blend_v2,0.5569542426070742,0.4430457573929258,0.0,3207,3.0056042327829813,1,hist_gradient_boosting_lagged_player_history_v2,2026-W01 pregame,,0,first_order_markov_outcome_regime_v2,2026-W01 pregame,1,position_prior_only,1,,0,,,,,,,,1,21.081338887024668,RB_P3_SYNTHESIS_V1,WEEK1_STACK_OVERRIDE,6.0272754160073525,0,2026,1,draftkings,DraftKings,-115.0,-109.0,UNDER,0.97808,0.4936802190857383,-109.0,-4462.043795620428,0.4843997809142616,0.4843997809142616,marshawnlloyd,False,,,False,marshawnlloyd,False,,,,,0,,,,,,,,2026-09-20T15:36:11Z,35520068364,a71609590d6f2247c2cc08210b077c34ab339d30,42.5,UNDER,00-0039811,RESOLVED_GSIS,True,37.0,stats_table,-15.91866111297534,4.5,false,UNDER,WIN,0.9174311926605505,RB
e55c6fe19fce094ce214c8b0e5b504e9,Bhayshul Tuten,bhayshultuten,JAX,CLE,rush_yards,player_rush_yds,48.5,24.769012104767807,23.08793103557944,12.30020183298523,25000,24.30732499545377,calibrated,nonnegative_oos_linear_blend_v2,0.5569542426070742,0.4430457573929258,0.0,3207,25.84022905339543,1,hist_gradient_boosting_lagged_player_history_v2,2026-W01 pregame,41.21781728494593,1,first_order_markov_outcome_regime_v2,2026-W01 pregame,1,prior_only,1,,0,,,,,,,,1,24.76901210476781,RB_P3_SYNTHESIS_V1,WEEK1_STACK_OVERRIDE,4.025129745561755,0,2026,1,draftkings,DraftKings,-112.0,-112.0,UNDER,0.96032,0.5,-112.0,-2420.1612903225778,0.4603199999999999,0.4603199999999999,bhayshultuten,False,,,False,bhayshultuten,False,,,,,0,,,,,,,,2026-09-20T15:36:11Z,35520068364,a71609590d6f2247c2cc08210b077c34ab339d30,48.5,UNDER,00-0040719,RESOLVED_GSIS,True,66.0,stats_table,-41.23098789523219,-17.5,false,OVER,LOSS,-1.0,RB
e55c6fe19fce094ce214c8b0e5b504e9,Chris Rodriguez Jr.,chrisrodriguezjr,JAX,CLE,rush_yards,player_rush_yds,36.5,21.46740505274685,35.041086059743485,9.212840370739418,25000,35.041086059743485,calibrated,nonnegative_oos_linear_blend_v2,1.0,0.0,0.0,3207,,0,,,,0,,,0,,0,,0,,,,,,,,1,21.46740505274685,RB_P3_SYNTHESIS_V1,WEEK1_STACK_OVERRIDE,6.166156458311598,0,2026,1,draftkings,DraftKings,-113.0,-111.0,UNDER,0.937,0.4978941161605525,-111.0,-1487.3015873015886,0.4391058838394475,0.4391058838394475,chrisrodriguez,False,,,False,chrisrodriguez,False,,,,,0,,,,,,,,2026-09-20T15:36:11Z,35520068364,a71609590d6f2247c2cc08210b077c34ab339d30,36.5,UNDER,00-0038611,RESOLVED_GSIS,True,23.0,stats_table,-1.5325949472531484,13.5,true,UNDER,WIN,0.9009009009009009,RB
e55c6fe19fce094ce214c8b0e5b504e9,Deshaun Watson,deshaunwatson,CLE,JAX,rush_yards,player_rush_yds,19.5,4.404398784141437,7.547055975134383,3.714032333076693,25000,4.404398784141437,calibrated,nonnegative_oos_linear_blend_v2,0.5569542426070742,0.4430457573929258,0.0,3207,0.4537543498446837,1,hist_gradient_boosting_lagged_player_history_v2,2026-W01 pregame,,0,first_order_markov_outcome_regime_v2,2026-W01 pregame,1,position_prior_only,1,,0,,,,,,,,0,,,,,0,2026,1,draftkings,DraftKings,-111.0,-113.0,UNDER,0.99776,0.5021058838394474,-113.0,-44542.857142856745,0.4956541161605525,0.4956541161605525,deshaunwatson,False,,,False,deshaunwatson,False,,,,,0,,,,,,,,2026-09-20T15:36:11Z,35520068364,a71609590d6f2247c2cc08210b077c34ab339d30,19,UNDER,00-0033537,RESOLVED_GSIS,True,38.0,stats_table,-33.595601215858565,-18.5,false,OVER,LOSS,-1.0,QB
e55c6fe19fce094ce214c8b0e5b504e9,Quinshon Judkins,quinshonjudkins,CLE,JAX,rush_yards,player_rush_yds,57.5,34.53527685635013,29.941365638501203,15.01089234428142,25000,32.944054945008176,calibrated,nonnegative_oos_linear_blend_v2,0.5569542426070742,0.4430457573929258,0.0,3207,36.71874530279616,1,hist_gradient_boosting_lagged_player_history_v2,2026-W01 pregame,41.21781728494593,1,first_order_markov_outcome_regime_v2,2026-W01 pregame,1,prior_only,1,,0,,,,,,,,1,34.53527685635014,RB_P3_SYNTHESIS_V1,WEEK1_STACK_OVERRIDE,4.062917902312627,0,2026,1,draftkings,DraftKings,-113.0,-111.0,UNDER,0.9264,0.4978941161605525,-111.0,-1258.695652173913,0.4285058838394474,0.4285058838394474,quinshonjudkins,False,,,False,quinshonjudkins,False,,,,,0,,,,,,,,2026-09-20T15:36:11Z,35520068364,a71609590d6f2247c2cc08210b077c34ab339d30,58,UNDER,00-0040784,RESOLVED_GSIS,True,33.0,stats_table,1.53527685635013,24.5,true,UNDER,WIN,0.9009009009009009,RB
e55c6fe19fce094ce214c8b0e5b504e9,Trevor Lawrence,trevorlawrence,JAX,CLE,rush_yards,player_rush_yds,17.5,19.22464397784024,15.821780720756909,11.924542987104696,25000,19.22464397784024,calibrated,nonnegative_oos_linear_blend_v2,0.5569542426070742,0.4430457573929258,0.0,3207,23.502394292382697,1,hist_gradient_boosting_lagged_player_history_v2,2026-W01 pregame,17.254891640866873,1,first_order_markov_outcome_regime_v2,2026-W01 pregame,1,prior_only,1,,0,,,,,,,,0,,,,,0,2026,1,draftkings,DraftKings,-113.0,-111.0,OVER,0.50692,0.5021058838394474,-113.0,-102.8068467591466,0.0048141161605526,0.0048141161605526,trevorlawrence,False,,,False,trevorlawrence,False,,,,,0,,,,,,,,2026-09-20T15:36:11Z,35520068364,a71609590d6f2247c2cc08210b077c34ab339d30,17,OVER,00-0036971,RESOLVED_GSIS,True,3.0,stats_table,16.22464397784024,14.5,false,UNDER,LOSS,-1.0,QB
ed6d24ff979f9c71979fead577b0b3f7,Baker Mayfield,bakermayfield,TB,CIN,rush_yards,player_rush_yds,16.5,18.90023459895198,12.661749920551486,15.159225219306736,25000,18.90023459895198,calibrated,nonnegative_oos_linear_blend_v2,0.5569542426070742,0.4430457573929258,0.0,3207,26.74265369697055,1,hist_gradient_boosting_lagged_player_history_v2,2026-W01 pregame,23.66217145382454,1,first_order_markov_outcome_regime_v2,2026-W01 pregame,1,prior_only,1,,0,,,,,,,,0,,,,,0,2026,1,draftkings,DraftKings,-114.0,-110.0,OVER,0.48996,0.5042122999157539,-114.0,104.09829373826436,-0.0142522999157538,0.0142522999157538,bakermayfield,False,,,False,bakermayfield,False,,,,,0,,,,,,,,2026-09-20T15:36:11Z,35520068364,a71609590d6f2247c2cc08210b077c34ab339d30,16,OVER,00-0034855,RESOLVED_GSIS,True,30.0,stats_table,-11.099765401048021,-13.5,true,OVER,WIN,0.8771929824561403,QB
ed6d24ff979f9c71979fead577b0b3f7,Bucky Irving,buckyirving,TB,CIN,rush_yards,player_rush_yds,59.5,49.30183795876992,33.876128510129824,20.088436144339088,25000,44.98907144805115,calibrated,nonnegative_oos_linear_blend_v2,0.5569542426070742,0.4430457573929258,0.0,3207,58.95918765804883,1,hist_gradient_boosting_lagged_player_history_v2,2026-W01 pregame,57.91962609577552,1,first_order_markov_outcome_regime_v2,2026-W01 pregame,1,prior_only,1,,0,,,,,,,,1,49.30183795876992,RB_P3_SYNTHESIS_V1,WEEK1_STACK_OVERRIDE,4.437900824495128,0,2026,1,draftkings,DraftKings,-114.0,-110.0,UNDER,0.70984,0.4957877000842461,-110.0,-244.63744141163505,0.2140522999157539,0.2140522999157539,buckyirving,False,,,False,buckyirving,False,,,,,0,,,,,,,,2026-09-20T15:36:11Z,35520068364,a71609590d6f2247c2cc08210b077c34ab339d30,58.5,UNDER,00-0039361,RESOLVED_GSIS,True,45.0,stats_table,4.301837958769923,14.5,true,UNDER,WIN,0.9090909090909091,RB
ed6d24ff979f9c71979fead577b0b3f7,Chase Brown,chasebrown,CIN,TB,rush_yards,player_rush_yds,61.5,66.35682567344531,47.17758356121755,24.73645440987988,25000,61.72018481703512,calibrated,nonnegative_oos_linear_blend_v2,0.5569542426070742,0.4430457573929258,0.0,3207,80.00173549846342,1,hist_gradient_boosting_lagged_player_history_v2,2026-W01 pregame,57.91962609577552,1,first_order_markov_outcome_regime_v2,2026-W01 pregame,1,prior_only,1,,0,,,,,,,,1,66.35682567344531,RB_P3_SYNTHESIS_V1,WEEK1_STACK_OVERRIDE,4.657254087644111,0,2026,1,draftkings,DraftKings,-111.0,-113.0,OVER,0.54564,0.4978941161605526,-111.0,-120.08979663702792,0.0477458838394473,0.0477458838394473,chasebrown,False,,,False,chasebrown,False,,,,,0,,,,,,,,2026-09-20T15:36:11Z,35520068364,a71609590d6f2247c2cc08210b077c34ab339d30,59,OVER,00-0038597,RESOLVED_GSIS,True,56.0,stats_table,10.356825673445314,5.5,false,UNDER,LOSS,-1.0,RB
ed6d24ff979f9c71979fead577b0b3f7,Joe Burrow,joeburrow,CIN,TB,rush_yards,player_rush_yds,8.5,7.361512582743583,6.433511952691702,6.058617637753981,25000,7.3615125827435826,calibrated,nonnegative_oos_linear_blend_v2,0.5569542426070742,0.4430457573929258,0.0,3207,8.528105151174497,1,hist_gradient_boosting_lagged_player_history_v2,2026-W01 pregame,17.254891640866873,1,first_order_markov_outcome_regime_v2,2026-W01 pregame,1,prior_only,1,,0,,,,,,,,0,,,,,0,2026,1,draftkings,DraftKings,-114.0,-110.0,UNDER,0.63236,0.4957877000842461,-110.0,-172.00522250027203,0.1365722999157539,0.1365722999157539,joeburrow,False,,,False,joeburrow,False,,,,,0,,,,,,,,2026-09-20T15:36:11Z,35520068364,a71609590d6f2247c2cc08210b077c34ab339d30,8,UNDER,00-0036442,RESOLVED_GSIS,True,20.0,stats_table,-12.638487417256417,-11.5,false,OVER,LOSS,-1.0,QB
ed6d24ff979f9c71979fead577b0b3f7,Kenny Gainwell,kennygainwell,TB,CIN,rush_yards,player_rush_yds,23.5,31.61269688655127,24.33074305737639,16.63184529130622,25000,28.446695871077416,calibrated,nonnegative_oos_linear_blend_v2,0.5569542426070742,0.4430457573929258,0.0,3207,33.62087335434862,1,hist_gradient_boosting_lagged_player_history_v2,2026-W01 pregame,22.92083713808785,1,first_order_markov_outcome_regime_v2,2026-W01 pregame,1,prior_only,1,,0,,,,,,,,1,31.612696886551262,RB_P3_SYNTHESIS_V1,WEEK1_STACK_OVERRIDE,4.713473952516824,0,2026,1,draftkings,DraftKings,-113.0,-111.0,OVER,0.65724,0.5021058838394474,-113.0,-191.74932897654327,0.1551341161605526,0.1551341161605526,kennygainwell,False,,,False,kennygainwell,False,,,,,0,,,,,,,,2026-09-20T15:36:11Z,35520068364,a71609590d6f2247c2cc08210b077c34ab339d30,22,OVER,00-0036919,RESOLVED_GSIS,True,15.0,stats_table,16.61269688655127,8.5,false,UNDER,LOSS,-1.0,RB
ed6d24ff979f9c71979fead577b0b3f7,Samaje Perine,samajeperine,CIN,TB,rush_yards,player_rush_yds,18.5,41.36222732457954,26.930934610578376,20.283929318815947,25000,38.74103051433918,calibrated,nonnegative_oos_linear_blend_v2,0.5569542426070742,0.4430457573929258,0.0,3207,53.58753995368459,1,hist_gradient_boosting_lagged_player_history_v2,2026-W01 pregame,41.21781728494593,1,first_order_markov_outcome_regime_v2,2026-W01 pregame,1,prior_only,1,,0,,,,,,,,1,41.36222732457954,RB_P3_SYNTHESIS_V1,WEEK1_STACK_OVERRIDE,5.031464165546512,0,2026,1,draftkings,DraftKings,-113.0,-111.0,OVER,0.87976,0.5021058838394474,-113.0,-731.66999334664,0.3776541161605525,0.3776541161605525,samajeperine,False,,,False,samajeperine,False,,,,,0,,,,,,,,2026-09-20T15:36:11Z,35520068364,a71609590d6f2247c2cc08210b077c34ab339d30,18.5,OVER,00-0033526,RESOLVED_GSIS,True,20.0,stats_table,21.362227324579543,-1.5,false,OVER,WIN,0.8849557522123894,RB
fc362aff0d889ec52d358307a70c32ed,Bryce Young,bryceyoung,CAR,CHI,rush_yards,player_rush_yds,14.5,14.644772952162263,10.071427676159344,10.81189327989147,25000,14.644772952162263,calibrated,nonnegative_oos_linear_blend_v2,0.5569542426070742,0.4430457573929258,0.0,3207,20.39393996679604,1,hist_gradient_boosting_lagged_player_history_v2,2026-W01 pregame,10.165593797327544,1,first_order_markov_outcome_regime_v2,2026-W01 pregame,1,prior_only,1,,0,,,,,,,,0,,,,,0,2026,1,draftkings,DraftKings,-115.0,-109.0,OVER,0.4398,0.5063197809142617,-115.0,127.37608003638016,-0.0665197809142616,0.0665197809142616,bryceyoung,False,,,False,bryceyoung,False,,,,,0,,,,,,,,2026-09-20T15:36:11Z,35520068364,a71609590d6f2247c2cc08210b077c34ab339d30,14,OVER,00-0039150,RESOLVED_GSIS,True,10.0,stats_table,4.644772952162263,4.5,false,UNDER,LOSS,-1.0,QB
fc362aff0d889ec52d358307a70c32ed,Caleb Williams,calebwilliams,CHI,CAR,rush_yards,player_rush_yds,20.5,14.773363155061425,13.176713764618384,10.401286879262878,25000,14.773363155061425,calibrated,nonnegative_oos_linear_blend_v2,0.5569542426070742,0.4430457573929258,0.0,3207,16.780516224748965,1,hist_gradient_boosting_lagged_player_history_v2,2026-W01 pregame,10.165593797327544,1,first_order_markov_outcome_regime_v2,2026-W01 pregame,1,prior_only,1,,0,,,,,,,,0,,,,,0,2026,1,draftkings,DraftKings,-117.0,-108.0,UNDER,0.74124,0.4905802562170309,-108.0,-286.458494357706,0.250659743782969,0.250659743782969,calebwilliams,False,,,False,calebwilliams,False,,,,,0,,,,,,,,2026-09-20T15:36:11Z,35520068364,a71609590d6f2247c2cc08210b077c34ab339d30,20,UNDER,00-0039918,RESOLVED_GSIS,True,65.0,stats_table,-50.226636844938575,-44.5,false,OVER,LOSS,-1.0,QB
fc362aff0d889ec52d358307a70c32ed,Chuba Hubbard,chubahubbard,CAR,CHI,rush_yards,player_rush_yds,50.5,34.143216775699706,27.229484108979552,15.836686121353814,25000,31.37358919323217,calibrated,nonnegative_oos_linear_blend_v2,0.5569542426070742,0.4430457573929258,0.0,3207,36.58315698610705,1,hist_gradient_boosting_lagged_player_history_v2,2026-W01 pregame,22.92083713808785,1,first_order_markov_outcome_regime_v2,2026-W01 pregame,1,prior_only,1,,0,,,,,,,,1,34.1432167756997,RB_P3_SYNTHESIS_V1,WEEK1_STACK_OVERRIDE,4.347571273770443,0,2026,1,draftkings,DraftKings,-111.0,-113.0,UNDER,0.85164,0.5021058838394474,-113.0,-574.0361283364787,0.3495341161605525,0.3495341161605525,chubahubbard,False,,,False,chubahubbard,False,,,,,0,,,,,,,,2026-09-20T15:36:11Z,35520068364,a71609590d6f2247c2cc08210b077c34ab339d30,50.5,UNDER,00-0036555,RESOLVED_GSIS,True,49.0,stats_table,-14.856783224300294,1.5,false,UNDER,WIN,0.8849557522123894,RB
fc362aff0d889ec52d358307a70c32ed,D'Andre Swift,dandreswift,CHI,CAR,rush_yards,player_rush_yds,62.5,52.16969724659795,39.47036448557256,21.83327171006227,25000,46.15057727429856,calibrated,nonnegative_oos_linear_blend_v2,0.5569542426070742,0.4430457573929258,0.0,3207,54.54829419656964,1,hist_gradient_boosting_lagged_player_history_v2,2026-W01 pregame,41.21781728494593,1,first_order_markov_outcome_regime_v2,2026-W01 pregame,1,prior_only,1,,0,,,,,,,,1,52.16969724659795,RB_P3_SYNTHESIS_V1,WEEK1_STACK_OVERRIDE,4.12436178514812,0,2026,1,draftkings,DraftKings,-110.0,-114.0,UNDER,0.7030000000000001,0.504212299915754,-114.0,-236.7003367003368,0.198787700084246,0.198787700084246,dandreswift,False,,,False,dandreswift,False,,,,,0,,,,,,,,2026-09-20T15:36:11Z,35520068364,a71609590d6f2247c2cc08210b077c34ab339d30,63,UNDER,00-0036275,RESOLVED_GSIS,True,124.0,stats_table,-71.83030275340205,-61.5,false,OVER,LOSS,-1.0,RB
fc362aff0d889ec52d358307a70c32ed,Jonathon Brooks,jonathonbrooks,CAR,CHI,rush_yards,player_rush_yds,33.5,20.74045197491301,29.601196354819542,9.539432090741236,25000,17.81813209979852,calibrated,nonnegative_oos_linear_blend_v2,0.5569542426070742,0.4430457573929258,0.0,3207,3.0056042327829813,1,hist_gradient_boosting_lagged_player_history_v2,2026-W01 pregame,,0,first_order_markov_outcome_regime_v2,2026-W01 pregame,1,position_prior_only,1,,0,,,,,,,,1,20.74045197491301,RB_P3_SYNTHESIS_V1,WEEK1_STACK_OVERRIDE,6.0195136301817325,0,2026,1,draftkings,DraftKings,-114.0,-110.0,UNDER,0.90076,0.4957877000842461,-110.0,-907.658202337767,0.4049722999157539,0.4049722999157539,jonathonbrooks,False,,,False,jonathonbrooks,False,,,,,0,,,,,,,,2026-09-20T15:36:11Z,35520068364,a71609590d6f2247c2cc08210b077c34ab339d30,33,UNDER,00-0039344,RESOLVED_GSIS,True,14.0,stats_table,6.740451974913011,19.5,true,UNDER,WIN,0.9090909090909091,RB
fc362aff0d889ec52d358307a70c32ed,Kyle Monangai,kylemonangai,CHI,CAR,rush_yards,player_rush_yds,31.5,38.81923490741285,29.753789653515582,18.23451859186283,25000,34.29825412591089,calibrated,nonnegative_oos_linear_blend_v2,0.5569542426070742,0.4430457573929258,0.0,3207,40.01111498969962,1,hist_gradient_boosting_lagged_player_history_v2,2026-W01 pregame,22.92083713808785,1,first_order_markov_outcome_regime_v2,2026-W01 pregame,1,prior_only,1,,0,,,,,,,,1,38.81923490741285,RB_P3_SYNTHESIS_V1,WEEK1_STACK_OVERRIDE,4.214136999396759,0,2026,1,draftkings,DraftKings,-116.0,-108.0,OVER,0.62492,0.5084288604180714,-116.0,-166.60978991148556,0.1164911395819285,0.1164911395819285,kylemonangai,False,,,False,kylemonangai,False,,,,,0,,,,,,,,2026-09-20T15:36:11Z,35520068364,a71609590d6f2247c2cc08210b077c34ab339d30,31.5,OVER,00-0040236,RESOLVED_GSIS,True,100.0,stats_table,-61.18076509258715,-68.5,true,OVER,WIN,0.8620689655172413,RB
0283a29e1b38ef78b29b904fd56a16dd,Aaron Jones,aaronjones,MIN,CHI,rush_yards,player_rush_yds,61.5,39.39685048955659,25.561754699286286,19.01411618422284,25000,39.39685048955658,calibrated,nonnegative_oos_linear_blend_v2,0.5569542426070742,0.4430457573929258,0.0,3207,56.78899378105073,1,hist_gradient_boosting_lagged_player_history_v2,2026-W02 pregame,41.34427985892046,1,first_order_markov_outcome_regime_v2,2026-W02 pregame,1,prior+current,1,,0,,,,,,,,0,,,,,0,2026,2,draftkings,DraftKings,-112.0,-112.0,UNDER,0.87556,0.5,-112.0,-703.6001285760206,0.37556,0.37556,,,,,,,,,,,,0,,,,,,,,2026-09-22T14:30:15Z,35282021679,ca5a001bb817e495ca2d74b1e03ce43886493f43,61.5,UNDER,00-0033293,RESOLVED_GSIS,True,105.0,stats_table,-65.60314951044342,-43.5,false,OVER,LOSS,-1.0,RB
0283a29e1b38ef78b29b904fd56a16dd,Caleb Williams,calebwilliams,CHI,MIN,rush_yards,player_rush_yds,25.5,18.863907773255164,14.44758545002698,13.0038955495578,25000,18.86390777325516,calibrated,nonnegative_oos_linear_blend_v2,0.5569542426070742,0.4430457573929258,0.0,3207,24.415680730333342,1,hist_gradient_boosting_lagged_player_history_v2,2026-W02 pregame,23.34910107960389,1,first_order_markov_outcome_regime_v2,2026-W02 pregame,1,prior+current,1,,0,,,,,,,,0,,,,,0,2026,2,draftkings,DraftKings,-116.0,-108.0,UNDER,0.72416,0.4915711395819285,-108.0,-262.5290023201856,0.2325888604180714,0.2325888604180714,,,,,,,,,,,,0,,,,,,,,2026-09-22T14:30:15Z,35282021679,ca5a001bb817e495ca2d74b1e03ce43886493f43,25.5,UNDER,00-0039918,RESOLVED_GSIS,True,42.0,stats_table,-23.136092226744836,-16.5,false,OVER,LOSS,-1.0,QB
0283a29e1b38ef78b29b904fd56a16dd,Carson Wentz,carsonwentz,MIN,CHI,rush_yards,player_rush_yds,9.5,5.619021162320287,1.190639268475782,8.19296237423017,25000,5.619021162320285,calibrated,nonnegative_oos_linear_blend_v2,0.5569542426070742,0.4430457573929258,0.0,3207,11.185954244299117,1,hist_gradient_boosting_lagged_player_history_v2,2026-W02 pregame,10.269107454277156,1,first_order_markov_outcome_regime_v2,2026-W02 pregame,1,prior+current,1,,0,,,,,,,,0,,,,,0,2026,2,draftkings,DraftKings,-112.0,-112.0,UNDER,0.7480800000000001,0.5,-112.0,-296.9514131470309,0.24808,0.24808,,,,,,,,,,,,0,,,,,,,,2026-09-22T14:30:15Z,35282021679,ca5a001bb817e495ca2d74b1e03ce43886493f43,9,UNDER,00-0032950,RESOLVED_GSIS,True,6.0,stats_table,-0.38097883767971297,3.5,true,UNDER,WIN,0.8928571428571429,QB
0283a29e1b38ef78b29b904fd56a16dd,D'Andre Swift,dandreswift,CHI,MIN,rush_yards,player_rush_yds,61.5,41.94517515808499,40.32572513891974,17.74761302060047,25000,41.945175158084986,calibrated,nonnegative_oos_linear_blend_v2,0.5569542426070742,0.4430457573929258,0.0,3207,43.980990971268064,1,hist_gradient_boosting_lagged_player_history_v2,2026-W02 pregame,58.05855573171216,1,first_order_markov_outcome_regime_v2,2026-W02 pregame,1,prior+current,1,,0,,,,,,,,0,,,,,0,2026,2,draftkings,DraftKings,-110.0,-114.0,UNDER,0.86088,0.504212299915754,-114.0,-618.8039102932719,0.356667700084246,0.356667700084246,,,,,,,,,,,,0,,,,,,,,2026-09-22T14:30:15Z,35282021679,ca5a001bb817e495ca2d74b1e03ce43886493f43,61,UNDER,00-0036275,RESOLVED_GSIS,True,45.0,stats_table,-3.054824841915007,16.5,true,UNDER,WIN,0.8771929824561403,RB
0283a29e1b38ef78b29b904fd56a16dd,Kyle Monangai,kylemonangai,CHI,MIN,rush_yards,player_rush_yds,38.5,33.06291040579708,31.23311180765168,16.05476398809963,25000,33.06291040579708,calibrated,nonnegative_oos_linear_blend_v2,0.5569542426070742,0.4430457573929258,0.0,3207,35.36315609227079,1,hist_gradient_boosting_lagged_player_history_v2,2026-W02 pregame,58.05855573171216,1,first_order_markov_outcome_regime_v2,2026-W02 pregame,1,prior+current,1,,0,,,,,,,,0,,,,,0,2026,2,draftkings,DraftKings,-111.0,-113.0,UNDER,0.66316,0.5021058838394474,-113.0,-196.8768554803468,0.1610541161605525,0.1610541161605525,,,,,,,,,,,,0,,,,,,,,2026-09-22T14:30:15Z,35282021679,ca5a001bb817e495ca2d74b1e03ce43886493f43,38,UNDER,00-0040236,RESOLVED_GSIS,True,47.0,stats_table,-13.937089594202916,-8.5,false,OVER,LOSS,-1.0,RB
0636ebff776d43f8c829a36713c80b22,Bucky Irving,buckyirving,TB,CLE,rush_yards,player_rush_yds,59.5,44.40604648820884,33.539209337948634,18.299907470719404,25000,44.40604648820882,calibrated,nonnegative_oos_linear_blend_v2,0.5569542426070742,0.4430457573929258,0.0,3207,58.06678232319827,1,hist_gradient_boosting_lagged_player_history_v2,2026-W02 pregame,41.34427985892046,1,first_order_markov_outcome_regime_v2,2026-W02 pregame,1,prior+current,1,,0,,,,,,,,0,,,,,0,2026,2,draftkings,DraftKings,-112.0,-112.0,UNDER,0.80332,0.5,-112.0,-408.4401057555421,0.30332,0.30332,,,,,,,,,,,,0,,,,,,,,2026-09-22T14:30:15Z,35282021679,ca5a001bb817e495ca2d74b1e03ce43886493f43,59,UNDER,00-0039361,RESOLVED_GSIS,True,89.0,stats_table,-44.59395351179116,-29.5,false,OVER,LOSS,-1.0,RB
0636ebff776d43f8c829a36713c80b22,Quinshon Judkins,quinshonjudkins,CLE,TB,rush_yards,player_rush_yds,47.5,38.32792475114248,28.93877692399545,16.74516409950882,25000,38.32792475114246,calibrated,nonnegative_oos_linear_blend_v2,0.5569542426070742,0.4430457573929258,0.0,3207,50.13105259862745,1,hist_gradient_boosting_lagged_player_history_v2,2026-W02 pregame,41.34427985892046,1,first_order_markov_outcome_regime_v2,2026-W02 pregame,1,prior+current,1,,0,,,,,,,,0,,,,,0,2026,2,draftkings,DraftKings,-111.0,-113.0,UNDER,0.72428,0.5021058838394474,-113.0,-262.68678369360225,0.2221741161605526,0.2221741161605526,,,,,,,,,,,,0,,,,,,,,2026-09-22T14:30:15Z,35282021679,ca5a001bb817e495ca2d74b1e03ce43886493f43,47.5,UNDER,00-0040784,RESOLVED_GSIS,True,21.0,stats_table,17.327924751142483,26.5,true,UNDER,WIN,0.8849557522123894,RB
1fd6628c781f556a7a19638e97d7107f,Bhayshul Tuten,bhayshultuten,JAX,DEN,rush_yards,player_rush_yds,49.5,29.887343796369187,25.142345394726647,14.52030816495183,25000,29.887343796369183,calibrated,nonnegative_oos_linear_blend_v2,0.5569542426070742,0.4430457573929258,0.0,3207,35.852296505790605,1,hist_gradient_boosting_lagged_player_history_v2,2026-W02 pregame,58.05855573171216,1,first_order_markov_outcome_regime_v2,2026-W02 pregame,1,prior+current,1,,0,,,,,,,,0,,,,,0,2026,2,draftkings,DraftKings,-114.0,-110.0,UNDER,0.9,0.4957877000842461,-110.0,-900.0000000000002,0.4042122999157539,0.4042122999157539,,,,,,,,,,,,0,,,,,,,,2026-09-22T14:30:15Z,35282021679,ca5a001bb817e495ca2d74b1e03ce43886493f43,49,UNDER,00-0040719,RESOLVED_GSIS,True,65.0,stats_table,-35.11265620363081,-15.5,false,OVER,LOSS,-1.0,RB
1fd6628c781f556a7a19638e97d7107f,Bo Nix,bonix,DEN,JAX,rush_yards,player_rush_yds,17.5,15.164351351676768,10.805480840494088,10.637940116795548,25000,15.164351351676771,calibrated,nonnegative_oos_linear_blend_v2,0.5569542426070742,0.4430457573929258,0.0,3207,20.64390145156635,1,hist_gradient_boosting_lagged_player_history_v2,2026-W02 pregame,10.269107454277156,1,first_order_markov_outcome_regime_v2,2026-W02 pregame,1,prior+current,1,,0,,,,,,,,0,,,,,0,2026,2,draftkings,DraftKings,-117.0,-107.0,UNDER,0.6389199999999999,0.4894599266410894,-107.0,-176.9469369668771,0.1494600733589105,0.1494600733589105,,,,,,,,,,,,0,,,,,,,,2026-09-22T14:30:15Z,35282021679,ca5a001bb817e495ca2d74b1e03ce43886493f43,17.5,UNDER,00-0039732,RESOLVED_GSIS,True,6.0,stats_table,9.164351351676768,11.5,true,UNDER,WIN,0.9345794392523364,QB
1fd6628c781f556a7a19638e97d7107f,Chris Rodriguez Jr.,chrisrodriguezjr,JAX,DEN,rush_yards,player_rush_yds,24.5,34.21751876840772,32.846876218881675,15.294041184379086,25000,34.21751876840773,calibrated,nonnegative_oos_linear_blend_v2,0.5569542426070742,0.4430457573929258,0.0,3207,35.94055791350283,1,hist_gradient_boosting_lagged_player_history_v2,2026-W02 pregame,41.34427985892046,1,first_order_markov_outcome_regime_v2,2026-W02 pregame,1,prior+current,1,,0,,,,,,,,0,,,,,0,2026,2,draftkings,DraftKings,-116.0,-108.0,OVER,0.72048,0.5084288604180714,-116.0,-257.7561534058386,0.2120511395819285,0.2120511395819285,,,,,,,,,,,,0,,,,,,,,2026-09-22T14:30:15Z,35282021679,ca5a001bb817e495ca2d74b1e03ce43886493f43,24.5,OVER,00-0038611,RESOLVED_GSIS,True,13.0,stats_table,21.21751876840772,11.5,false,UNDER,LOSS,-1.0,RB
1fd6628c781f556a7a19638e97d7107f,J.K. Dobbins,jkdobbins,DEN,JAX,rush_yards,player_rush_yds,58.5,56.21415855922633,38.531933330129554,23.881366658478225,25000,56.21415855922633,calibrated,nonnegative_oos_linear_blend_v2,0.5569542426070742,0.4430457573929258,0.0,3207,78.44254060723495,1,hist_gradient_boosting_lagged_player_history_v2,2026-W02 pregame,41.34427985892046,1,first_order_markov_outcome_regime_v2,2026-W02 pregame,1,prior+current,1,,0,,,,,,,,0,,,,,0,2026,2,draftkings,DraftKings,-112.0,-112.0,UNDER,0.56996,0.5,-112.0,-132.5365082317924,0.06996,0.06996,,,,,,,,,,,,0,,,,,,,,2026-09-22T14:30:15Z,35282021679,ca5a001bb817e495ca2d74b1e03ce43886493f43,59,UNDER,00-0036158,RESOLVED_GSIS,True,36.0,stats_table,20.214158559226327,22.5,true,UNDER,WIN,0.8928571428571429,RB
1fd6628c781f556a7a19638e97d7107f,Trevor Lawrence,trevorlawrence,JAX,DEN,rush_yards,player_rush_yds,15.5,18.12766574654812,14.015208541707132,11.701405035404406,25000,18.12766574654812,calibrated,nonnegative_oos_linear_blend_v2,0.5569542426070742,0.4430457573929258,0.0,3207,23.29744888870984,1,hist_gradient_boosting_lagged_player_history_v2,2026-W02 pregame,10.269107454277156,1,first_order_markov_outcome_regime_v2,2026-W02 pregame,1,prior+current,1,,0,,,,,,,,0,,,,,0,2026,2,fanduel,FanDuel,-114.0,-114.0,OVER,0.53556,0.5,-114.0,-115.31306519679616,0.03556,0.03556,,,,,,,,,,,,0,,,,,,,,2026-09-22T14:30:15Z,35282021679,ca5a001bb817e495ca2d74b1e03ce43886493f43,15.5,OVER,00-0036971,RESOLVED_GSIS,True,6.0,stats_table,12.127665746548121,9.5,false,UNDER,LOSS,-1.0,QB
2143ade9684fd876b68a4e8cbf451f05,Alvin Kamara,alvinkamara,NO,BAL,rush_yards,player_rush_yds,17.5,32.72617952554013,31.53787676437044,14.347774243721494,25000,32.72617952554013,calibrated,nonnegative_oos_linear_blend_v2,0.5569542426070742,0.4430457573929258,0.0,3207,34.219998737870846,1,hist_gradient_boosting_lagged_player_history_v2,2026-W02 pregame,23.01739326735847,1,first_order_markov_outcome_regime_v2,2026-W02 pregame,1,prior_only,1,,0,,,,,,,,0,,,,,0,2026,2,draftkings,DraftKings,-113.0,-111.0,OVER,0.86116,0.5021058838394474,-113.0,-620.2535292422934,0.3590541161605526,0.3590541161605526,,,,,,,,,,,,0,,,,,,,,2026-09-22T14:30:15Z,35282021679,ca5a001bb817e495ca2d74b1e03ce43886493f43,18,OVER,00-0033906,RESOLVED_GSIS,True,15.0,stats_table,17.726179525540132,2.5,false,UNDER,LOSS,-1.0,RB
2143ade9684fd876b68a4e8cbf451f05,Derrick Henry,derrickhenry,BAL,NO,rush_yards,player_rush_yds,90.5,56.7225009381328,52.56386525979856,20.966068312586685,25000,56.72250093813278,calibrated,nonnegative_oos_linear_blend_v2,0.5569542426070742,0.4430457573929258,0.0,3207,61.95033518743188,1,hist_gradient_boosting_lagged_player_history_v2,2026-W02 pregame,58.05855573171216,1,first_order_markov_outcome_regime_v2,2026-W02 pregame,1,prior+current,1,,0,,,,,,,,0,,,,,0,2026,2,draftkings,DraftKings,-112.0,-112.0,UNDER,0.9354,0.5,-112.0,-1447.9876160990716,0.4354,0.4354,,,,,,,,,,,,0,,,,,,,,2026-09-22T14:30:15Z,35282021679,ca5a001bb817e495ca2d74b1e03ce43886493f43,91.5,UNDER,00-0032764,RESOLVED_GSIS,True,68.0,stats_table,-11.277499061867204,22.5,true,UNDER,WIN,0.8928571428571429,RB
2143ade9684fd876b68a4e8cbf451f05,Justice Hill,justicehill,BAL,NO,rush_yards,player_rush_yds,13.5,15.758257111489254,15.41388626459378,10.280804991972005,25000,15.758257111489254,calibrated,nonnegative_oos_linear_blend_v2,0.5569542426070742,0.4430457573929258,0.0,3207,16.191166807628214,1,hist_gradient_boosting_lagged_player_history_v2,2026-W02 pregame,41.34427985892046,1,first_order_markov_outcome_regime_v2,2026-W02 pregame,1,prior+current,1,,0,,,,,,,,0,,,,,0,2026,2,fanduel,FanDuel,-114.0,-114.0,OVER,0.53672,0.5,-114.0,-115.85218442410635,0.0367199999999999,0.0367199999999999,,,,,,,,,,,,0,,,,,,,,2026-09-22T14:30:15Z,35282021679,ca5a001bb817e495ca2d74b1e03ce43886493f43,13.5,OVER,00-0034975,RESOLVED_GSIS,True,6.0,stats_table,9.758257111489254,7.5,false,UNDER,LOSS,-1.0,RB
2143ade9684fd876b68a4e8cbf451f05,Lamar Jackson,lamarjackson,BAL,NO,rush_yards,player_rush_yds,40.5,20.20401582816896,16.162792074106378,13.092213356096243,25000,20.20401582816896,calibrated,nonnegative_oos_linear_blend_v2,0.5569542426070742,0.4430457573929258,0.0,3207,25.284251170888847,1,hist_gradient_boosting_lagged_player_history_v2,2026-W02 pregame,23.34910107960389,1,first_order_markov_outcome_regime_v2,2026-W02 pregame,1,prior+current,1,,0,,,,,,,,0,,,,,0,2026,2,draftkings,DraftKings,-115.0,-109.0,UNDER,0.92316,0.4936802190857383,-109.0,-1201.405517959396,0.4294797809142616,0.4294797809142616,,,,,,,,,,,,0,,,,,,,,2026-09-22T14:30:15Z,35282021679,ca5a001bb817e495ca2d74b1e03ce43886493f43,39.5,UNDER,00-0034796,RESOLVED_GSIS,True,34.0,stats_table,-13.79598417183104,6.5,false,UNDER,WIN,0.9174311926605505,QB
2143ade9684fd876b68a4e8cbf451f05,Travis Etienne Jr.,travisetiennejr,NO,BAL,rush_yards,player_rush_yds,40.5,37.657253381429705,37.657253381429705,15.988463702122775,25000,37.657253381429705,calibrated,nonnegative_oos_linear_blend_v2,1.0,0.0,0.0,3207,,0,,,,0,,,0,,0,,0,,,,,,,,0,,,,,0,2026,2,draftkings,DraftKings,-114.0,-110.0,UNDER,0.6018399999999999,0.4957877000842461,-110.0,-151.15531444645364,0.1060522999157538,0.1060522999157538,,,,,,,,,,,,0,,,,,,,,2026-09-22T14:30:15Z,35282021679,ca5a001bb817e495ca2d74b1e03ce43886493f43,40.5,UNDER,00-0036973,RESOLVED_GSIS,True,25.0,stats_table,12.657253381429705,15.5,true,UNDER,WIN,0.9090909090909091,RB
2143ade9684fd876b68a4e8cbf451f05,Tyler Shough,tylershough,NO,BAL,rush_yards,player_rush_yds,15.5,16.864566742864383,11.222271109824408,12.086812742391135,25000,16.864566742864383,calibrated,nonnegative_oos_linear_blend_v2,0.5569542426070742,0.4430457573929258,0.0,3207,23.95751467979267,1,hist_gradient_boosting_lagged_player_history_v2,2026-W02 pregame,17.625593178191764,1,first_order_markov_outcome_regime_v2,2026-W02 pregame,1,prior+current,1,,0,,,,,,,,0,,,,,0,2026,2,draftkings,DraftKings,-114.0,-110.0,OVER,0.48472,0.5042122999157539,-114.0,106.3046707377455,-0.0194922999157539,0.0194922999157539,,,,,,,,,,,,0,,,,,,,,2026-09-22T14:30:15Z,35282021679,ca5a001bb817e495ca2d74b1e03ce43886493f43,15.5,OVER,00-0040743,RESOLVED_GSIS,True,23.0,stats_table,-6.135433257135617,-7.5,true,OVER,WIN,0.8771929824561403,QB
32367f882fac1a0c20a6335619922025,Blake Corum,blakecorum,LAR,NYG,rush_yards,player_rush_yds,46.5,38.67733622778944,30.03669535759005,18.62634972987678,25000,38.677336227789446,calibrated,nonnegative_oos_linear_blend_v2,0.5569542426070742,0.4430457573929258,0.0,3207,49.53951357899609,1,hist_gradient_boosting_lagged_player_history_v2,2026-W02 pregame,58.05855573171216,1,first_order_markov_outcome_regime_v2,2026-W02 pregame,1,prior+current,1,,0,,,,,,,,0,,,,,0,2026,2,draftkings,DraftKings,-113.0,-111.0,UNDER,0.6883600000000001,0.4978941161605525,-111.0,-220.88307020921587,0.1904658838394475,0.1904658838394475,,,,,,,,,,,,0,,,,,,,,2026-09-22T14:30:15Z,35282021679,ca5a001bb817e495ca2d74b1e03ce43886493f43,46,UNDER,00-0039738,RESOLVED_GSIS,True,79.0,stats_table,-40.32266377221056,-32.5,false,OVER,LOSS,-1.0,RB
32367f882fac1a0c20a6335619922025,Cam Skattebo,camskattebo,NYG,LAR,rush_yards,player_rush_yds,50.5,43.80362596845192,30.593196423239025,19.4807466587702,25000,43.803625968451925,calibrated,nonnegative_oos_linear_blend_v2,0.5569542426070742,0.4430457573929258,0.0,3207,60.410499319781415,1,hist_gradient_boosting_lagged_player_history_v2,2026-W02 pregame,58.05855573171216,1,first_order_markov_outcome_regime_v2,2026-W02 pregame,1,prior+current,1,,0,,,,,,,,0,,,,,0,2026,2,draftkings,DraftKings,-110.0,-114.0,UNDER,0.6583600000000001,0.504212299915754,-114.0,-192.70577215782703,0.154147700084246,0.154147700084246,,,,,,,,,,,,0,,,,,,,,2026-09-22T14:30:15Z,35282021679,ca5a001bb817e495ca2d74b1e03ce43886493f43,50,UNDER,00-0040715,RESOLVED_GSIS,True,36.0,stats_table,7.803625968451918,14.5,true,UNDER,WIN,0.8771929824561403,RB
32367f882fac1a0c20a6335619922025,Jaxson Dart,jaxsondart,NYG,LAR,rush_yards,player_rush_yds,32.5,23.13012450930788,17.268102872357343,14.75860209602356,25000,23.13012450930788,calibrated,nonnegative_oos_linear_blend_v2,0.5569542426070742,0.4430457573929258,0.0,3207,30.499290710483187,1,hist_gradient_boosting_lagged_player_history_v2,2026-W02 pregame,23.34910107960389,1,first_order_markov_outcome_regime_v2,2026-W02 pregame,1,prior+current,1,,0,,,,,,,,0,,,,,0,2026,2,draftkings,DraftKings,-114.0,-110.0,UNDER,0.75976,0.4957877000842461,-110.0,-316.2504162504162,0.2639722999157539,0.2639722999157539,,,,,,,,,,,,0,,,,,,,,2026-09-22T14:30:15Z,35282021679,ca5a001bb817e495ca2d74b1e03ce43886493f43,31,UNDER,00-0040691,RESOLVED_GSIS,True,0.0,stats_table,23.13012450930788,32.5,true,UNDER,WIN,0.9090909090909091,QB
32367f882fac1a0c20a6335619922025,Kyren Williams,kyrenwilliams,LAR,NYG,rush_yards,player_rush_yds,61.5,50.44817973773649,41.07092323229183,20.297021071482668,25000,50.44817973773648,calibrated,nonnegative_oos_linear_blend_v2,0.5569542426070742,0.4430457573929258,0.0,3207,62.236358966570194,1,hist_gradient_boosting_lagged_player_history_v2,2026-W02 pregame,41.34427985892046,1,first_order_markov_outcome_regime_v2,2026-W02 pregame,1,prior+current,1,,0,,,,,,,,0,,,,,0,2026,2,draftkings,DraftKings,-109.0,-115.0,UNDER,0.7243200000000001,0.5063197809142617,-115.0,-262.7394080092862,0.2180002190857384,0.2180002190857384,,,,,,,,,,,,0,,,,,,,,2026-09-22T14:30:15Z,35282021679,ca5a001bb817e495ca2d74b1e03ce43886493f43,61.5,UNDER,00-0037840,RESOLVED_GSIS,True,85.0,stats_table,-34.55182026226351,-23.5,false,OVER,LOSS,-1.0,RB
36ad2fa722f4915ef23d2c81351261de,C.J. Stroud,cjstroud,HOU,CIN,rush_yards,player_rush_yds,11.5,11.65340927228148,10.680388622032092,8.997828990808658,25000,11.65340927228148,calibrated,nonnegative_oos_linear_blend_v2,0.5569542426070742,0.4430457573929258,0.0,3207,12.87659665249618,1,hist_gradient_boosting_lagged_player_history_v2,2026-W02 pregame,17.625593178191764,1,first_order_markov_outcome_regime_v2,2026-W02 pregame,1,prior+current,1,,0,,,,,,,,0,,,,,0,2026,2,fanduel,FanDuel,-114.0,-114.0,OVER,0.43676,0.5,-114.0,128.95869585126843,-0.06324,0.06324,,,,,,,,,,,,0,,,,,,,,2026-09-22T14:30:15Z,35282021679,ca5a001bb817e495ca2d74b1e03ce43886493f43,11.5,OVER,00-0039163,RESOLVED_GSIS,True,29.0,stats_table,-17.34659072771852,-17.5,true,OVER,WIN,0.8771929824561403,QB
36ad2fa722f4915ef23d2c81351261de,Chase Brown,chasebrown,CIN,HOU,rush_yards,player_rush_yds,58.5,54.64411204000352,46.82416395756134,20.089852153982616,25000,54.64411204000351,calibrated,nonnegative_oos_linear_blend_v2,0.5569542426070742,0.4430457573929258,0.0,3207,64.4745938554982,1,hist_gradient_boosting_lagged_player_history_v2,2026-W02 pregame,58.05855573171216,1,first_order_markov_outcome_regime_v2,2026-W02 pregame,1,prior+current,1,,0,,,,,,,,0,,,,,0,2026,2,draftkings,DraftKings,-111.0,-113.0,UNDER,0.59964,0.5021058838394474,-113.0,-149.77520231791385,0.0975341161605525,0.0975341161605525,,,,,,,,,,,,0,,,,,,,,2026-09-22T14:30:15Z,35282021679,ca5a001bb817e495ca2d74b1e03ce43886493f43,57,UNDER,00-0038597,RESOLVED_GSIS,True,80.0,stats_table,-25.35588795999648,-21.5,false,OVER,LOSS,-1.0,RB
36ad2fa722f4915ef23d2c81351261de,David Montgomery,davidmontgomery,HOU,CIN,rush_yards,player_rush_yds,65.5,35.3595811332235,34.02940176048589,15.852344800779823,25000,35.3595811332235,calibrated,nonnegative_oos_linear_blend_v2,0.5569542426070742,0.4430457573929258,0.0,3207,37.03175388899958,1,hist_gradient_boosting_lagged_player_history_v2,2026-W02 pregame,58.05855573171216,1,first_order_markov_outcome_regime_v2,2026-W02 pregame,1,prior+current,1,,0,,,,,,,,0,,,,,0,2026,2,draftkings,DraftKings,-113.0,-111.0,UNDER,0.95816,0.4978941161605525,-111.0,-2290.0573613766737,0.4602658838394474,0.4602658838394474,,,,,,,,,,,,0,,,,,,,,2026-09-22T14:30:15Z,35282021679,ca5a001bb817e495ca2d74b1e03ce43886493f43,65.5,UNDER,00-0035685,RESOLVED_GSIS,True,10.0,stats_table,25.3595811332235,55.5,true,UNDER,WIN,0.9009009009009009,RB
36ad2fa722f4915ef23d2c81351261de,Joe Burrow,joeburrow,CIN,HOU,rush_yards,player_rush_yds,8.5,10.191949189451988,7.023100063903463,8.135260758749613,25000,10.191949189451988,calibrated,nonnegative_oos_linear_blend_v2,0.5569542426070742,0.4430457573929258,0.0,3207,14.17551958868441,1,hist_gradient_boosting_lagged_player_history_v2,2026-W02 pregame,17.625593178191764,1,first_order_markov_outcome_regime_v2,2026-W02 pregame,1,prior+current,1,,0,,,,,,,,0,,,,,0,2026,2,fanduel,FanDuel,-114.0,-114.0,OVER,0.52048,0.5,-114.0,-108.5418752085419,0.02048,0.02048,,,,,,,,,,,,0,,,,,,,,2026-09-22T14:30:15Z,35282021679,ca5a001bb817e495ca2d74b1e03ce43886493f43,8.5,OVER,00-0036442,RESOLVED_GSIS,True,-1.0,stats_table,11.191949189451988,9.5,false,UNDER,LOSS,-1.0,QB
36ad2fa722f4915ef23d2c81351261de,Samaje Perine,samajeperine,CIN,HOU,rush_yards,player_rush_yds,17.5,27.954833620487864,25.756580205119963,13.961152125955078,25000,27.95483362048786,calibrated,nonnegative_oos_linear_blend_v2,0.5569542426070742,0.4430457573929258,0.0,3207,30.718265039443583,1,hist_gradient_boosting_lagged_player_history_v2,2026-W02 pregame,41.34427985892046,1,first_order_markov_outcome_regime_v2,2026-W02 pregame,1,prior+current,1,,0,,,,,,,,0,,,,,0,2026,2,fanduel,FanDuel,-114.0,-114.0,OVER,0.75664,0.5,-114.0,-310.913872452334,0.25664,0.25664,,,,,,,,,,,,0,,,,,,,,2026-09-22T14:30:15Z,35282021679,ca5a001bb817e495ca2d74b1e03ce43886493f43,17.5,OVER,00-0033526,RESOLVED_GSIS,True,6.0,stats_table,21.954833620487864,11.5,false,UNDER,LOSS,-1.0,RB
36ad2fa722f4915ef23d2c81351261de,Woody Marks,woodymarks,HOU,CIN,rush_yards,player_rush_yds,29.5,44.72106313696555,31.685938483409927,19.733559729168427,25000,44.721063136965554,calibrated,nonnegative_oos_linear_blend_v2,0.5569542426070742,0.4430457573929258,0.0,3207,61.10756014673422,1,hist_gradient_boosting_lagged_player_history_v2,2026-W02 pregame,41.34427985892046,1,first_order_markov_outcome_regime_v2,2026-W02 pregame,1,prior+current,1,,0,,,,,,,,0,,,,,0,2026,2,draftkings,DraftKings,-108.0,-116.0,OVER,0.7646,0.4915711395819285,-108.0,-324.8088360237892,0.2730288604180714,0.2730288604180714,,,,,,,,,,,,0,,,,,,,,2026-09-22T14:30:15Z,35282021679,ca5a001bb817e495ca2d74b1e03ce43886493f43,28,OVER,00-0040583,RESOLVED_GSIS,True,8.0,stats_table,36.72106313696555,21.5,false,UNDER,LOSS,-1.0,RB
4aeee070bb6ec60bdfae4dede61b9014,Braelon Allen,braelonallen,NYJ,GB,rush_yards,player_rush_yds,23.5,21.972073342431244,21.087854304321933,11.80880410416204,25000,21.972073342431248,calibrated,nonnegative_oos_linear_blend_v2,0.5569542426070742,0.4430457573929258,0.0,3207,23.083627931209698,1,hist_gradient_boosting_lagged_player_history_v2,2026-W02 pregame,41.34427985892046,1,first_order_markov_outcome_regime_v2,2026-W02 pregame,1,prior+current,1,,0,,,,,,,,0,,,,,0,2026,2,draftkings,DraftKings,-114.0,-110.0,UNDER,0.59556,0.4957877000842461,-110.0,-147.25546434576202,0.0997722999157538,0.0997722999157538,,,,,,,,,,,,0,,,,,,,,2026-09-22T14:30:15Z,35282021679,ca5a001bb817e495ca2d74b1e03ce43886493f43,24,UNDER,00-0039794,RESOLVED_GSIS,True,7.0,stats_table,14.972073342431244,16.5,true,UNDER,WIN,0.9090909090909091,RB
4aeee070bb6ec60bdfae4dede61b9014,Breece Hall,breecehall,NYJ,GB,rush_yards,player_rush_yds,66.5,51.52434253861894,44.54421764779604,19.613320978361788,25000,51.52434253861895,calibrated,nonnegative_oos_linear_blend_v2,0.5569542426070742,0.4430457573929258,0.0,3207,60.29907992634941,1,hist_gradient_boosting_lagged_player_history_v2,2026-W02 pregame,58.05855573171216,1,first_order_markov_outcome_regime_v2,2026-W02 pregame,1,prior+current,1,,0,,,,,,,,0,,,,,0,2026,2,draftkings,DraftKings,-109.0,-115.0,UNDER,0.78704,0.5063197809142617,-115.0,-369.571750563486,0.2807202190857383,0.2807202190857383,,,,,,,,,,,,0,,,,,,,,2026-09-22T14:30:15Z,35282021679,ca5a001bb817e495ca2d74b1e03ce43886493f43,67,UNDER,00-0038120,RESOLVED_GSIS,True,29.0,stats_table,22.52434253861894,37.5,true,UNDER,WIN,0.8695652173913043,RB
4aeee070bb6ec60bdfae4dede61b9014,Chris Brooks,chrisbrooks,GB,NYJ,rush_yards,player_rush_yds,25.5,22.67447799364602,16.58459258605192,13.75082294792799,25000,22.674477993646025,calibrated,nonnegative_oos_linear_blend_v2,0.5569542426070742,0.4430457573929258,0.0,3207,30.330092471728832,1,hist_gradient_boosting_lagged_player_history_v2,2026-W02 pregame,41.34427985892046,1,first_order_markov_outcome_regime_v2,2026-W02 pregame,1,prior+current,1,,0,,,,,,,,0,,,,,0,2026,2,draftkings,DraftKings,-111.0,-113.0,UNDER,0.62332,0.5021058838394474,-113.0,-165.47732823616863,0.1212141161605525,0.1212141161605525,,,,,,,,,,,,0,,,,,,,,2026-09-22T14:30:15Z,35282021679,ca5a001bb817e495ca2d74b1e03ce43886493f43,25.5,UNDER,00-0038685,RESOLVED_GSIS,True,11.0,stats_table,11.674477993646018,14.5,true,UNDER,WIN,0.8849557522123894,RB
4aeee070bb6ec60bdfae4dede61b9014,Geno Smith,genosmith,NYJ,GB,rush_yards,player_rush_yds,7.5,8.429121929994142,8.06880923504602,6.024153291119364,25000,8.429121929994142,calibrated,nonnegative_oos_linear_blend_v2,0.5569542426070742,0.4430457573929258,0.0,3207,8.88207217445065,1,hist_gradient_boosting_lagged_player_history_v2,2026-W02 pregame,17.625593178191764,1,first_order_markov_outcome_regime_v2,2026-W02 pregame,1,prior+current,1,,0,,,,,,,,0,,,,,0,2026,2,draftkings,DraftKings,-117.0,-107.0,OVER,0.50808,0.5105400733589106,-117.0,-103.28508700601724,-0.0024600733589106,0.0024600733589106,,,,,,,,,,,,0,,,,,,,,2026-09-22T14:30:15Z,35282021679,ca5a001bb817e495ca2d74b1e03ce43886493f43,7.5,OVER,00-0030565,RESOLVED_GSIS,True,17.0,stats_table,-8.570878070005858,-9.5,true,OVER,WIN,0.8547008547008547,QB
4aeee070bb6ec60bdfae4dede61b9014,Jordan Love,jordanlove,GB,NYJ,rush_yards,player_rush_yds,8.5,9.76801306130104,9.709093236516884,7.395164412525394,25000,9.76801306130104,calibrated,nonnegative_oos_linear_blend_v2,0.5569542426070742,0.4430457573929258,0.0,3207,9.84208136201179,1,hist_gradient_boosting_lagged_player_history_v2,2026-W02 pregame,10.269107454277156,1,first_order_markov_outcome_regime_v2,2026-W02 pregame,1,prior+current,1,,0,,,,,,,,0,,,,,0,2026,2,draftkings,DraftKings,-111.0,-113.0,OVER,0.49952,0.4978941161605526,-111.0,100.19218449711724,0.0016258838394473,0.0016258838394473,,,,,,,,,,,,0,,,,,,,,2026-09-22T14:30:15Z,35282021679,ca5a001bb817e495ca2d74b1e03ce43886493f43,8,OVER,00-0036264,RESOLVED_GSIS,True,0.0,stats_table,9.76801306130104,8.5,false,UNDER,LOSS,-1.0,QB
4aeee070bb6ec60bdfae4dede61b9014,MarShawn Lloyd,marshawnlloyd,GB,NYJ,rush_yards,player_rush_yds,52.5,42.98507121148444,38.568878178629696,17.42946485131399,25000,42.98507121148444,calibrated,nonnegative_oos_linear_blend_v2,0.5569542426070742,0.4430457573929258,0.0,3207,48.536681637219495,1,hist_gradient_boosting_lagged_player_history_v2,2026-W02 pregame,41.34427985892046,1,first_order_markov_outcome_regime_v2,2026-W02 pregame,1,prior+current,1,,0,,,,,,,,0,,,,,0,2026,2,draftkings,DraftKings,-112.0,-112.0,UNDER,0.72316,0.5,-112.0,-261.2194769541974,0.22316,0.22316,,,,,,,,,,,,0,,,,,,,,2026-09-22T14:30:15Z,35282021679,ca5a001bb817e495ca2d74b1e03ce43886493f43,52.5,UNDER,00-0039811,RESOLVED_GSIS,True,20.0,stats_table,22.98507121148444,32.5,true,UNDER,WIN,0.8928571428571429,RB
4dd8020192a544385db42374e5555303,Drew Lock,drewlock,SEA,ARI,rush_yards,player_rush_yds,6.5,5.545339700247441,4.883207243360864,4.7281975394437,25000,5.545339700247439,calibrated,nonnegative_oos_linear_blend_v2,0.5569542426070742,0.4430457573929258,0.0,3207,6.377708535468591,1,hist_gradient_boosting_lagged_player_history_v2,2026-W02 pregame,17.625593178191764,1,first_order_markov_outcome_regime_v2,2026-W02 pregame,1,prior+current,1,,0,,,,,,,,0,,,,,0,2026,2,fanduel,FanDuel,-114.0,-114.0,UNDER,0.62128,0.5,-114.0,-164.04731727925648,0.12128,0.12128,,,,,,,,,,,,0,,,,,,,,2026-09-22T14:30:15Z,35282021679,ca5a001bb817e495ca2d74b1e03ce43886493f43,6.5,UNDER,00-0035704,RESOLVED_GSIS,True,0.0,stats_table,5.545339700247441,6.5,true,UNDER,WIN,0.8771929824561403,QB
4dd8020192a544385db42374e5555303,George Holani,georgeholani,SEA,ARI,rush_yards,player_rush_yds,34.5,22.07167233011845,18.603838589263127,11.972975693236432,25000,22.071672330118453,calibrated,nonnegative_oos_linear_blend_v2,0.5569542426070742,0.4430457573929258,0.0,3207,26.43109724819166,1,hist_gradient_boosting_lagged_player_history_v2,2026-W02 pregame,41.34427985892046,1,first_order_markov_outcome_regime_v2,2026-W02 pregame,1,prior+current,1,,0,,,,,,,,0,,,,,0,2026,2,fanduel,FanDuel,-114.0,-114.0,UNDER,0.8506400000000001,0.5,-114.0,-569.5232994108197,0.35064,0.35064,,,,,,,,,,,,0,,,,,,,,2026-09-22T14:30:15Z,35282021679,ca5a001bb817e495ca2d74b1e03ce43886493f43,34.5,UNDER,00-0039299,RESOLVED_GSIS,True,13.0,stats_table,9.07167233011845,21.5,true,UNDER,WIN,0.8771929824561403,RB
4dd8020192a544385db42374e5555303,Jacoby Brissett,jacobybrissett,ARI,SEA,rush_yards,player_rush_yds,8.5,9.784288753304011,9.95109972046034,7.354843271029899,25000,9.784288753304017,calibrated,nonnegative_oos_linear_blend_v2,0.5569542426070742,0.4430457573929258,0.0,3207,9.57459015147606,1,hist_gradient_boosting_lagged_player_history_v2,2026-W02 pregame,17.625593178191764,1,first_order_markov_outcome_regime_v2,2026-W02 pregame,1,prior+current,1,,0,,,,,,,,0,,,,,0,2026,2,fanduel,FanDuel,-114.0,-114.0,OVER,0.5012,0.5,-114.0,-100.48115477145149,0.0011999999999999,0.0011999999999999,,,,,,,,,,,,0,,,,,,,,2026-09-22T14:30:15Z,35282021679,ca5a001bb817e495ca2d74b1e03ce43886493f43,8.5,OVER,00-0033119,RESOLVED_GSIS,True,7.0,stats_table,2.7842887533040113,1.5,false,UNDER,LOSS,-1.0,QB
4dd8020192a544385db42374e5555303,Jadarian Price,jadarianprice,SEA,ARI,rush_yards,player_rush_yds,58.5,44.907521909495856,31.344473990056464,20.509477783098937,25000,44.907521909495856,calibrated,nonnegative_oos_linear_blend_v2,0.5569542426070742,0.4430457573929258,0.0,3207,61.95767295002456,1,hist_gradient_boosting_lagged_player_history_v2,2026-W02 pregame,58.05855573171216,1,first_order_markov_outcome_regime_v2,2026-W02 pregame,1,prior+current,1,,0,,,,,,,,0,,,,,0,2026,2,draftkings,DraftKings,-115.0,-109.0,UNDER,0.7614799999999999,0.4936802190857383,-109.0,-319.25205433506613,0.2677997809142616,0.2677997809142616,,,,,,,,,,,,0,,,,,,,,2026-09-22T14:30:15Z,35282021679,ca5a001bb817e495ca2d74b1e03ce43886493f43,58,UNDER,00-0041512,RESOLVED_GSIS,True,52.0,stats_table,-7.0924780905041445,6.5,false,UNDER,WIN,0.9174311926605505,RB
4dd8020192a544385db42374e5555303,Jeremiyah Love,jeremiyahlove,ARI,SEA,rush_yards,player_rush_yds,37.5,32.34888809406576,25.46782421137404,15.774770891324946,25000,32.34888809406576,calibrated,nonnegative_oos_linear_blend_v2,0.5569542426070742,0.4430457573929258,0.0,3207,40.99909557075439,1,hist_gradient_boosting_lagged_player_history_v2,2026-W02 pregame,41.34427985892046,1,first_order_markov_outcome_regime_v2,2026-W02 pregame,1,prior+current,1,,0,,,,,,,,0,,,,,0,2026,2,draftkings,DraftKings,-111.0,-113.0,UNDER,0.65752,0.5021058838394474,-113.0,-191.98785330530248,0.1554141161605525,0.1554141161605525,,,,,,,,,,,,0,,,,,,,,2026-09-22T14:30:15Z,35282021679,ca5a001bb817e495ca2d74b1e03ce43886493f43,37,UNDER,00-0041027,RESOLVED_GSIS,True,29.0,stats_table,3.3488880940657566,8.5,true,UNDER,WIN,0.8849557522123894,RB
4dd8020192a544385db42374e5555303,Tyler Allgeier,tylerallgeier,ARI,SEA,rush_yards,player_rush_yds,36.5,35.83523355213047,22.90127902992501,17.636683269496388,25000,35.83523355213046,calibrated,nonnegative_oos_linear_blend_v2,0.5569542426070742,0.4430457573929258,0.0,3207,52.09454926529408,1,hist_gradient_boosting_lagged_player_history_v2,2026-W02 pregame,58.05855573171216,1,first_order_markov_outcome_regime_v2,2026-W02 pregame,1,prior+current,1,,0,,,,,,,,0,,,,,0,2026,2,fanduel,FanDuel,-114.0,-114.0,UNDER,0.5527599999999999,0.5,-114.0,-123.5935962794025,0.0527599999999999,0.0527599999999999,,,,,,,,,,,,0,,,,,,,,2026-09-22T14:30:15Z,35282021679,ca5a001bb817e495ca2d74b1e03ce43886493f43,36.5,UNDER,00-0037263,RESOLVED_GSIS,True,10.0,stats_table,25.835233552130468,26.5,true,UNDER,WIN,0.8771929824561403,RB
50bc247030707d823b9c3581d7eb5760,Daniel Jones,danieljones,IND,KC,rush_yards,player_rush_yds,8.5,10.475285388518834,7.7966030119810465,8.421967278187529,25000,10.475285388518833,calibrated,nonnegative_oos_linear_blend_v2,0.5569542426070742,0.4430457573929258,0.0,3207,13.842665595449445,1,hist_gradient_boosting_lagged_player_history_v2,2026-W02 pregame,10.269107454277156,1,first_order_markov_outcome_regime_v2,2026-W02 pregame,1,prior+current,1,,0,,,,,,,,0,,,,,0,2026,2,draftkings,DraftKings,-108.0,-116.0,OVER,0.52552,0.4915711395819285,-108.0,-110.75703928511211,0.0339488604180714,0.0339488604180714,,,,,,,,,,,,0,,,,,,,,2026-09-22T14:30:15Z,35282021679,ca5a001bb817e495ca2d74b1e03ce43886493f43,8.5,OVER,00-0035710,RESOLVED_GSIS,True,10.0,stats_table,0.4752853885188344,-1.5,true,OVER,WIN,0.9259259259259259,QB
50bc247030707d823b9c3581d7eb5760,Emmett Johnson,emmettjohnson,KC,IND,rush_yards,player_rush_yds,17.5,25.05797908932892,20.37650811557434,13.4314952529065,25000,25.05797908932892,calibrated,nonnegative_oos_linear_blend_v2,0.5569542426070742,0.4430457573929258,0.0,3207,30.943071265399748,1,hist_gradient_boosting_lagged_player_history_v2,2026-W02 pregame,41.34427985892046,1,first_order_markov_outcome_regime_v2,2026-W02 pregame,1,prior+current,1,,0,,,,,,,,0,,,,,0,2026,2,draftkings,DraftKings,-114.0,-110.0,OVER,0.683,0.5042122999157539,-114.0,-215.45741324921144,0.1787877000842461,0.1787877000842461,,,,,,,,,,,,0,,,,,,,,2026-09-22T14:30:15Z,35282021679,ca5a001bb817e495ca2d74b1e03ce43886493f43,17.5,OVER,00-0041013,RESOLVED_GSIS,True,15.0,stats_table,10.05797908932892,2.5,false,UNDER,LOSS,-1.0,RB
50bc247030707d823b9c3581d7eb5760,Jonathan Taylor,jonathantaylor,IND,KC,rush_yards,player_rush_yds,84.5,53.78979056980084,49.13969585240213,20.19053484065995,25000,53.78979056980084,calibrated,nonnegative_oos_linear_blend_v2,0.5569542426070742,0.4430457573929258,0.0,3207,59.63543955337309,1,hist_gradient_boosting_lagged_player_history_v2,2026-W02 pregame,58.05855573171216,1,first_order_markov_outcome_regime_v2,2026-W02 pregame,1,prior+current,1,,0,,,,,,,,0,,,,,0,2026,2,draftkings,DraftKings,-114.0,-110.0,UNDER,0.92624,0.4957877000842461,-110.0,-1255.7483731019513,0.4304522999157538,0.4304522999157538,,,,,,,,,,,,0,,,,,,,,2026-09-22T14:30:15Z,35282021679,ca5a001bb817e495ca2d74b1e03ce43886493f43,85.5,UNDER,00-0036223,RESOLVED_GSIS,True,92.0,stats_table,-38.21020943019916,-7.5,false,OVER,LOSS,-1.0,RB
50bc247030707d823b9c3581d7eb5760,Kenneth Walker III,kennethwalkeriii,KC,IND,rush_yards,player_rush_yds,78.5,49.749837662989485,32.632696142872376,22.96533823676824,25000,49.74983766298949,calibrated,nonnegative_oos_linear_blend_v2,0.5569542426070742,0.4430457573929258,0.0,3207,71.26785116803688,1,hist_gradient_boosting_lagged_player_history_v2,2026-W02 pregame,58.05855573171216,1,first_order_markov_outcome_regime_v2,2026-W02 pregame,1,prior+current,1,,0,,,,,,,,0,,,,,0,2026,2,draftkings,DraftKings,-112.0,-112.0,UNDER,0.88828,0.5,-112.0,-795.0948800572858,0.3882799999999999,0.3882799999999999,,,,,,,,,,,,0,,,,,,,,2026-09-22T14:30:15Z,35282021679,ca5a001bb817e495ca2d74b1e03ce43886493f43,79,UNDER,00-0038134,RESOLVED_GSIS,True,117.0,stats_table,-67.25016233701052,-38.5,false,OVER,LOSS,-1.0,RB
50bc247030707d823b9c3581d7eb5760,Patrick Mahomes,patrickmahomes,KC,IND,rush_yards,player_rush_yds,15.5,12.032205631973811,1.4013702065923117,17.55310103986805,25000,12.032205631973808,calibrated,nonnegative_oos_linear_blend_v2,0.5569542426070742,0.4430457573929258,0.0,3207,25.396262941685777,1,hist_gradient_boosting_lagged_player_history_v2,2026-W02 pregame,23.34910107960389,1,first_order_markov_outcome_regime_v2,2026-W02 pregame,1,prior+current,1,,0,,,,,,,,0,,,,,0,2026,2,draftkings,DraftKings,-116.0,-108.0,UNDER,0.6944,0.4915711395819285,-108.0,-227.2251308900524,0.2028288604180714,0.2028288604180714,,,,,,,,,,,,0,,,,,,,,2026-09-22T14:30:15Z,35282021679,ca5a001bb817e495ca2d74b1e03ce43886493f43,16.5,UNDER,00-0033873,RESOLVED_GSIS,True,17.0,stats_table,-4.967794368026189,-1.5,false,OVER,LOSS,-1.0,QB
56e8897681915f7ec92baeee952bb1ae,Jahmyr Gibbs,jahmyrgibbs,DET,BUF,rush_yards,player_rush_yds,87.5,54.75162663413667,51.450546481732765,20.312360906214323,25000,54.751626634136656,calibrated,nonnegative_oos_linear_blend_v2,0.5569542426070742,0.4430457573929258,0.0,3207,58.90142508133585,1,hist_gradient_boosting_lagged_player_history_v2,2026-W02 pregame,58.05855573171216,1,first_order_markov_outcome_regime_v2,2026-W02 pregame,1,prior+current,1,,0,,,,,,,,0,,,,,0,2026,2,draftkings,DraftKings,-114.0,-110.0,UNDER,0.93492,0.4957877000842461,-110.0,-1436.570374923171,0.4391322999157538,0.4391322999157538,,,,,,,,,,,,0,,,,,,,,2026-09-22T14:30:15Z,35282021679,ca5a001bb817e495ca2d74b1e03ce43886493f43,87.5,UNDER,00-0039139,RESOLVED_GSIS,True,52.0,stats_table,2.75162663413667,35.5,true,UNDER,WIN,0.9090909090909091,RB
56e8897681915f7ec92baeee952bb1ae,James Cook,jamescook,BUF,DET,rush_yards,player_rush_yds,79.5,56.841031829794304,52.77501504725409,21.625598423298587,25000,56.84103182979429,calibrated,nonnegative_oos_linear_blend_v2,0.5569542426070742,0.4430457573929258,0.0,3207,61.9524345681325,1,hist_gradient_boosting_lagged_player_history_v2,2026-W02 pregame,58.05855573171216,1,first_order_markov_outcome_regime_v2,2026-W02 pregame,1,prior+current,1,,0,,,,,,,,0,,,,,0,2026,2,draftkings,DraftKings,-112.0,-112.0,UNDER,0.8506,0.5,-112.0,-569.3440428380188,0.3506,0.3506,,,,,,,,,,,,0,,,,,,,,2026-09-22T14:30:15Z,35282021679,ca5a001bb817e495ca2d74b1e03ce43886493f43,79,UNDER,00-0037248,RESOLVED_GSIS,True,135.0,stats_table,-78.1589681702057,-55.5,false,OVER,LOSS,-1.0,RB
56e8897681915f7ec92baeee952bb1ae,Jared Goff,jaredgoff,DET,BUF,rush_yards,player_rush_yds,0.5,4.641834747067095,4.467686467075628,4.204084260972782,25000,4.641834747067093,calibrated,nonnegative_oos_linear_blend_v2,0.5569542426070742,0.4430457573929258,0.0,3207,4.860757108393197,1,hist_gradient_boosting_lagged_player_history_v2,2026-W02 pregame,10.269107454277156,1,first_order_markov_outcome_regime_v2,2026-W02 pregame,1,prior+current,1,,0,,,,,,,,0,,,,,0,2026,2,draftkings,DraftKings,127.0,-160.0,OVER,0.78408,0.417201540436457,127.0,-363.1344942571323,0.366878459563543,0.366878459563543,,,,,,,,,,,,0,,,,,,,,2026-09-22T14:30:15Z,35282021679,ca5a001bb817e495ca2d74b1e03ce43886493f43,0.5,OVER,00-0033106,RESOLVED_GSIS,True,7.0,stats_table,-2.3581652529329054,-6.5,true,OVER,WIN,1.27,QB
56e8897681915f7ec92baeee952bb1ae,Josh Allen,joshallen,BUF,DET,rush_yards,player_rush_yds,33.5,26.52052454956725,20.054785902434244,15.617468228998098,25000,26.520524549567256,calibrated,nonnegative_oos_linear_blend_v2,0.5569542426070742,0.4430457573929258,0.0,3207,34.64862534055512,1,hist_gradient_boosting_lagged_player_history_v2,2026-W02 pregame,23.34910107960389,1,first_order_markov_outcome_regime_v2,2026-W02 pregame,1,prior+current,1,,0,,,,,,,,0,,,,,0,2026,2,draftkings,DraftKings,-111.0,-113.0,UNDER,0.70156,0.5021058838394474,-113.0,-235.07572711432772,0.1994541161605525,0.1994541161605525,,,,,,,,,,,,0,,,,,,,,2026-09-22T14:30:15Z,35282021679,ca5a001bb817e495ca2d74b1e03ce43886493f43,32.5,UNDER,00-0034857,RESOLVED_GSIS,True,69.0,stats_table,-42.47947545043275,-35.5,false,OVER,LOSS,-1.0,QB
56e8897681915f7ec92baeee952bb1ae,Ray Davis,raydavis,BUF,DET,rush_yards,player_rush_yds,7.5,25.11363892922273,18.182943598165327,15.408162662328476,25000,25.11363892922273,calibrated,nonnegative_oos_linear_blend_v2,0.5569542426070742,0.4430457573929258,0.0,3207,33.82623825883567,1,hist_gradient_boosting_lagged_player_history_v2,2026-W02 pregame,23.01739326735847,1,first_order_markov_outcome_regime_v2,2026-W02 pregame,1,prior+current,1,,0,,,,,,,,0,,,,,0,2026,2,draftkings,DraftKings,-107.0,-117.0,OVER,0.885,0.4894599266410894,-107.0,-769.5652173913044,0.3955400733589105,0.3955400733589105,,,,,,,,,,,,0,,,,,,,,2026-09-22T14:30:15Z,35282021679,ca5a001bb817e495ca2d74b1e03ce43886493f43,8,OVER,00-0039875,RESOLVED_GSIS,True,0.0,stats_table,25.11363892922273,7.5,false,UNDER,LOSS,-1.0,RB
56e8897681915f7ec92baeee952bb1ae,Sione Vaki,sionevaki,DET,BUF,rush_yards,player_rush_yds,5.5,13.52586815874636,19.230607856700047,7.605965477686218,25000,13.525868158746365,calibrated,nonnegative_oos_linear_blend_v2,0.5569542426070742,0.4430457573929258,0.0,3207,6.3544215875371135,1,hist_gradient_boosting_lagged_player_history_v2,2026-W02 pregame,23.01739326735847,1,first_order_markov_outcome_regime_v2,2026-W02 pregame,1,prior+current,1,,0,,,,,,,,0,,,,,0,2026,2,draftkings,DraftKings,-117.0,-107.0,OVER,0.86028,0.5105400733589106,-117.0,-615.7171485828803,0.3497399266410894,0.3497399266410894,,,,,,,,,,,,0,,,,,,,,2026-09-22T14:30:15Z,35282021679,ca5a001bb817e495ca2d74b1e03ce43886493f43,5.5,OVER,00-0039364,RESOLVED_GSIS,True,7.0,stats_table,6.525868158746359,-1.5,false,OVER,WIN,0.8547008547008547,RB
68bc55903f50af4af4766adcc89fcc61,Brock Purdy,brockpurdy,SF,MIA,rush_yards,player_rush_yds,13.5,14.238374014585895,8.88977147759054,11.554670541528967,25000,14.238374014585895,calibrated,nonnegative_oos_linear_blend_v2,0.5569542426070742,0.4430457573929258,0.0,3207,20.96211941850947,1,hist_gradient_boosting_lagged_player_history_v2,2026-W02 pregame,23.34910107960389,1,first_order_markov_outcome_regime_v2,2026-W02 pregame,1,prior+current,1,,0,,,,,,,,0,,,,,0,2026,2,draftkings,DraftKings,-108.0,-116.0,OVER,0.45288,0.4915711395819285,-108.0,120.8090443384561,-0.0386911395819284,0.0386911395819284,,,,,,,,,,,,0,,,,,,,,2026-09-22T14:30:15Z,35282021679,ca5a001bb817e495ca2d74b1e03ce43886493f43,13.5,OVER,00-0037834,RESOLVED_GSIS,True,30.0,stats_table,-15.761625985414105,-16.5,true,OVER,WIN,0.9259259259259259,QB
68bc55903f50af4af4766adcc89fcc61,Christian McCaffrey,christianmccaffrey,SF,MIA,rush_yards,player_rush_yds,58.5,56.312407249763005,34.81782382061344,23.644991534636823,25000,56.31240724976301,calibrated,nonnegative_oos_linear_blend_v2,0.5569542426070742,0.4430457573929258,0.0,3207,83.33331701850132,1,hist_gradient_boosting_lagged_player_history_v2,2026-W02 pregame,58.05855573171216,1,first_order_markov_outcome_regime_v2,2026-W02 pregame,1,prior+current,1,,0,,,,,,,,0,,,,,0,2026,2,draftkings,DraftKings,-112.0,-112.0,UNDER,0.56848,0.5,-112.0,-131.7389692250649,0.0684799999999999,0.0684799999999999,,,,,,,,,,,,0,,,,,,,,2026-09-22T14:30:15Z,35282021679,ca5a001bb817e495ca2d74b1e03ce43886493f43,58,UNDER,00-0033280,RESOLVED_GSIS,True,23.0,stats_table,33.312407249763005,35.5,true,UNDER,WIN,0.8928571428571429,RB
68bc55903f50af4af4766adcc89fcc61,De'Von Achane,devonachane,MIA,SF,rush_yards,player_rush_yds,58.5,53.94984084084434,36.09867250744754,24.04437896805141,25000,53.94984084084432,calibrated,nonnegative_oos_linear_blend_v2,0.5569542426070742,0.4430457573929258,0.0,3207,76.39060180712268,1,hist_gradient_boosting_lagged_player_history_v2,2026-W02 pregame,41.34427985892046,1,first_order_markov_outcome_regime_v2,2026-W02 pregame,1,prior+current,1,,0,,,,,,,,0,,,,,0,2026,2,draftkings,DraftKings,-110.0,-114.0,UNDER,0.6075999999999999,0.504212299915754,-114.0,-154.84199796126396,0.1033877000842459,0.1033877000842459,,,,,,,,,,,,0,,,,,,,,2026-09-22T14:30:15Z,35282021679,ca5a001bb817e495ca2d74b1e03ce43886493f43,57.5,UNDER,00-0039040,RESOLVED_GSIS,True,74.0,stats_table,-20.050159159155662,-15.5,false,OVER,LOSS,-1.0,RB
68bc55903f50af4af4766adcc89fcc61,Deebo Samuel Sr.,deebosamuelsr,SF,MIA,rush_yards,player_rush_yds,5.5,2.5315149102047068,1.3715648773125102,3.695560993583548,25000,2.531514910204707,calibrated,nonnegative_oos_linear_blend_v2,0.5569542426070742,0.4430457573929258,0.0,3207,3.9896918168815705,1,hist_gradient_boosting_lagged_player_history_v2,2026-W02 pregame,6.202263209480531,1,first_order_markov_outcome_regime_v2,2026-W02 pregame,1,prior+current,1,WR1,0,,,,,,,,0,,,,,0,2026,2,fanduel,FanDuel,-128.0,-102.0,UNDER,0.80904,0.4735298908617038,-102.0,-423.6698785085881,0.3355101091382961,0.3355101091382961,,,,,,,,,,,,0,,,,,,,,2026-09-22T14:30:15Z,35282021679,ca5a001bb817e495ca2d74b1e03ce43886493f43,5.5,UNDER,00-0035719,RESOLVED_GSIS,True,4.0,stats_table,-1.4684850897952932,1.5,true,UNDER,WIN,0.9803921568627451,WR
68bc55903f50af4af4766adcc89fcc61,Kaelon Black,kaelonblack,SF,MIA,rush_yards,player_rush_yds,41.5,36.191820264002985,25.64312008093329,17.958139050482927,25000,36.191820264002985,calibrated,nonnegative_oos_linear_blend_v2,0.5569542426070742,0.4430457573929258,0.0,3207,49.45262509717098,1,hist_gradient_boosting_lagged_player_history_v2,2026-W02 pregame,58.05855573171216,1,first_order_markov_outcome_regime_v2,2026-W02 pregame,1,prior+current,1,,0,,,,,,,,0,,,,,0,2026,2,draftkings,DraftKings,-112.0,-112.0,UNDER,0.6514800000000001,0.5,-112.0,-186.9275794789396,0.15148,0.15148,,,,,,,,,,,,0,,,,,,,,2026-09-22T14:30:15Z,35282021679,ca5a001bb817e495ca2d74b1e03ce43886493f43,40.5,UNDER,00-0041052,RESOLVED_GSIS,True,25.0,stats_table,11.191820264002985,16.5,true,UNDER,WIN,0.8928571428571429,RB
68bc55903f50af4af4766adcc89fcc61,Malik Willis,malikwillis,MIA,SF,rush_yards,player_rush_yds,38.5,17.291390330653325,12.122364797838244,12.774873424270638,25000,17.291390330653318,calibrated,nonnegative_oos_linear_blend_v2,0.5569542426070742,0.4430457573929258,0.0,3207,23.789388906661387,1,hist_gradient_boosting_lagged_player_history_v2,2026-W02 pregame,23.34910107960389,1,first_order_markov_outcome_regime_v2,2026-W02 pregame,1,prior+current,1,,0,,,,,,,,0,,,,,0,2026,2,draftkings,DraftKings,-108.0,-116.0,UNDER,0.93216,0.5084288604180716,-116.0,-1374.0566037735846,0.4237311395819284,0.4237311395819284,,,,,,,,,,,,0,,,,,,,,2026-09-22T14:30:15Z,35282021679,ca5a001bb817e495ca2d74b1e03ce43886493f43,37.5,UNDER,00-0038128,RESOLVED_GSIS,True,6.0,stats_table,11.291390330653325,32.5,true,UNDER,WIN,0.8620689655172413,QB
71b3b83747589efdc5baef2c5cf811bf,Ashton Jeanty,ashtonjeanty,LV,LAC,rush_yards,player_rush_yds,64.5,56.655803586569206,38.13954631679731,21.942112030490144,25000,56.65580358656919,calibrated,nonnegative_oos_linear_blend_v2,0.5569542426070742,0.4430457573929258,0.0,3207,79.93264998791608,1,hist_gradient_boosting_lagged_player_history_v2,2026-W02 pregame,58.05855573171216,1,first_order_markov_outcome_regime_v2,2026-W02 pregame,1,prior+current,1,,0,,,,,,,,0,,,,,0,2026,2,draftkings,DraftKings,-114.0,-110.0,UNDER,0.6688000000000001,0.4957877000842461,-110.0,-201.93236714975853,0.1730122999157539,0.1730122999157539,,,,,,,,,,,,0,,,,,,,,2026-09-22T14:30:15Z,35282021679,ca5a001bb817e495ca2d74b1e03ce43886493f43,63.5,UNDER,00-0040122,RESOLVED_GSIS,True,48.0,stats_table,8.655803586569206,16.5,true,UNDER,WIN,0.9090909090909091,RB
71b3b83747589efdc5baef2c5cf811bf,Mike Washington Jr.,mikewashingtonjr,LV,LAC,rush_yards,player_rush_yds,20.5,22.513014962789267,22.513014962789267,12.038700115216148,25000,22.513014962789267,calibrated,nonnegative_oos_linear_blend_v2,1.0,0.0,0.0,3207,,0,,,,0,,,0,,0,,0,,,,,,,,0,,,,,0,2026,2,draftkings,DraftKings,-108.0,-117.0,OVER,0.52352,0.4905802562170309,-108.0,-109.87239758226995,0.0329397437829691,0.0329397437829691,,,,,,,,,,,,0,,,,,,,,2026-09-22T14:30:15Z,35282021679,ca5a001bb817e495ca2d74b1e03ce43886493f43,20,OVER,00-0040878,RESOLVED_GSIS,True,7.0,stats_table,15.513014962789267,13.5,false,UNDER,LOSS,-1.0,RB
71b3b83747589efdc5baef2c5cf811bf,Omarion Hampton,omarionhampton,LAC,LV,rush_yards,player_rush_yds,63.5,44.159597658988105,32.85765623960075,19.299816535056767,25000,44.159597658988105,calibrated,nonnegative_oos_linear_blend_v2,0.5569542426070742,0.4430457573929258,0.0,3207,58.36730446621486,1,hist_gradient_boosting_lagged_player_history_v2,2026-W02 pregame,41.34427985892046,1,first_order_markov_outcome_regime_v2,2026-W02 pregame,1,prior+current,1,,0,,,,,,,,0,,,,,0,2026,2,draftkings,DraftKings,-113.0,-111.0,UNDER,0.8424,0.4978941161605525,-111.0,-534.5177664974622,0.3445058838394474,0.3445058838394474,,,,,,,,,,,,0,,,,,,,,2026-09-22T14:30:15Z,35282021679,ca5a001bb817e495ca2d74b1e03ce43886493f43,63,UNDER,00-0040666,RESOLVED_GSIS,True,94.0,stats_table,-49.840402341011895,-30.5,false,OVER,LOSS,-1.0,RB
85ef85098ddd22fe4ecf45e7e3c0a9c0,Dak Prescott,dakprescott,DAL,WAS,rush_yards,player_rush_yds,8.5,8.494022534276008,1.1889761048774805,12.37697427790238,25000,8.494022534276008,calibrated,nonnegative_oos_linear_blend_v2,0.5569542426070742,0.4430457573929258,0.0,3207,17.677219830276417,1,hist_gradient_boosting_lagged_player_history_v2,2026-W02 pregame,17.625593178191764,1,first_order_markov_outcome_regime_v2,2026-W02 pregame,1,prior+current,1,,0,,,,,,,,0,,,,,0,2026,2,draftkings,DraftKings,-115.0,-109.0,UNDER,0.6530400000000001,0.4936802190857383,-109.0,-188.21766197832608,0.1593597809142617,0.1593597809142617,,,,,,,,,,,,0,,,,,,,,2026-09-22T14:30:15Z,35282021679,ca5a001bb817e495ca2d74b1e03ce43886493f43,8.5,UNDER,00-0033077,RESOLVED_GSIS,True,26.0,stats_table,-17.505977465723994,-17.5,false,OVER,LOSS,-1.0,QB
85ef85098ddd22fe4ecf45e7e3c0a9c0,Emari Demercado,emaridemercado,DAL,WAS,rush_yards,player_rush_yds,10.5,28.608843166546148,28.743785322626497,15.67502101985952,25000,28.60884316654614,calibrated,nonnegative_oos_linear_blend_v2,0.5569542426070742,0.4430457573929258,0.0,3207,28.43920694933518,1,hist_gradient_boosting_lagged_player_history_v2,2026-W02 pregame,23.01739326735847,1,first_order_markov_outcome_regime_v2,2026-W02 pregame,1,prior+current,1,,0,,,,,,,,0,,,,,0,2026,2,draftkings,DraftKings,-110.0,-114.0,OVER,0.88568,0.495787700084246,-110.0,-774.7375787263823,0.389892299915754,0.389892299915754,,,,,,,,,,,,0,,,,,,,,2026-09-22T14:30:15Z,35282021679,ca5a001bb817e495ca2d74b1e03ce43886493f43,10.5,OVER,00-0038705,RESOLVED_GSIS,True,8.0,stats_table,20.608843166546148,2.5,false,UNDER,LOSS,-1.0,RB
85ef85098ddd22fe4ecf45e7e3c0a9c0,Jacory Croskey-Merritt,jacorycroskeymerritt,WAS,DAL,rush_yards,player_rush_yds,55.5,43.958388273559095,27.918754714616927,21.396115045524866,25000,43.95838827355909,calibrated,nonnegative_oos_linear_blend_v2,0.5569542426070742,0.4430457573929258,0.0,3207,64.12186306470328,1,hist_gradient_boosting_lagged_player_history_v2,2026-W02 pregame,58.05855573171216,1,first_order_markov_outcome_regime_v2,2026-W02 pregame,1,prior+current,1,,0,,,,,,,,0,,,,,0,2026,2,draftkings,DraftKings,-113.0,-111.0,UNDER,0.72704,0.4978941161605525,-111.0,-266.35404454865187,0.2291458838394474,0.2291458838394474,,,,,,,,,,,,0,,,,,,,,2026-09-22T14:30:15Z,35282021679,ca5a001bb817e495ca2d74b1e03ce43886493f43,54.5,UNDER,00-0040242,RESOLVED_GSIS,True,43.0,stats_table,0.9583882735590947,12.5,true,UNDER,WIN,0.9009009009009009,RB
85ef85098ddd22fe4ecf45e7e3c0a9c0,Javonte Williams,javontewilliams,DAL,WAS,rush_yards,player_rush_yds,75.5,52.44597676300165,50.45388989106733,19.14065414789564,25000,52.44597676300165,calibrated,nonnegative_oos_linear_blend_v2,0.5569542426070742,0.4430457573929258,0.0,3207,54.950235558965446,1,hist_gradient_boosting_lagged_player_history_v2,2026-W02 pregame,41.34427985892046,1,first_order_markov_outcome_regime_v2,2026-W02 pregame,1,prior+current,1,,0,,,,,,,,0,,,,,0,2026,2,draftkings,DraftKings,-110.0,-114.0,UNDER,0.88176,0.504212299915754,-114.0,-745.7374830852502,0.377547700084246,0.377547700084246,,,,,,,,,,,,0,,,,,,,,2026-09-22T14:30:15Z,35282021679,ca5a001bb817e495ca2d74b1e03ce43886493f43,75,UNDER,00-0036997,RESOLVED_GSIS,True,30.0,stats_table,22.445976763001653,45.5,true,UNDER,WIN,0.8771929824561403,RB
85ef85098ddd22fe4ecf45e7e3c0a9c0,Jayden Daniels,jaydendaniels,WAS,DAL,rush_yards,player_rush_yds,38.5,22.740712887621434,17.79824730630601,13.7011658850103,25000,22.74071288762144,calibrated,nonnegative_oos_linear_blend_v2,0.5569542426070742,0.4430457573929258,0.0,3207,28.9539022219496,1,hist_gradient_boosting_lagged_player_history_v2,2026-W02 pregame,23.34910107960389,1,first_order_markov_outcome_regime_v2,2026-W02 pregame,1,prior+current,1,,0,,,,,,,,0,,,,,0,2026,2,draftkings,DraftKings,-111.0,-113.0,UNDER,0.86984,0.5021058838394474,-113.0,-668.2851874615855,0.3677341161605525,0.3677341161605525,,,,,,,,,,,,0,,,,,,,,2026-09-22T14:30:15Z,35282021679,ca5a001bb817e495ca2d74b1e03ce43886493f43,37.5,UNDER,00-0039910,RESOLVED_GSIS,True,69.0,stats_table,-46.259287112378566,-30.5,false,OVER,LOSS,-1.0,QB
85ef85098ddd22fe4ecf45e7e3c0a9c0,Rachaad White,rachaadwhite,WAS,DAL,rush_yards,player_rush_yds,24.5,23.747681818841667,21.18111837916461,12.72339712936606,25000,23.74768181884167,calibrated,nonnegative_oos_linear_blend_v2,0.5569542426070742,0.4430457573929258,0.0,3207,26.97411695064364,1,hist_gradient_boosting_lagged_player_history_v2,2026-W02 pregame,41.34427985892046,1,first_order_markov_outcome_regime_v2,2026-W02 pregame,1,prior+current,1,,0,,,,,,,,0,,,,,0,2026,2,fanduel,FanDuel,-114.0,-114.0,UNDER,0.56596,0.5,-114.0,-130.39351211869874,0.06596,0.06596,,,,,,,,,,,,0,,,,,,,,2026-09-22T14:30:15Z,35282021679,ca5a001bb817e495ca2d74b1e03ce43886493f43,24,UNDER,00-0037256,RESOLVED_GSIS,True,43.0,stats_table,-19.252318181158333,-18.5,false,OVER,LOSS,-1.0,RB
9d14f87600f6edc74dbcb5c74edf6246,Aaron Rodgers,aaronrodgers,PIT,NE,rush_yards,player_rush_yds,0.5,4.2521922037145,1.257242805232504,6.237825463363644,25000,4.2521922037145,calibrated,nonnegative_oos_linear_blend_v2,0.5569542426070742,0.4430457573929258,0.0,3207,8.017152698299945,1,hist_gradient_boosting_lagged_player_history_v2,2026-W02 pregame,10.269107454277156,1,first_order_markov_outcome_regime_v2,2026-W02 pregame,1,prior+current,1,,0,,,,,,,,0,,,,,0,2026,2,draftkings,DraftKings,-107.0,-117.0,OVER,0.4826,0.4894599266410894,-107.0,107.21094073767097,-0.0068599266410894,0.0068599266410894,,,,,,,,,,,,0,,,,,,,,2026-09-22T14:30:15Z,35282021679,ca5a001bb817e495ca2d74b1e03ce43886493f43,0.5,OVER,00-0023459,RESOLVED_GSIS,True,5.0,stats_table,-0.7478077962854996,-4.5,true,OVER,WIN,0.9345794392523364,QB
9d14f87600f6edc74dbcb5c74edf6246,Drake Maye,drakemaye,NE,PIT,rush_yards,player_rush_yds,26.5,21.35217121662111,14.115082537639733,14.047509896634208,25000,21.35217121662111,calibrated,nonnegative_oos_linear_blend_v2,0.5569542426070742,0.4430457573929258,0.0,3207,30.44993860661003,1,hist_gradient_boosting_lagged_player_history_v2,2026-W02 pregame,23.34910107960389,1,first_order_markov_outcome_regime_v2,2026-W02 pregame,1,prior+current,1,,0,,,,,,,,0,,,,,0,2026,2,draftkings,DraftKings,-108.0,-116.0,UNDER,0.68232,0.5084288604180716,-116.0,-214.78217073784944,0.1738911395819284,0.1738911395819284,,,,,,,,,,,,0,,,,,,,,2026-09-22T14:30:15Z,35282021679,ca5a001bb817e495ca2d74b1e03ce43886493f43,26,UNDER,00-0039851,RESOLVED_GSIS,True,17.0,stats_table,4.352171216621109,9.5,true,UNDER,WIN,0.8620689655172413,QB
9d14f87600f6edc74dbcb5c74edf6246,Jaylen Warren,jaylenwarren,PIT,NE,rush_yards,player_rush_yds,42.5,46.46663219288551,29.78387103431223,21.92203424228942,25000,46.4666321928855,calibrated,nonnegative_oos_linear_blend_v2,0.5569542426070742,0.4430457573929258,0.0,3207,67.43858475224037,1,hist_gradient_boosting_lagged_player_history_v2,2026-W02 pregame,41.34427985892046,1,first_order_markov_outcome_regime_v2,2026-W02 pregame,1,prior+current,1,,0,,,,,,,,0,,,,,0,2026,2,draftkings,DraftKings,-113.0,-111.0,OVER,0.537,0.5021058838394474,-113.0,-115.98272138228944,0.0348941161605526,0.0348941161605526,,,,,,,,,,,,0,,,,,,,,2026-09-22T14:30:15Z,35282021679,ca5a001bb817e495ca2d74b1e03ce43886493f43,42.5,OVER,00-0037228,RESOLVED_GSIS,True,43.0,stats_table,3.4666321928855126,-0.5,false,OVER,WIN,0.8849557522123894,RB
9d14f87600f6edc74dbcb5c74edf6246,Rhamondre Stevenson,rhamondrestevenson,NE,PIT,rush_yards,player_rush_yds,49.5,34.018192992276994,26.71533759731222,16.5620202099405,25000,34.018192992276994,calibrated,nonnegative_oos_linear_blend_v2,0.5569542426070742,0.4430457573929258,0.0,3207,43.19863593186339,1,hist_gradient_boosting_lagged_player_history_v2,2026-W02 pregame,58.05855573171216,1,first_order_markov_outcome_regime_v2,2026-W02 pregame,1,prior+current,1,,0,,,,,,,,0,,,,,0,2026,2,draftkings,DraftKings,-111.0,-113.0,UNDER,0.82664,0.5021058838394474,-113.0,-476.83433317951096,0.3245341161605526,0.3245341161605526,,,,,,,,,,,,0,,,,,,,,2026-09-22T14:30:15Z,35282021679,ca5a001bb817e495ca2d74b1e03ce43886493f43,49,UNDER,00-0036875,RESOLVED_GSIS,True,43.0,stats_table,-8.981807007723006,6.5,false,UNDER,WIN,0.8849557522123894,RB
9d14f87600f6edc74dbcb5c74edf6246,Rico Dowdle,ricodowdle,PIT,NE,rush_yards,player_rush_yds,32.5,36.52744836009778,26.4758443691982,17.889315482326854,25000,36.52744836009778,calibrated,nonnegative_oos_linear_blend_v2,0.5569542426070742,0.4430457573929258,0.0,3207,49.16335197574339,1,hist_gradient_boosting_lagged_player_history_v2,2026-W02 pregame,23.01739326735847,1,first_order_markov_outcome_regime_v2,2026-W02 pregame,1,prior+current,1,,0,,,,,,,,0,,,,,0,2026,2,draftkings,DraftKings,-110.0,-114.0,OVER,0.5514,0.495787700084246,-110.0,-122.91573785109227,0.055612299915754,0.055612299915754,,,,,,,,,,,,0,,,,,,,,2026-09-22T14:30:15Z,35282021679,ca5a001bb817e495ca2d74b1e03ce43886493f43,32.5,OVER,00-0036139,RESOLVED_GSIS,True,22.0,stats_table,14.527448360097779,10.5,false,UNDER,LOSS,-1.0,RB
9d14f87600f6edc74dbcb5c74edf6246,TreVeyon Henderson,treveyonhenderson,NE,PIT,rush_yards,player_rush_yds,37.5,42.41593653180361,29.58200537009916,20.60576899409088,25000,42.4159365318036,calibrated,nonnegative_oos_linear_blend_v2,0.5569542426070742,0.4430457573929258,0.0,3207,58.549512557674745,1,hist_gradient_boosting_lagged_player_history_v2,2026-W02 pregame,58.05855573171216,1,first_order_markov_outcome_regime_v2,2026-W02 pregame,1,prior_only,1,,0,,,,,,,,0,,,,,0,2026,2,draftkings,DraftKings,-113.0,-111.0,OVER,0.5566,0.5021058838394474,-113.0,-125.52999548940008,0.0544941161605525,0.0544941161605525,,,,,,,,,,,,0,,,,,,,,2026-09-22T14:30:15Z,35282021679,ca5a001bb817e495ca2d74b1e03ce43886493f43,37,OVER,00-0040734,RESOLVED_GSIS,True,76.0,stats_table,-33.58406346819639,-38.5,true,OVER,WIN,0.8849557522123894,RB
aee7eae1849ebb103b9bf233e9741392,Bijan Robinson,bijanrobinson,ATL,CAR,rush_yards,player_rush_yds,81.5,73.28551278192485,59.03575025682915,25.23244086599449,25000,73.28551278192487,calibrated,nonnegative_oos_linear_blend_v2,0.5569542426070742,0.4430457573929258,0.0,3207,91.19893495573596,1,hist_gradient_boosting_lagged_player_history_v2,2026-W02 pregame,58.05855573171216,1,first_order_markov_outcome_regime_v2,2026-W02 pregame,1,prior+current,1,,0,,,,,,,,0,,,,,0,2026,2,draftkings,DraftKings,-114.0,-110.0,UNDER,0.65152,0.4957877000842461,-110.0,-186.9605142332415,0.1557322999157538,0.1557322999157538,,,,,,,,,,,,0,,,,,,,,2026-09-22T14:30:15Z,35282021679,ca5a001bb817e495ca2d74b1e03ce43886493f43,81,UNDER,00-0038542,RESOLVED_GSIS,True,72.0,stats_table,1.2855127819248509,9.5,true,UNDER,WIN,0.9090909090909091,RB
fafc649c455e32a0f2ba1bd06e2039bc,Cam Ward,camward,TEN,PHI,rush_yards,player_rush_yds,11.5,12.457321704682846,10.32930775016054,9.156244382657976,25000,12.457321704682844,calibrated,nonnegative_oos_linear_blend_v2,0.5569542426070742,0.4430457573929258,0.0,3207,15.132454872129308,1,hist_gradient_boosting_lagged_player_history_v2,2026-W02 pregame,23.34910107960389,1,first_order_markov_outcome_regime_v2,2026-W02 pregame,1,prior+current,1,,0,,,,,,,,0,,,,,0,2026,2,draftkings,DraftKings,-110.0,-114.0,OVER,0.476,0.495787700084246,-110.0,110.0840336134454,-0.019787700084246,0.019787700084246,,,,,,,,,,,,0,,,,,,,,2026-09-22T14:30:15Z,35282021679,ca5a001bb817e495ca2d74b1e03ce43886493f43,11.5,OVER,00-0040676,RESOLVED_GSIS,True,7.0,stats_table,5.457321704682846,4.5,false,UNDER,LOSS,-1.0,QB
fafc649c455e32a0f2ba1bd06e2039bc,Jalen Hurts,jalenhurts,PHI,TEN,rush_yards,player_rush_yds,30.5,22.761278418293983,16.648366173040877,13.71906119068096,25000,22.761278418293976,calibrated,nonnegative_oos_linear_blend_v2,0.5569542426070742,0.4430457573929258,0.0,3207,30.445840007852286,1,hist_gradient_boosting_lagged_player_history_v2,2026-W02 pregame,23.34910107960389,1,first_order_markov_outcome_regime_v2,2026-W02 pregame,1,prior+current,1,,0,,,,,,,,0,,,,,0,2026,2,draftkings,DraftKings,-111.0,-113.0,UNDER,0.73792,0.5021058838394474,-113.0,-281.5628815628816,0.2358141161605526,0.2358141161605526,,,,,,,,,,,,0,,,,,,,,2026-09-22T14:30:15Z,35282021679,ca5a001bb817e495ca2d74b1e03ce43886493f43,30,UNDER,00-0036389,RESOLVED_GSIS,True,16.0,stats_table,6.761278418293983,14.5,true,UNDER,WIN,0.8849557522123894,QB
fafc649c455e32a0f2ba1bd06e2039bc,Saquon Barkley,saquonbarkley,PHI,TEN,rush_yards,player_rush_yds,77.5,72.23811616012077,44.354012227766106,27.320900379968474,25000,72.23811616012077,calibrated,nonnegative_oos_linear_blend_v2,0.5569542426070742,0.4430457573929258,0.0,3207,107.29131264665936,1,hist_gradient_boosting_lagged_player_history_v2,2026-W02 pregame,58.05855573171216,1,first_order_markov_outcome_regime_v2,2026-W02 pregame,1,prior+current,1,,0,,,,,,,,0,,,,,0,2026,2,draftkings,DraftKings,-114.0,-110.0,UNDER,0.6029599999999999,0.4957877000842461,-110.0,-151.86379206125324,0.1071722999157538,0.1071722999157538,,,,,,,,,,,,0,,,,,,,,2026-09-22T14:30:15Z,35282021679,ca5a001bb817e495ca2d74b1e03ce43886493f43,78.5,UNDER,00-0034844,RESOLVED_GSIS,True,9.0,stats_table,63.23811616012077,68.5,true,UNDER,WIN,0.9090909090909091,RB
fafc649c455e32a0f2ba1bd06e2039bc,Tony Pollard,tonypollard,TEN,PHI,rush_yards,player_rush_yds,42.5,64.01679429040044,46.17544101291989,24.064026067677563,25000,64.01679429040043,calibrated,nonnegative_oos_linear_blend_v2,0.5569542426070742,0.4430457573929258,0.0,3207,86.44521671840644,1,hist_gradient_boosting_lagged_player_history_v2,2026-W02 pregame,41.34427985892046,1,first_order_markov_outcome_regime_v2,2026-W02 pregame,1,prior+current,1,,0,,,,,,,,0,,,,,0,2026,2,draftkings,DraftKings,-115.0,-109.0,OVER,0.81196,0.5063197809142617,-115.0,-431.80174430972136,0.3056402190857383,0.3056402190857383,,,,,,,,,,,,0,,,,,,,,2026-09-22T14:30:15Z,35282021679,ca5a001bb817e495ca2d74b1e03ce43886493f43,42,OVER,00-0035261,RESOLVED_GSIS,True,64.0,stats_table,0.01679429040044056,-21.5,true,OVER,WIN,0.8695652173913043,RB
fafc649c455e32a0f2ba1bd06e2039bc,Tyjae Spears,tyjaespears,TEN,PHI,rush_yards,player_rush_yds,17.5,21.140436647158428,21.36338222214632,11.130875849775304,25000,21.14043664715843,calibrated,nonnegative_oos_linear_blend_v2,0.5569542426070742,0.4430457573929258,0.0,3207,20.860171049783904,1,hist_gradient_boosting_lagged_player_history_v2,2026-W02 pregame,23.01739326735847,1,first_order_markov_outcome_regime_v2,2026-W02 pregame,1,prior+current,1,,0,,,,,,,,0,,,,,0,2026,2,draftkings,DraftKings,-111.0,-113.0,OVER,0.59052,0.4978941161605526,-111.0,-144.2121715346293,0.0926258838394474,0.0926258838394474,,,,,,,,,,,,0,,,,,,,,2026-09-22T14:30:15Z,35282021679,ca5a001bb817e495ca2d74b1e03ce43886493f43,17.5,OVER,00-0039032,RESOLVED_GSIS,True,41.0,stats_table,-19.859563352841572,-23.5,true,OVER,WIN,0.9009009009009009,RB
17885cb8dcade8f6c3bce14b2de805e8,Chig Okonkwo,chigokonkwo,WAS,PHI,rec_yards,player_reception_yds,25.5,20.919855258493904,20.919855258493904,13.85579996708723,25000,20.919855258493904,uncalibrated_mc_only,mc_fallback_no_oos_weights,1.0,0.0,0.0,0,33.319652621687425,1,hist_gradient_boosting_lagged_player_history_v2,2026-W01 pregame,20.221702662301915,1,first_order_markov_outcome_regime_v2,2026-W01 pregame,1,prior_only,1,,0,,,,,,,,0,,,,,0,2026,1,draftkings,DraftKings,-113.0,-111.0,UNDER,0.6692400000000001,0.4978941161605525,-111.0,-202.3340186237756,0.1713458838394475,0.1713458838394475,chigokonkwo,False,,,False,chigokonkwo,False,,,,,0,,,,,,,,2026-09-20T15:36:11Z,35520068364,a71609590d6f2247c2cc08210b077c34ab339d30,25.5,UNDER,00-0037809,RESOLVED_GSIS,True,16.0,stats_table,4.919855258493904,9.5,true,UNDER,WIN,0.9009009009009009,TE
17885cb8dcade8f6c3bce14b2de805e8,Dallas Goedert,dallasgoedert,PHI,WAS,rec_yards,player_reception_yds,35.5,35.07652514887232,35.07652514887232,18.163914741620168,25000,35.07652514887232,uncalibrated_mc_only,mc_fallback_no_oos_weights,1.0,0.0,0.0,0,43.26457227257885,1,hist_gradient_boosting_lagged_player_history_v2,2026-W01 pregame,20.221702662301915,1,first_order_markov_outcome_regime_v2,2026-W01 pregame,1,prior_only,1,,0,,,,,,,,0,,,,,0,2026,1,draftkings,DraftKings,-110.0,-114.0,UNDER,0.55072,0.504212299915754,-114.0,-122.57834757834756,0.0465077000842459,0.0465077000842459,dallasgoedert,False,,,False,dallasgoedert,False,,,,,0,,,,,,,,2026-09-20T15:36:11Z,35520068364,a71609590d6f2247c2cc08210b077c34ab339d30,36,UNDER,00-0034351,RESOLVED_GSIS,True,77.0,stats_table,-41.92347485112768,-41.5,false,OVER,LOSS,-1.0,TE
17885cb8dcade8f6c3bce14b2de805e8,DeVonta Smith,devontasmith,PHI,WAS,rec_yards,player_reception_yds,67.5,54.13112355495719,54.13112355495719,25.022542987075788,25000,54.13112355495719,uncalibrated_mc_only,mc_fallback_no_oos_weights,1.0,0.0,0.0,0,40.383255642242766,1,hist_gradient_boosting_lagged_player_history_v2,2026-W01 pregame,47.70919305281242,1,first_order_markov_outcome_regime_v2,2026-W01 pregame,1,prior_only,1,WR1,0,,,,,,,,0,,,,,0,2026,1,draftkings,DraftKings,-112.0,-112.0,UNDER,0.7223200000000001,0.5,-112.0,-260.1267646211468,0.22232,0.22232,devontasmith,False,,,False,devontasmith,False,,,,,0,,,,,,,,2026-09-20T15:36:11Z,35520068364,a71609590d6f2247c2cc08210b077c34ab339d30,67,UNDER,00-0036912,RESOLVED_GSIS,True,53.0,stats_table,1.1311235549571919,14.5,true,UNDER,WIN,0.8928571428571429,WR
17885cb8dcade8f6c3bce14b2de805e8,Dontayvion Wicks,dontayvionwicks,PHI,WAS,rec_yards,player_reception_yds,29.5,16.55285653459577,16.55285653459577,12.794066652708723,25000,16.55285653459577,uncalibrated_mc_only,mc_fallback_no_oos_weights,1.0,0.0,0.0,0,23.2536118723933,1,hist_gradient_boosting_lagged_player_history_v2,2026-W01 pregame,25.94144256040772,1,first_order_markov_outcome_regime_v2,2026-W01 pregame,1,prior_only,1,WR1_5,0,,,,,,,,0,,,,,0,2026,1,draftkings,DraftKings,-112.0,-112.0,UNDER,0.84744,0.5,-112.0,-555.4798112218143,0.3474399999999999,0.3474399999999999,dontayvionwicks,False,,,False,dontayvionwicks,False,,,,,0,,,,,,,,2026-09-20T15:36:11Z,35520068364,a71609590d6f2247c2cc08210b077c34ab339d30,29,UNDER,00-0038393,RESOLVED_GSIS,True,73.0,stats_table,-56.44714346540423,-43.5,false,OVER,LOSS,-1.0,WR
17885cb8dcade8f6c3bce14b2de805e8,Jacory Croskey-Merritt,jacorycroskeymerritt,WAS,PHI,rec_yards,player_reception_yds,7.5,6.152966859253548,6.152966859253548,9.148048666297882,25000,6.152966859253548,uncalibrated_mc_only,mc_fallback_no_oos_weights,1.0,0.0,0.0,0,4.429381959684872,1,hist_gradient_boosting_lagged_player_history_v2,2026-W01 pregame,13.94307965168304,1,first_order_markov_outcome_regime_v2,2026-W01 pregame,1,prior_only,1,,0,,,,,,,,0,,,,,0,2026,1,draftkings,DraftKings,-104.0,-120.0,UNDER,0.7123200000000001,0.5168918918918919,-120.0,-247.60845383759727,0.1954281081081081,0.1954281081081081,jacorycroskeymerritt,True,RB_R22_WEEK1_RECEIVING_TAIL_PRODUCTION_V1,34288244770.0,True,jacorycroskeymerritt,False,,,,,0,,,,,,,,2026-09-20T15:36:11Z,35520068364,a71609590d6f2247c2cc08210b077c34ab339d30,7.5,UNDER,00-0040242,RESOLVED_GSIS,True,-7.0,stats_table,13.152966859253548,14.5,true,UNDER,WIN,0.8333333333333334,RB
17885cb8dcade8f6c3bce14b2de805e8,Makai Lemon,makailemon,PHI,WAS,rec_yards,player_reception_yds,23.5,18.68407833462918,18.68407833462918,13.825719944836216,25000,18.68407833462918,uncalibrated_mc_only,mc_fallback_no_oos_weights,1.0,0.0,0.0,0,17.2617709307919,1,hist_gradient_boosting_lagged_player_history_v2,2026-W01 pregame,,0,first_order_markov_outcome_regime_v2,2026-W01 pregame,1,position_prior_only,1,,0,,,,,,,,0,,,,,0,2026,1,draftkings,DraftKings,-109.0,-115.0,UNDER,0.68224,0.5063197809142617,-115.0,-214.70292044310165,0.1759202190857383,0.1759202190857383,makailemon,False,,,False,makailemon,False,,,,,0,,,,,,,,2026-09-20T15:36:11Z,35520068364,a71609590d6f2247c2cc08210b077c34ab339d30,24,UNDER,00-0040867,RESOLVED_GSIS,True,-5.0,stats_table,23.68407833462918,28.5,true,UNDER,WIN,0.8695652173913043,WR
17885cb8dcade8f6c3bce14b2de805e8,Rachaad White,rachaadwhite,WAS,PHI,rec_yards,player_reception_yds,14.5,9.243922369039272,9.243922369039272,11.6126912588293,25000,9.243922369039272,uncalibrated_mc_only,mc_fallback_no_oos_weights,1.0,0.0,0.0,0,13.215530738768049,1,hist_gradient_boosting_lagged_player_history_v2,2026-W01 pregame,19.618365840897663,1,first_order_markov_outcome_regime_v2,2026-W01 pregame,1,prior_only,1,,0,,,,,,,,0,,,,,0,2026,1,draftkings,DraftKings,-117.0,-107.0,UNDER,0.7764800000000001,0.4894599266410894,-107.0,-347.3872584108806,0.2870200733589106,0.2870200733589106,rachaadwhite,True,RB_R22_WEEK1_RECEIVING_TAIL_PRODUCTION_V1,34288244770.0,True,rachaadwhite,False,,,,,0,,,,,,,,2026-09-20T15:36:11Z,35520068364,a71609590d6f2247c2cc08210b077c34ab339d30,14.5,UNDER,00-0037256,RESOLVED_GSIS,True,5.0,stats_table,4.243922369039272,9.5,true,UNDER,WIN,0.9345794392523364,RB
17885cb8dcade8f6c3bce14b2de805e8,Saquon Barkley,saquonbarkley,PHI,WAS,rec_yards,player_reception_yds,16.5,13.640979502899864,13.640979502899864,13.8890594264418,25000,13.640979502899864,uncalibrated_mc_only,mc_fallback_no_oos_weights,1.0,0.0,0.0,0,16.238887216231205,1,hist_gradient_boosting_lagged_player_history_v2,2026-W01 pregame,13.94307965168304,1,first_order_markov_outcome_regime_v2,2026-W01 pregame,1,prior_only,1,,0,,,,,,,,0,,,,,0,2026,1,draftkings,DraftKings,-113.0,-111.0,UNDER,0.7236400000000001,0.4978941161605525,-111.0,-261.846866406137,0.2257458838394475,0.2257458838394475,saquonbarkley,True,RB_R22_WEEK1_RECEIVING_TAIL_PRODUCTION_V1,34288244770.0,True,saquonbarkley,False,,,,,0,,,,,,,,2026-09-20T15:36:11Z,35520068364,a71609590d6f2247c2cc08210b077c34ab339d30,16,UNDER,00-0034844,RESOLVED_GSIS,True,-3.0,stats_table,16.640979502899864,19.5,true,UNDER,WIN,0.9009009009009009,RB
17885cb8dcade8f6c3bce14b2de805e8,Stefon Diggs,stefondiggs,WAS,PHI,rec_yards,player_reception_yds,40.5,29.902469553897955,29.902469553897955,18.843429803722604,25000,29.902469553897955,uncalibrated_mc_only,mc_fallback_no_oos_weights,1.0,0.0,0.0,0,45.50203386069013,1,hist_gradient_boosting_lagged_player_history_v2,2026-W01 pregame,47.70919305281242,1,first_order_markov_outcome_regime_v2,2026-W01 pregame,1,prior_only,1,WR1_5,0,,,,,,,,0,,,,,0,2026,1,draftkings,DraftKings,-111.0,-113.0,UNDER,0.73968,0.5021058838394474,-113.0,-284.1425937307929,0.2375741161605525,0.2375741161605525,stefondiggs,False,,,False,stefondiggs,False,,,,,0,,,,,,,,2026-09-20T15:36:11Z,35520068364,a71609590d6f2247c2cc08210b077c34ab339d30,41.5,UNDER,00-0031588,RESOLVED_GSIS,True,55.0,stats_table,-25.097530446102045,-14.5,false,OVER,LOSS,-1.0,WR
17885cb8dcade8f6c3bce14b2de805e8,Terry McLaurin,terrymclaurin,WAS,PHI,rec_yards,player_reception_yds,52.5,50.32831853448081,50.32831853448081,24.91866634034136,25000,50.32831853448081,uncalibrated_mc_only,mc_fallback_no_oos_weights,1.0,0.0,0.0,0,53.4562864069468,1,hist_gradient_boosting_lagged_player_history_v2,2026-W01 pregame,47.70919305281242,1,first_order_markov_outcome_regime_v2,2026-W01 pregame,1,prior_only,1,WR1,0,,,,,,,,0,,,,,0,2026,1,fanduel,FanDuel,-114.0,-114.0,UNDER,0.57184,0.5,-114.0,-133.55754857997013,0.07184,0.07184,terrymclaurin,False,,,False,terrymclaurin,False,,,,,0,,,,,,,,2026-09-20T15:36:11Z,35520068364,a71609590d6f2247c2cc08210b077c34ab339d30,51,UNDER,00-0035659,RESOLVED_GSIS,True,14.0,stats_table,36.32831853448081,38.5,true,UNDER,WIN,0.8771929824561403,WR
1edfa5ceaa1ad2cb57df1c1b908731f6,Charlie Kolar,charliekolar,LAC,ARI,rec_yards,player_reception_yds,16.5,17.797036848629254,17.797036848629254,13.867803537694387,25000,17.797036848629254,uncalibrated_mc_only,mc_fallback_no_oos_weights,1.0,0.0,0.0,0,16.070608872425968,1,hist_gradient_boosting_lagged_player_history_v2,2026-W01 pregame,20.221702662301915,1,first_order_markov_outcome_regime_v2,2026-W01 pregame,1,prior_only,1,,0,,,,,,,,0,,,,,0,2026,1,draftkings,DraftKings,-115.0,-109.0,OVER,0.473,0.5063197809142617,-115.0,111.41649048625794,-0.0333197809142616,0.0333197809142616,charliekolar,False,,,False,charliekolar,False,,,,,0,,,,,,,,2026-09-20T15:36:11Z,35520068364,a71609590d6f2247c2cc08210b077c34ab339d30,17,OVER,00-0038046,RESOLVED_GSIS,True,0.0,stats_table,17.797036848629254,16.5,false,UNDER,LOSS,-1.0,TE
1edfa5ceaa1ad2cb57df1c1b908731f6,Jeremiyah Love,jeremiyahlove,ARI,LAC,rec_yards,player_reception_yds,15.5,9.131694577172157,9.131694577172157,10.718817923132033,25000,9.131694577172157,uncalibrated_mc_only,mc_fallback_no_oos_weights,1.0,0.0,0.0,0,13.859127181051209,1,hist_gradient_boosting_lagged_player_history_v2,2026-W01 pregame,,0,first_order_markov_outcome_regime_v2,2026-W01 pregame,1,position_prior_only,1,,0,,,,,,,,0,,,,,0,2026,1,draftkings,DraftKings,-112.0,-112.0,UNDER,0.7816,0.5,-112.0,-357.8754578754578,0.2815999999999999,0.2815999999999999,jeremiyahlove,True,RB_R22_WEEK1_RECEIVING_TAIL_PRODUCTION_V1,34288244770.0,True,jeremiyahlove,False,,,,,0,,,,,,,,2026-09-20T15:36:11Z,35520068364,a71609590d6f2247c2cc08210b077c34ab339d30,15.5,UNDER,00-0041027,RESOLVED_GSIS,True,9.0,stats_table,0.1316945771721567,6.5,true,UNDER,WIN,0.8928571428571429,RB
1edfa5ceaa1ad2cb57df1c1b908731f6,Kendrick Bourne,kendrickbourne,ARI,LAC,rec_yards,player_reception_yds,18.5,23.07389032332049,23.07389032332049,16.855644105073733,25000,23.07389032332049,uncalibrated_mc_only,mc_fallback_no_oos_weights,1.0,0.0,0.0,0,18.83436689407342,1,hist_gradient_boosting_lagged_player_history_v2,2026-W01 pregame,25.94144256040772,1,first_order_markov_outcome_regime_v2,2026-W01 pregame,1,prior_only,1,,0,,,,,,,,0,,,,,0,2026,1,draftkings,DraftKings,-109.0,-115.0,OVER,0.54372,0.4936802190857384,-109.0,-119.1636714298238,0.0500397809142615,0.0500397809142615,kendrickbourne,False,,,False,kendrickbourne,False,,,,,0,,,,,,,,2026-09-20T15:36:11Z,35520068364,a71609590d6f2247c2cc08210b077c34ab339d30,18.5,OVER,00-0033307,RESOLVED_GSIS,True,75.0,stats_table,-51.92610967667951,-56.5,true,OVER,WIN,0.9174311926605505,WR
1edfa5ceaa1ad2cb57df1c1b908731f6,Ladd McConkey,laddmcconkey,LAC,ARI,rec_yards,player_reception_yds,58.5,42.692891035956,42.692891035956,21.212874032729665,25000,42.692891035956,uncalibrated_mc_only,mc_fallback_no_oos_weights,1.0,0.0,0.0,0,33.726551524071574,1,hist_gradient_boosting_lagged_player_history_v2,2026-W01 pregame,35.93002065459977,1,first_order_markov_outcome_regime_v2,2026-W01 pregame,1,prior_only,1,WR1,0,,,,,,,,0,,,,,0,2026,1,draftkings,DraftKings,-113.0,-111.0,UNDER,0.7823599999999999,0.4978941161605525,-111.0,-359.47436133063763,0.2844658838394474,0.2844658838394474,laddmcconkey,False,,,False,laddmcconkey,False,,,,,0,,,,,,,,2026-09-20T15:36:11Z,35520068364,a71609590d6f2247c2cc08210b077c34ab339d30,57.5,UNDER,00-0039915,RESOLVED_GSIS,True,82.0,stats_table,-39.307108964044,-23.5,false,OVER,LOSS,-1.0,WR
1edfa5ceaa1ad2cb57df1c1b908731f6,Marvin Harrison Jr.,marvinharrisonjr,ARI,LAC,rec_yards,player_reception_yds,47.5,23.170728175069968,23.170728175069968,15.764431911178638,25000,23.170728175069968,uncalibrated_mc_only,mc_fallback_no_oos_weights,1.0,0.0,0.0,0,,0,,,,0,,,0,,0,,0,,,,,,,,0,,,,,0,2026,1,draftkings,DraftKings,-110.0,-114.0,UNDER,0.92232,0.504212299915754,-114.0,-1187.3326467559225,0.418107700084246,0.418107700084246,marvinharrison,False,,,False,marvinharrison,False,,,,,0,,,,,,,,2026-09-20T15:36:11Z,35520068364,a71609590d6f2247c2cc08210b077c34ab339d30,47.5,UNDER,00-0039849,RESOLVED_GSIS,True,33.0,stats_table,-9.829271824930032,14.5,true,UNDER,WIN,0.8771929824561403,WR
1edfa5ceaa1ad2cb57df1c1b908731f6,Michael Wilson,michaelwilson,ARI,LAC,rec_yards,player_reception_yds,41.5,39.90664526642879,39.90664526642879,20.679470785694622,25000,39.90664526642879,uncalibrated_mc_only,mc_fallback_no_oos_weights,1.0,0.0,0.0,0,60.36269330386307,1,hist_gradient_boosting_lagged_player_history_v2,2026-W01 pregame,47.70919305281242,1,first_order_markov_outcome_regime_v2,2026-W01 pregame,1,prior_only,1,WR1,0,,,,,,,,0,,,,,0,2026,1,draftkings,DraftKings,-111.0,-113.0,UNDER,0.57052,0.5021058838394474,-113.0,-132.83971314147342,0.0684141161605526,0.0684141161605526,michaelwilson,False,,,False,michaelwilson,False,,,,,0,,,,,,,,2026-09-20T15:36:11Z,35520068364,a71609590d6f2247c2cc08210b077c34ab339d30,41.5,UNDER,00-0038559,RESOLVED_GSIS,True,56.0,stats_table,-16.09335473357121,-14.5,false,OVER,LOSS,-1.0,WR
1edfa5ceaa1ad2cb57df1c1b908731f6,Omarion Hampton,omarionhampton,LAC,ARI,rec_yards,player_reception_yds,12.5,14.151700341703007,14.151700341703007,13.972897185826463,25000,14.151700341703007,uncalibrated_mc_only,mc_fallback_no_oos_weights,1.0,0.0,0.0,0,19.73677783234192,1,hist_gradient_boosting_lagged_player_history_v2,2026-W01 pregame,19.618365840897663,1,first_order_markov_outcome_regime_v2,2026-W01 pregame,1,prior_only,1,,0,,,,,,,,0,,,,,0,2026,1,fanduel,FanDuel,-114.0,-114.0,OVER,0.37652,0.5,-114.0,165.59014129395518,-0.1234799999999999,0.1234799999999999,omarionhampton,True,RB_R22_WEEK1_RECEIVING_TAIL_PRODUCTION_V1,34288244770.0,True,omarionhampton,False,,,,,0,,,,,,,,2026-09-20T15:36:11Z,35520068364,a71609590d6f2247c2cc08210b077c34ab339d30,13.5,OVER,00-0040666,RESOLVED_GSIS,True,0.0,stats_table,14.151700341703007,12.5,false,UNDER,LOSS,-1.0,RB
1edfa5ceaa1ad2cb57df1c1b908731f6,Quentin Johnston,quentinjohnston,LAC,ARI,rec_yards,player_reception_yds,43.5,32.90808183862423,32.90808183862423,19.366032146994,25000,32.90808183862423,uncalibrated_mc_only,mc_fallback_no_oos_weights,1.0,0.0,0.0,0,46.579204603401735,1,hist_gradient_boosting_lagged_player_history_v2,2026-W01 pregame,47.70919305281242,1,first_order_markov_outcome_regime_v2,2026-W01 pregame,1,prior_only,1,WR1_5,0,,,,,,,,0,,,,,0,2026,1,draftkings,DraftKings,-113.0,-111.0,UNDER,0.73112,0.4978941161605525,-111.0,-271.9131210949122,0.2332258838394474,0.2332258838394474,quentinjohnston,False,,,False,quentinjohnston,False,,,,,0,,,,,,,,2026-09-20T15:36:11Z,35520068364,a71609590d6f2247c2cc08210b077c34ab339d30,43,UNDER,00-0038544,RESOLVED_GSIS,True,17.0,stats_table,15.908081838624227,26.5,true,UNDER,WIN,0.9009009009009009,WR
1edfa5ceaa1ad2cb57df1c1b908731f6,Tre Harris,treharris,LAC,ARI,rec_yards,player_reception_yds,26.5,21.060023500061185,21.060023500061185,14.72775030364011,25000,21.060023500061185,uncalibrated_mc_only,mc_fallback_no_oos_weights,1.0,0.0,0.0,0,27.55550596794707,1,hist_gradient_boosting_lagged_player_history_v2,2026-W01 pregame,35.93002065459977,1,first_order_markov_outcome_regime_v2,2026-W01 pregame,1,prior_only,1,,0,,,,,,,,0,,,,,0,2026,1,draftkings,DraftKings,-112.0,-112.0,UNDER,0.69028,0.5,-112.0,-222.87227172930392,0.19028,0.19028,treharris,False,,,False,treharris,False,,,,,0,,,,,,,,2026-09-20T15:36:11Z,35520068364,a71609590d6f2247c2cc08210b077c34ab339d30,26.5,UNDER,00-0040727,RESOLVED_GSIS,True,20.0,stats_table,1.0600235000611846,6.5,true,UNDER,WIN,0.8928571428571429,WR
1edfa5ceaa1ad2cb57df1c1b908731f6,Trey McBride,treymcbride,ARI,LAC,rec_yards,player_reception_yds,56.5,36.95946511915028,36.95946511915028,18.661177930428803,25000,36.95946511915028,uncalibrated_mc_only,mc_fallback_no_oos_weights,1.0,0.0,0.0,0,58.84464531217079,1,hist_gradient_boosting_lagged_player_history_v2,2026-W01 pregame,35.53269378502074,1,first_order_markov_outcome_regime_v2,2026-W01 pregame,1,prior_only,1,,0,,,,,,,,0,,,,,0,2026,1,draftkings,DraftKings,-111.0,-113.0,UNDER,0.85068,0.5021058838394474,-113.0,-569.702652022502,0.3485741161605525,0.3485741161605525,treymcbride,False,,,False,treymcbride,False,,,,,0,,,,,,,,2026-09-20T15:36:11Z,35520068364,a71609590d6f2247c2cc08210b077c34ab339d30,56.5,UNDER,00-0037744,RESOLVED_GSIS,True,95.0,stats_table,-58.04053488084972,-38.5,false,OVER,LOSS,-1.0,TE
3e646c7479c57f5d9752d8c7dfe7059b,Cam Skattebo,camskattebo,NYG,DAL,rec_yards,player_reception_yds,15.5,17.12413976368197,17.12413976368197,14.826250092461793,25000,17.12413976368197,uncalibrated_mc_only,mc_fallback_no_oos_weights,1.0,0.0,0.0,0,19.7950421379638,1,hist_gradient_boosting_lagged_player_history_v2,2026-W01 pregame,19.618365840897663,1,first_order_markov_outcome_regime_v2,2026-W01 pregame,1,prior_only,1,,0,,,,,,,,0,,,,,0,2026,1,draftkings,DraftKings,-108.0,-116.0,OVER,0.37804,0.4915711395819285,-108.0,164.5222727753677,-0.1135311395819285,0.1135311395819285,camskattebo,True,RB_R22_WEEK1_RECEIVING_TAIL_PRODUCTION_V1,34288244770.0,True,camskattebo,False,,,,,0,,,,,,,,2026-09-20T15:36:11Z,35520068364,a71609590d6f2247c2cc08210b077c34ab339d30,15.5,OVER,00-0040715,RESOLVED_GSIS,True,0.0,stats_table,17.12413976368197,15.5,false,UNDER,LOSS,-1.0,RB
3e646c7479c57f5d9752d8c7dfe7059b,CeeDee Lamb,ceedeelamb,DAL,NYG,rec_yards,player_reception_yds,74.5,61.05117747349768,61.05117747349768,26.849793359634667,25000,61.05117747349768,uncalibrated_mc_only,mc_fallback_no_oos_weights,1.0,0.0,0.0,0,50.559943654001046,1,hist_gradient_boosting_lagged_player_history_v2,2026-W01 pregame,25.94144256040772,1,first_order_markov_outcome_regime_v2,2026-W01 pregame,1,prior_only,1,WR1,0,,,,,,,,0,,,,,0,2026,1,draftkings,DraftKings,-112.0,-112.0,UNDER,0.7154,0.5,-112.0,-251.3703443429375,0.2154,0.2154,ceedeelamb,False,,,False,ceedeelamb,False,,,,,0,,,,,,,,2026-09-20T15:36:11Z,35520068364,a71609590d6f2247c2cc08210b077c34ab339d30,75,UNDER,00-0036358,RESOLVED_GSIS,True,44.0,stats_table,17.05117747349768,30.5,true,UNDER,WIN,0.8928571428571429,WR
3e646c7479c57f5d9752d8c7dfe7059b,Darnell Mooney,darnellmooney,NYG,DAL,rec_yards,player_reception_yds,19.5,26.90873049309495,26.90873049309495,15.656762362712312,25000,26.90873049309495,uncalibrated_mc_only,mc_fallback_no_oos_weights,1.0,0.0,0.0,0,29.18806594487301,1,hist_gradient_boosting_lagged_player_history_v2,2026-W01 pregame,35.93002065459977,1,first_order_markov_outcome_regime_v2,2026-W01 pregame,1,prior_only,1,WR1_5,0,,,,,,,,0,,,,,0,2026,1,draftkings,DraftKings,-113.0,-111.0,OVER,0.64936,0.5021058838394474,-113.0,-185.1927903262606,0.1472541161605526,0.1472541161605526,darnellmooney,False,,,False,darnellmooney,False,,,,,0,,,,,,,,2026-09-20T15:36:11Z,35520068364,a71609590d6f2247c2cc08210b077c34ab339d30,19.5,OVER,00-0036309,RESOLVED_GSIS,True,27.0,stats_table,-0.09126950690504998,-7.5,true,OVER,WIN,0.8849557522123894,WR
3e646c7479c57f5d9752d8c7dfe7059b,George Pickens,georgepickens,DAL,NYG,rec_yards,player_reception_yds,67.5,38.67569915285016,38.67569915285016,22.13712033321601,25000,38.67569915285016,uncalibrated_mc_only,mc_fallback_no_oos_weights,1.0,0.0,0.0,0,52.056220682158354,1,hist_gradient_boosting_lagged_player_history_v2,2026-W01 pregame,25.94144256040772,1,first_order_markov_outcome_regime_v2,2026-W01 pregame,1,prior_only,1,WR1_5,0,,,,,,,,0,,,,,0,2026,1,draftkings,DraftKings,-113.0,-111.0,UNDER,0.89512,0.4978941161605525,-111.0,-853.4706331045006,0.3972258838394474,0.3972258838394474,georgepickens,False,,,False,georgepickens,False,,,,,0,,,,,,,,2026-09-20T15:36:11Z,35520068364,a71609590d6f2247c2cc08210b077c34ab339d30,67.5,UNDER,00-0037247,RESOLVED_GSIS,True,28.0,stats_table,10.675699152850157,39.5,true,UNDER,WIN,0.9009009009009009,WR
3e646c7479c57f5d9752d8c7dfe7059b,Isaiah Likely,isaiahlikely,NYG,DAL,rec_yards,player_reception_yds,35.5,26.106280072432952,26.106280072432952,16.411150038387845,25000,26.106280072432952,uncalibrated_mc_only,mc_fallback_no_oos_weights,1.0,0.0,0.0,0,33.64964006375584,1,hist_gradient_boosting_lagged_player_history_v2,2026-W01 pregame,35.53269378502074,1,first_order_markov_outcome_regime_v2,2026-W01 pregame,1,prior_only,1,,0,,,,,,,,0,,,,,0,2026,1,draftkings,DraftKings,-110.0,-114.0,UNDER,0.74368,0.504212299915754,-114.0,-290.1373283395755,0.239467700084246,0.239467700084246,isaiahlikely,False,,,False,isaiahlikely,False,,,,,0,,,,,,,,2026-09-20T15:36:11Z,35520068364,a71609590d6f2247c2cc08210b077c34ab339d30,35.5,UNDER,00-0037838,RESOLVED_GSIS,True,78.0,stats_table,-51.89371992756705,-42.5,false,OVER,LOSS,-1.0,TE
3e646c7479c57f5d9752d8c7dfe7059b,Jake Ferguson,jakeferguson,DAL,NYG,rec_yards,player_reception_yds,30.5,28.73856708072265,28.73856708072265,15.457996436872602,25000,28.73856708072265,uncalibrated_mc_only,mc_fallback_no_oos_weights,1.0,0.0,0.0,0,23.84109254365964,1,hist_gradient_boosting_lagged_player_history_v2,2026-W01 pregame,20.221702662301915,1,first_order_markov_outcome_regime_v2,2026-W01 pregame,1,prior_only,1,,0,,,,,,,,0,,,,,0,2026,1,draftkings,DraftKings,-109.0,-115.0,UNDER,0.58672,0.5063197809142617,-115.0,-141.96670538133955,0.0804002190857383,0.0804002190857383,jakeferguson,False,,,False,jakeferguson,False,,,,,0,,,,,,,,2026-09-20T15:36:11Z,35520068364,a71609590d6f2247c2cc08210b077c34ab339d30,30,UNDER,00-0038041,RESOLVED_GSIS,True,6.0,stats_table,22.73856708072265,24.5,true,UNDER,WIN,0.8695652173913043,TE
3e646c7479c57f5d9752d8c7dfe7059b,Javonte Williams,javontewilliams,DAL,NYG,rec_yards,player_reception_yds,10.5,8.745643434118298,8.745643434118298,11.298967339687644,25000,8.745643434118298,uncalibrated_mc_only,mc_fallback_no_oos_weights,1.0,0.0,0.0,0,10.384895005652426,1,hist_gradient_boosting_lagged_player_history_v2,2026-W01 pregame,13.94307965168304,1,first_order_markov_outcome_regime_v2,2026-W01 pregame,1,prior_only,1,,0,,,,,,,,0,,,,,0,2026,1,draftkings,DraftKings,-120.0,-105.0,UNDER,0.70912,0.4842767295597484,-105.0,-243.7843784378437,0.2248432704402515,0.2248432704402515,javontewilliams,True,RB_R22_WEEK1_RECEIVING_TAIL_PRODUCTION_V1,34288244770.0,True,javontewilliams,False,,,,,0,,,,,,,,2026-09-20T15:36:11Z,35520068364,a71609590d6f2247c2cc08210b077c34ab339d30,10.5,UNDER,00-0036997,RESOLVED_GSIS,True,31.0,stats_table,-22.2543565658817,-20.5,false,OVER,LOSS,-1.0,RB
3e646c7479c57f5d9752d8c7dfe7059b,KaVontae Turpin,kavontaeturpin,DAL,NYG,rec_yards,player_reception_yds,7.5,16.128627848659576,16.128627848659576,13.789153351843694,25000,16.128627848659576,uncalibrated_mc_only,mc_fallback_no_oos_weights,1.0,0.0,0.0,0,9.153028121458314,1,hist_gradient_boosting_lagged_player_history_v2,2026-W01 pregame,25.94144256040772,1,first_order_markov_outcome_regime_v2,2026-W01 pregame,1,prior_only,1,,0,,,,,,,,0,,,,,0,2026,1,draftkings,DraftKings,-119.0,-106.0,OVER,0.68392,0.5136188400938653,-119.0,-216.3756011136421,0.1703011599061347,0.1703011599061347,kavontaeturpin,False,,,False,kavontaeturpin,False,,,,,0,,,,,,,,2026-09-20T15:36:11Z,35520068364,a71609590d6f2247c2cc08210b077c34ab339d30,8,OVER,00-0037801,RESOLVED_GSIS,True,8.0,stats_table,8.128627848659576,-0.5,false,OVER,WIN,0.8403361344537815,WR
3e646c7479c57f5d9752d8c7dfe7059b,Malachi Fields,malachifields,NYG,DAL,rec_yards,player_reception_yds,20.5,22.48541640583296,22.48541640583296,15.383316429044374,25000,22.48541640583296,uncalibrated_mc_only,mc_fallback_no_oos_weights,1.0,0.0,0.0,0,17.2617709307919,1,hist_gradient_boosting_lagged_player_history_v2,2026-W01 pregame,,0,first_order_markov_outcome_regime_v2,2026-W01 pregame,1,position_prior_only,1,,0,,,,,,,,0,,,,,0,2026,1,draftkings,DraftKings,-113.0,-111.0,OVER,0.4942,0.5021058838394474,-113.0,102.34722784297855,-0.0079058838394474,0.0079058838394474,malachifields,False,,,False,malachifields,False,,,,,0,,,,,,,,2026-09-20T15:36:11Z,35520068364,a71609590d6f2247c2cc08210b077c34ab339d30,21,OVER,00-0041042,RESOLVED_GSIS,True,25.0,stats_table,-2.514583594167039,-4.5,true,OVER,WIN,0.8849557522123894,WR
3e646c7479c57f5d9752d8c7dfe7059b,Malik Nabers,maliknabers,NYG,DAL,rec_yards,player_reception_yds,59.5,52.31758784783665,52.31758784783665,23.59696984425781,25000,52.31758784783665,uncalibrated_mc_only,mc_fallback_no_oos_weights,1.0,0.0,0.0,0,62.89046113224628,1,hist_gradient_boosting_lagged_player_history_v2,2026-W01 pregame,35.93002065459977,1,first_order_markov_outcome_regime_v2,2026-W01 pregame,1,prior_only,1,WR1,0,,,,,,,,0,,,,,0,2026,1,draftkings,DraftKings,-109.0,-115.0,UNDER,0.64908,0.5063197809142617,-115.0,-184.9652342414225,0.1427602190857383,0.1427602190857383,maliknabers,False,,,False,maliknabers,False,,,,,0,,,,,,,,2026-09-20T15:36:11Z,35520068364,a71609590d6f2247c2cc08210b077c34ab339d30,59.5,UNDER,00-0039337,RESOLVED_GSIS,True,69.0,stats_table,-16.68241215216335,-9.5,false,OVER,LOSS,-1.0,WR
3e646c7479c57f5d9752d8c7dfe7059b,Odell Beckham Jr.,odellbeckhamjr,NYG,DAL,rec_yards,player_reception_yds,10.5,20.569569522384032,20.569569522384032,14.603855607821266,25000,20.569569522384032,uncalibrated_mc_only,mc_fallback_no_oos_weights,1.0,0.0,0.0,0,,0,,,,0,,,0,,0,,0,,,,,,,,0,,,,,0,2026,1,draftkings,DraftKings,-115.0,-109.0,OVER,0.72668,0.5063197809142617,-115.0,-265.8715059271184,0.2203602190857383,0.2203602190857383,odellbeckham,False,,,False,odellbeckham,False,,,,,0,,,,,,,,2026-09-20T15:36:11Z,35520068364,a71609590d6f2247c2cc08210b077c34ab339d30,10.5,OVER,00-0031235,RESOLVED_GSIS,True,0.0,roster_confirmed_verified_zero,20.569569522384032,10.5,false,UNDER,LOSS,-1.0,WR
3e646c7479c57f5d9752d8c7dfe7059b,Ryan Flournoy,ryanflournoy,DAL,NYG,rec_yards,player_reception_yds,24.5,31.85859358368636,31.85859358368636,18.80140449457443,25000,31.85859358368636,uncalibrated_mc_only,mc_fallback_no_oos_weights,1.0,0.0,0.0,0,45.192174804852826,1,hist_gradient_boosting_lagged_player_history_v2,2026-W01 pregame,47.70919305281242,1,first_order_markov_outcome_regime_v2,2026-W01 pregame,1,prior_only,1,,0,,,,,,,,0,,,,,0,2026,1,draftkings,DraftKings,-111.0,-113.0,OVER,0.61076,0.4978941161605526,-111.0,-156.91090329873597,0.1128658838394473,0.1128658838394473,ryanflournoy,False,,,False,ryanflournoy,False,,,,,0,,,,,,,,2026-09-20T15:36:11Z,35520068364,a71609590d6f2247c2cc08210b077c34ab339d30,25.5,OVER,00-0039410,RESOLVED_GSIS,True,22.0,stats_table,9.85859358368636,2.5,false,UNDER,LOSS,-1.0,WR
3e646c7479c57f5d9752d8c7dfe7059b,Theo Johnson,theojohnson,NYG,DAL,rec_yards,player_reception_yds,13.5,32.58056191276859,32.58056191276859,17.579988904877293,25000,32.58056191276859,uncalibrated_mc_only,mc_fallback_no_oos_weights,1.0,0.0,0.0,0,44.11213925402785,1,hist_gradient_boosting_lagged_player_history_v2,2026-W01 pregame,20.221702662301915,1,first_order_markov_outcome_regime_v2,2026-W01 pregame,1,prior_only,1,,0,,,,,,,,0,,,,,0,2026,1,draftkings,DraftKings,-112.0,-112.0,OVER,0.87312,0.5,-112.0,-688.1462799495587,0.37312,0.37312,theojohnson,False,,,False,theojohnson,False,,,,,0,,,,,,,,2026-09-20T15:36:11Z,35520068364,a71609590d6f2247c2cc08210b077c34ab339d30,13.5,OVER,00-0039847,RESOLVED_GSIS,True,9.0,stats_table,23.580561912768587,4.5,false,UNDER,LOSS,-1.0,TE
5ad8135dc2b5f27de0b777acd317855a,Adam Trautman,adamtrautman,DEN,KC,rec_yards,player_reception_yds,8.5,18.11415965700121,18.11415965700121,13.423257796074475,25000,18.11415965700121,uncalibrated_mc_only,mc_fallback_no_oos_weights,1.0,0.0,0.0,0,15.3805665956537,1,hist_gradient_boosting_lagged_player_history_v2,2026-W01 pregame,25.04331541707786,1,first_order_markov_outcome_regime_v2,2026-W01 pregame,1,prior_only,1,,0,,,,,,,,0,,,,,0,2026,1,draftkings,DraftKings,-107.0,-117.0,OVER,0.73188,0.4894599266410894,-107.0,-272.96732806206177,0.2424200733589105,0.2424200733589105,adamtrautman,False,,,False,adamtrautman,False,,,,,0,,,,,,,,2026-09-20T15:36:11Z,35520068364,a71609590d6f2247c2cc08210b077c34ab339d30,8,OVER,00-0036422,RESOLVED_GSIS,True,10.0,stats_table,8.11415965700121,-1.5,false,OVER,WIN,0.9345794392523364,TE
5ad8135dc2b5f27de0b777acd317855a,Courtland Sutton,courtlandsutton,DEN,KC,rec_yards,player_reception_yds,44.5,39.27363368012956,39.27363368012956,20.651658720392,25000,39.27363368012956,uncalibrated_mc_only,mc_fallback_no_oos_weights,1.0,0.0,0.0,0,42.05013112063687,1,hist_gradient_boosting_lagged_player_history_v2,2026-W01 pregame,25.94144256040772,1,first_order_markov_outcome_regime_v2,2026-W01 pregame,1,prior_only,1,WR1_5,0,,,,,,,,0,,,,,0,2026,1,draftkings,DraftKings,-110.0,-114.0,UNDER,0.63456,0.504212299915754,-114.0,-173.6427320490368,0.130347700084246,0.130347700084246,courtlandsutton,False,,,False,courtlandsutton,False,,,,,0,,,,,,,,2026-09-20T15:36:11Z,35520068364,a71609590d6f2247c2cc08210b077c34ab339d30,43.5,UNDER,00-0034348,RESOLVED_GSIS,True,11.0,stats_table,28.273633680129556,33.5,true,UNDER,WIN,0.8771929824561403,WR
5ad8135dc2b5f27de0b777acd317855a,Evan Engram,evanengram,DEN,KC,rec_yards,player_reception_yds,22.5,20.91075059260956,20.91075059260956,13.3226716233446,25000,20.91075059260956,uncalibrated_mc_only,mc_fallback_no_oos_weights,1.0,0.0,0.0,0,22.94529612292841,1,hist_gradient_boosting_lagged_player_history_v2,2026-W01 pregame,35.53269378502074,1,first_order_markov_outcome_regime_v2,2026-W01 pregame,1,prior_only,1,,0,,,,,,,,0,,,,,0,2026,1,draftkings,DraftKings,-115.0,-109.0,UNDER,0.5926,0.4936802190857383,-109.0,-145.4590083456063,0.0989197809142616,0.0989197809142616,evanengram,False,,,False,evanengram,False,,,,,0,,,,,,,,2026-09-20T15:36:11Z,35520068364,a71609590d6f2247c2cc08210b077c34ab339d30,22.5,UNDER,00-0033881,RESOLVED_GSIS,True,43.0,stats_table,-22.08924940739044,-20.5,false,OVER,LOSS,-1.0,TE
5ad8135dc2b5f27de0b777acd317855a,J.K. Dobbins,jkdobbins,DEN,KC,rec_yards,player_reception_yds,4.5,5.854233461209556,5.854233461209556,8.863768793684265,25000,5.854233461209556,uncalibrated_mc_only,mc_fallback_no_oos_weights,1.0,0.0,0.0,0,13.90563720625432,1,hist_gradient_boosting_lagged_player_history_v2,2026-W01 pregame,16.744262287367604,1,first_order_markov_outcome_regime_v2,2026-W01 pregame,1,prior_only,1,,0,,,,,,,,0,,,,,0,2026,1,draftkings,DraftKings,-115.0,-110.0,OVER,0.37188,0.5052301255230125,-115.0,168.90394750994943,-0.1333501255230125,0.1333501255230125,jkdobbins,True,RB_R22_WEEK1_RECEIVING_TAIL_PRODUCTION_V1,34288244770.0,True,jkdobbins,False,,,,,0,,,,,,,,2026-09-20T15:36:11Z,35520068364,a71609590d6f2247c2cc08210b077c34ab339d30,4,OVER,00-0036158,RESOLVED_GSIS,True,0.0,stats_table,5.854233461209556,4.5,false,UNDER,LOSS,-1.0,RB
5ad8135dc2b5f27de0b777acd317855a,Jaylen Waddle,jaylenwaddle,DEN,KC,rec_yards,player_reception_yds,56.5,53.99295281183824,53.99295281183824,25.072196421516,25000,53.99295281183824,uncalibrated_mc_only,mc_fallback_no_oos_weights,1.0,0.0,0.0,0,45.19071961944894,1,hist_gradient_boosting_lagged_player_history_v2,2026-W01 pregame,25.94144256040772,1,first_order_markov_outcome_regime_v2,2026-W01 pregame,1,prior_only,1,WR1,0,,,,,,,,0,,,,,0,2026,1,draftkings,DraftKings,-109.0,-115.0,UNDER,0.57292,0.5063197809142617,-115.0,-134.14816896131873,0.0666002190857383,0.0666002190857383,jaylenwaddle,False,,,False,jaylenwaddle,False,,,,,0,,,,,,,,2026-09-20T15:36:11Z,35520068364,a71609590d6f2247c2cc08210b077c34ab339d30,55,UNDER,00-0036613,RESOLVED_GSIS,True,2.0,stats_table,51.99295281183824,54.5,true,UNDER,WIN,0.8695652173913043,WR
5ad8135dc2b5f27de0b777acd317855a,Kenneth Walker III,kennethwalkeriii,KC,DEN,rec_yards,player_reception_yds,17.5,12.604285384076489,12.604285384076489,11.814281286222815,25000,12.604285384076489,uncalibrated_mc_only,mc_fallback_no_oos_weights,1.0,0.0,0.0,0,,0,,,,0,,,0,,0,,0,,,,,,,,0,,,,,0,2026,1,draftkings,DraftKings,-116.0,-108.0,UNDER,0.74636,0.4915711395819285,-108.0,-294.25958050780633,0.2547888604180714,0.2547888604180714,kennethwalker,True,RB_R22_WEEK1_RECEIVING_TAIL_PRODUCTION_V1,34288244770.0,True,kennethwalker,False,,,,,0,,,,,,,,2026-09-20T15:36:11Z,35520068364,a71609590d6f2247c2cc08210b077c34ab339d30,17.5,UNDER,00-0038134,RESOLVED_GSIS,True,18.0,stats_table,-5.395714615923511,-0.5,false,OVER,LOSS,-1.0,RB
5ad8135dc2b5f27de0b777acd317855a,Noah Gray,noahgray,KC,DEN,rec_yards,player_reception_yds,10.5,13.269425552089812,13.269425552089812,10.00451113457448,25000,13.269425552089812,uncalibrated_mc_only,mc_fallback_no_oos_weights,1.0,0.0,0.0,0,25.74363974043285,1,hist_gradient_boosting_lagged_player_history_v2,2026-W01 pregame,35.53269378502074,1,first_order_markov_outcome_regime_v2,2026-W01 pregame,1,prior_only,1,,0,,,,,,,,0,,,,,0,2026,1,draftkings,DraftKings,-106.0,-118.0,OVER,0.56312,0.4873460435296103,-106.0,-128.89580662882253,0.0757739564703896,0.0757739564703896,noahgray,False,,,False,noahgray,False,,,,,0,,,,,,,,2026-09-20T15:36:11Z,35520068364,a71609590d6f2247c2cc08210b077c34ab339d30,10,OVER,00-0036637,RESOLVED_GSIS,True,5.0,stats_table,8.269425552089812,5.5,false,UNDER,LOSS,-1.0,TE
5ad8135dc2b5f27de0b777acd317855a,Pat Bryant,patbryant,DEN,KC,rec_yards,player_reception_yds,23.5,21.70322988989905,21.70322988989905,14.899347170552602,25000,21.70322988989905,uncalibrated_mc_only,mc_fallback_no_oos_weights,1.0,0.0,0.0,0,40.48962775273191,1,hist_gradient_boosting_lagged_player_history_v2,2026-W01 pregame,35.93002065459977,1,first_order_markov_outcome_regime_v2,2026-W01 pregame,1,prior_only,1,,0,,,,,,,,0,,,,,0,2026,1,draftkings,DraftKings,-108.0,-116.0,UNDER,0.60164,0.5084288604180716,-116.0,-151.02921980118484,0.0932111395819283,0.0932111395819283,patbryant,False,,,False,patbryant,False,,,,,0,,,,,,,,2026-09-20T15:36:11Z,35520068364,a71609590d6f2247c2cc08210b077c34ab339d30,23.5,UNDER,00-0040134,RESOLVED_GSIS,True,42.0,stats_table,-20.29677011010095,-18.5,false,OVER,LOSS,-1.0,WR
5ad8135dc2b5f27de0b777acd317855a,RJ Harvey,rjharvey,DEN,KC,rec_yards,player_reception_yds,16.5,13.29036961775385,13.29036961775385,14.163204581618947,25000,13.29036961775385,uncalibrated_mc_only,mc_fallback_no_oos_weights,1.0,0.0,0.0,0,14.993910075456997,1,hist_gradient_boosting_lagged_player_history_v2,2026-W01 pregame,13.94307965168304,1,first_order_markov_outcome_regime_v2,2026-W01 pregame,1,prior_only,1,,0,,,,,,,,0,,,,,0,2026,1,draftkings,DraftKings,-109.0,-115.0,UNDER,0.73796,0.5063197809142617,-115.0,-281.62112654556546,0.2316402190857382,0.2316402190857382,rjharvey,True,RB_R22_WEEK1_RECEIVING_TAIL_PRODUCTION_V1,34288244770.0,True,rjharvey,False,,,,,0,,,,,,,,2026-09-20T15:36:11Z,35520068364,a71609590d6f2247c2cc08210b077c34ab339d30,16.5,UNDER,00-0040730,RESOLVED_GSIS,True,23.0,stats_table,-9.70963038224615,-6.5,false,OVER,LOSS,-1.0,RB
5ad8135dc2b5f27de0b777acd317855a,Rashee Rice,rasheerice,KC,DEN,rec_yards,player_reception_yds,57.5,50.664929720407486,50.664929720407486,22.749516161400944,25000,50.664929720407486,uncalibrated_mc_only,mc_fallback_no_oos_weights,1.0,0.0,0.0,0,85.52119034253435,1,hist_gradient_boosting_lagged_player_history_v2,2026-W01 pregame,47.70919305281242,1,first_order_markov_outcome_regime_v2,2026-W01 pregame,1,prior_only,1,WR1,0,,,,,,,,0,,,,,0,2026,1,draftkings,DraftKings,-111.0,-113.0,UNDER,0.64872,0.5021058838394474,-113.0,-184.67319517194247,0.1466141161605525,0.1466141161605525,rasheerice,False,,,False,rasheerice,False,,,,,0,,,,,,,,2026-09-20T15:36:11Z,35520068364,a71609590d6f2247c2cc08210b077c34ab339d30,57.5,UNDER,00-0039067,RESOLVED_GSIS,True,19.0,stats_table,31.664929720407486,38.5,true,UNDER,WIN,0.8849557522123894,WR
5ad8135dc2b5f27de0b777acd317855a,Travis Kelce,traviskelce,KC,DEN,rec_yards,player_reception_yds,43.5,35.50536235579748,35.50536235579748,18.72823878098008,25000,35.50536235579748,uncalibrated_mc_only,mc_fallback_no_oos_weights,1.0,0.0,0.0,0,40.51423997831328,1,hist_gradient_boosting_lagged_player_history_v2,2026-W01 pregame,25.04331541707786,1,first_order_markov_outcome_regime_v2,2026-W01 pregame,1,prior_only,1,,0,,,,,,,,0,,,,,0,2026,1,draftkings,DraftKings,-110.0,-114.0,UNDER,0.69388,0.504212299915754,-114.0,-226.66928002090688,0.189667700084246,0.189667700084246,traviskelce,False,,,False,traviskelce,False,,,,,0,,,,,,,,2026-09-20T15:36:11Z,35520068364,a71609590d6f2247c2cc08210b077c34ab339d30,42.5,UNDER,00-0030506,RESOLVED_GSIS,True,71.0,stats_table,-35.49463764420252,-27.5,false,OVER,LOSS,-1.0,TE
5ad8135dc2b5f27de0b777acd317855a,Tyquan Thornton,tyquanthornton,KC,DEN,rec_yards,player_reception_yds,20.5,20.65107973131697,20.65107973131697,16.537748529259645,25000,20.65107973131697,uncalibrated_mc_only,mc_fallback_no_oos_weights,1.0,0.0,0.0,0,18.33464622696449,1,hist_gradient_boosting_lagged_player_history_v2,2026-W01 pregame,47.70919305281242,1,first_order_markov_outcome_regime_v2,2026-W01 pregame,1,prior_only,1,,0,,,,,,,,0,,,,,0,2026,1,draftkings,DraftKings,-108.0,-116.0,OVER,0.43388,0.4915711395819285,-108.0,130.4784733105928,-0.0576911395819285,0.0576911395819285,tyquanthornton,False,,,False,tyquanthornton,False,,,,,0,,,,,,,,2026-09-20T15:36:11Z,35520068364,a71609590d6f2247c2cc08210b077c34ab339d30,20,OVER,00-0038104,RESOLVED_GSIS,True,0.0,stats_table,20.65107973131697,20.5,false,UNDER,LOSS,-1.0,WR
5ad8135dc2b5f27de0b777acd317855a,Xavier Worthy,xavierworthy,KC,DEN,rec_yards,player_reception_yds,37.5,29.759900711600515,29.759900711600515,17.425696830741987,25000,29.759900711600515,uncalibrated_mc_only,mc_fallback_no_oos_weights,1.0,0.0,0.0,0,36.31370510804391,1,hist_gradient_boosting_lagged_player_history_v2,2026-W01 pregame,25.94144256040772,1,first_order_markov_outcome_regime_v2,2026-W01 pregame,1,prior_only,1,WR1_5,0,,,,,,,,0,,,,,0,2026,1,draftkings,DraftKings,-109.0,-115.0,UNDER,0.70512,0.5063197809142617,-115.0,-239.1209983722192,0.1988002190857383,0.1988002190857383,xavierworthy,False,,,False,xavierworthy,False,,,,,0,,,,,,,,2026-09-20T15:36:11Z,35520068364,a71609590d6f2247c2cc08210b077c34ab339d30,38,UNDER,00-0039894,RESOLVED_GSIS,True,18.0,stats_table,11.759900711600515,19.5,true,UNDER,WIN,0.8695652173913043,WR
7dddb296a42e7a41a774b24bd1709ce1,Adonai Mitchell,adonaimitchell,NYJ,TEN,rec_yards,player_reception_yds,30.5,20.48789932155174,20.48789932155174,13.58771335593086,25000,20.48789932155174,uncalibrated_mc_only,mc_fallback_no_oos_weights,1.0,0.0,0.0,0,47.84831918603464,1,hist_gradient_boosting_lagged_player_history_v2,2026-W01 pregame,25.94144256040772,1,first_order_markov_outcome_regime_v2,2026-W01 pregame,1,prior_only,1,WR1_5,0,,,,,,,,0,,,,,0,2026,1,draftkings,DraftKings,-114.0,-110.0,UNDER,0.7836799999999999,0.4957877000842461,-110.0,-362.2781065088756,0.2878922999157538,0.2878922999157538,adonaimitchell,False,,,False,adonaimitchell,False,,,,,0,,,,,,,,2026-09-20T15:36:11Z,35520068364,a71609590d6f2247c2cc08210b077c34ab339d30,31.5,UNDER,00-0039890,RESOLVED_GSIS,True,60.0,stats_table,-39.51210067844826,-29.5,false,OVER,LOSS,-1.0,WR
7dddb296a42e7a41a774b24bd1709ce1,Breece Hall,breecehall,NYJ,TEN,rec_yards,player_reception_yds,21.5,14.163295990055296,14.163295990055296,14.254745322700368,25000,14.163295990055296,uncalibrated_mc_only,mc_fallback_no_oos_weights,1.0,0.0,0.0,0,19.18248404148619,1,hist_gradient_boosting_lagged_player_history_v2,2026-W01 pregame,19.618365840897663,1,first_order_markov_outcome_regime_v2,2026-W01 pregame,1,prior_only,1,,0,,,,,,,,0,,,,,0,2026,1,draftkings,DraftKings,-112.0,-112.0,UNDER,0.79296,0.5,-112.0,-382.998454404946,0.29296,0.29296,breecehall,True,RB_R22_WEEK1_RECEIVING_TAIL_PRODUCTION_V1,34288244770.0,True,breecehall,False,,,,,0,,,,,,,,2026-09-20T15:36:11Z,35520068364,a71609590d6f2247c2cc08210b077c34ab339d30,21,UNDER,00-0038120,RESOLVED_GSIS,True,16.0,stats_table,-1.8367040099447038,5.5,true,UNDER,WIN,0.8928571428571429,RB
7dddb296a42e7a41a774b24bd1709ce1,Calvin Ridley,calvinridley,TEN,NYJ,rec_yards,player_reception_yds,27.5,14.399149015097835,14.399149015097835,12.133335609424206,25000,14.399149015097835,uncalibrated_mc_only,mc_fallback_no_oos_weights,1.0,0.0,0.0,0,33.93505717584465,1,hist_gradient_boosting_lagged_player_history_v2,2026-W01 pregame,25.94144256040772,1,first_order_markov_outcome_regime_v2,2026-W01 pregame,1,prior_only,1,,0,,,,,,,,0,,,,,0,2026,1,draftkings,DraftKings,-110.0,-114.0,UNDER,0.86068,0.504212299915754,-114.0,-617.7720356014929,0.356467700084246,0.356467700084246,calvinridley,False,,,False,calvinridley,False,,,,,0,,,,,,,,2026-09-20T15:36:11Z,35520068364,a71609590d6f2247c2cc08210b077c34ab339d30,27.5,UNDER,00-0034837,RESOLVED_GSIS,True,0.0,roster_confirmed_verified_zero,14.399149015097835,27.5,true,UNDER,WIN,0.8771929824561403,WR
7dddb296a42e7a41a774b24bd1709ce1,Carnell Tate,carnelltate,TEN,NYJ,rec_yards,player_reception_yds,38.5,16.15887662762357,16.15887662762357,12.839993446441666,25000,16.15887662762357,uncalibrated_mc_only,mc_fallback_no_oos_weights,1.0,0.0,0.0,0,17.2617709307919,1,hist_gradient_boosting_lagged_player_history_v2,2026-W01 pregame,,0,first_order_markov_outcome_regime_v2,2026-W01 pregame,1,position_prior_only,1,,0,,,,,,,,0,,,,,0,2026,1,draftkings,DraftKings,-113.0,-111.0,UNDER,0.9382,0.4978941161605525,-111.0,-1518.1229773462792,0.4403058838394474,0.4403058838394474,carnelltate,False,,,False,carnelltate,False,,,,,0,,,,,,,,2026-09-20T15:36:11Z,35520068364,a71609590d6f2247c2cc08210b077c34ab339d30,38,UNDER,00-0041438,RESOLVED_GSIS,True,38.0,stats_table,-21.84112337237643,0.5,false,UNDER,WIN,0.9009009009009009,WR
7dddb296a42e7a41a774b24bd1709ce1,Garrett Wilson,garrettwilson,NYJ,TEN,rec_yards,player_reception_yds,61.5,53.12746860377983,53.12746860377983,22.723426377889165,25000,53.12746860377983,uncalibrated_mc_only,mc_fallback_no_oos_weights,1.0,0.0,0.0,0,56.880780660189686,1,hist_gradient_boosting_lagged_player_history_v2,2026-W01 pregame,25.94144256040772,1,first_order_markov_outcome_regime_v2,2026-W01 pregame,1,prior_only,1,WR1,0,,,,,,,,0,,,,,0,2026,1,draftkings,DraftKings,-115.0,-110.0,UNDER,0.67188,0.4947698744769875,-110.0,-204.7665488236012,0.1771101255230125,0.1771101255230125,garrettwilson,False,,,False,garrettwilson,False,,,,,0,,,,,,,,2026-09-20T15:36:11Z,35520068364,a71609590d6f2247c2cc08210b077c34ab339d30,61.5,UNDER,00-0037740,RESOLVED_GSIS,True,79.0,stats_table,-25.872531396220168,-17.5,false,OVER,LOSS,-1.0,WR
7dddb296a42e7a41a774b24bd1709ce1,Gunnar Helm,gunnarhelm,TEN,NYJ,rec_yards,player_reception_yds,22.5,18.90599925450532,18.90599925450532,12.833835671193889,25000,18.90599925450532,uncalibrated_mc_only,mc_fallback_no_oos_weights,1.0,0.0,0.0,0,23.169361468762027,1,hist_gradient_boosting_lagged_player_history_v2,2026-W01 pregame,20.221702662301915,1,first_order_markov_outcome_regime_v2,2026-W01 pregame,1,prior_only,1,,0,,,,,,,,0,,,,,0,2026,1,draftkings,DraftKings,-110.0,-114.0,UNDER,0.6531199999999999,0.504212299915754,-114.0,-188.2841328413284,0.1489077000842459,0.1489077000842459,gunnarhelm,False,,,False,gunnarhelm,False,,,,,0,,,,,,,,2026-09-20T15:36:11Z,35520068364,a71609590d6f2247c2cc08210b077c34ab339d30,22,UNDER,00-0040584,RESOLVED_GSIS,True,28.0,stats_table,-9.094000745494679,-5.5,false,OVER,LOSS,-1.0,TE
7dddb296a42e7a41a774b24bd1709ce1,Kenyon Sadiq,kenyonsadiq,NYJ,TEN,rec_yards,player_reception_yds,13.5,19.326623023592777,19.326623023592777,13.342011835547469,25000,19.326623023592777,uncalibrated_mc_only,mc_fallback_no_oos_weights,1.0,0.0,0.0,0,14.679742519400651,1,hist_gradient_boosting_lagged_player_history_v2,2026-W01 pregame,,0,first_order_markov_outcome_regime_v2,2026-W01 pregame,1,position_prior_only,1,,0,,,,,,,,0,,,,,0,2026,1,draftkings,DraftKings,-116.0,-108.0,OVER,0.6296,0.5084288604180714,-116.0,-169.9784017278618,0.1211711395819286,0.1211711395819286,kenyonsadiq,False,,,False,kenyonsadiq,False,,,,,0,,,,,,,,2026-09-20T15:36:11Z,35520068364,a71609590d6f2247c2cc08210b077c34ab339d30,14,OVER,00-0041032,RESOLVED_GSIS,True,21.0,stats_table,-1.6733769764072228,-7.5,true,OVER,WIN,0.8620689655172413,TE
7dddb296a42e7a41a774b24bd1709ce1,Mason Taylor,masontaylor,NYJ,TEN,rec_yards,player_reception_yds,19.5,25.31455393432774,25.31455393432774,14.471611173450263,25000,25.31455393432774,uncalibrated_mc_only,mc_fallback_no_oos_weights,1.0,0.0,0.0,0,36.91363888942561,1,hist_gradient_boosting_lagged_player_history_v2,2026-W01 pregame,35.53269378502074,1,first_order_markov_outcome_regime_v2,2026-W01 pregame,1,prior_only,1,,0,,,,,,,,0,,,,,0,2026,1,draftkings,DraftKings,-117.0,-108.0,OVER,0.62392,0.5094197437829691,-117.0,-165.90087215486068,0.1145002562170309,0.1145002562170309,masontaylor,False,,,False,masontaylor,False,,,,,0,,,,,,,,2026-09-20T15:36:11Z,35520068364,a71609590d6f2247c2cc08210b077c34ab339d30,20.5,OVER,00-0040736,RESOLVED_GSIS,True,-2.0,stats_table,27.31455393432774,21.5,false,UNDER,LOSS,-1.0,TE
7dddb296a42e7a41a774b24bd1709ce1,Tony Pollard,tonypollard,TEN,NYJ,rec_yards,player_reception_yds,9.5,9.520879912392486,9.520879912392486,12.370602521620452,25000,9.520879912392486,uncalibrated_mc_only,mc_fallback_no_oos_weights,1.0,0.0,0.0,0,14.1935514004417,1,hist_gradient_boosting_lagged_player_history_v2,2026-W01 pregame,19.618365840897663,1,first_order_markov_outcome_regime_v2,2026-W01 pregame,1,prior_only,1,,0,,,,,,,,0,,,,,0,2026,1,draftkings,DraftKings,-114.0,-110.0,OVER,0.32444,0.5042122999157539,-114.0,208.22340032055232,-0.1797722999157538,0.1797722999157538,tonypollard,True,RB_R22_WEEK1_RECEIVING_TAIL_PRODUCTION_V1,34288244770.0,True,tonypollard,False,,,,,0,,,,,,,,2026-09-20T15:36:11Z,35520068364,a71609590d6f2247c2cc08210b077c34ab339d30,9.5,OVER,00-0035261,RESOLVED_GSIS,True,-1.0,stats_table,10.520879912392486,10.5,false,UNDER,LOSS,-1.0,RB
7dddb296a42e7a41a774b24bd1709ce1,Tyjae Spears,tyjaespears,TEN,NYJ,rec_yards,player_reception_yds,17.5,12.931161761036163,12.931161761036163,13.60627530720895,25000,12.931161761036163,uncalibrated_mc_only,mc_fallback_no_oos_weights,1.0,0.0,0.0,0,23.37681531721676,1,hist_gradient_boosting_lagged_player_history_v2,2026-W01 pregame,16.744262287367604,1,first_order_markov_outcome_regime_v2,2026-W01 pregame,1,prior_only,1,,0,,,,,,,,0,,,,,0,2026,1,draftkings,DraftKings,-112.0,-112.0,UNDER,0.75812,0.5,-112.0,-313.4281461881925,0.25812,0.25812,tyjaespears,True,RB_R22_WEEK1_RECEIVING_TAIL_PRODUCTION_V1,34288244770.0,True,tyjaespears,False,,,,,0,,,,,,,,2026-09-20T15:36:11Z,35520068364,a71609590d6f2247c2cc08210b077c34ab339d30,17,UNDER,00-0039032,RESOLVED_GSIS,True,12.0,stats_table,0.9311617610361633,5.5,true,UNDER,WIN,0.8928571428571429,RB
7dddb296a42e7a41a774b24bd1709ce1,Wan'Dale Robinson,wandalerobinson,TEN,NYJ,rec_yards,player_reception_yds,42.5,51.30428751338342,51.30428751338342,22.86293256496942,25000,51.30428751338342,uncalibrated_mc_only,mc_fallback_no_oos_weights,1.0,0.0,0.0,0,82.87309156605683,1,hist_gradient_boosting_lagged_player_history_v2,2026-W01 pregame,47.70919305281242,1,first_order_markov_outcome_regime_v2,2026-W01 pregame,1,prior_only,1,WR1,0,,,,,,,,0,,,,,0,2026,1,draftkings,DraftKings,-112.0,-112.0,OVER,0.62276,0.5,-112.0,-165.08323613614672,0.1227599999999999,0.1227599999999999,wandalerobinson,False,,,False,wandalerobinson,False,,,,,0,,,,,,,,2026-09-20T15:36:11Z,35520068364,a71609590d6f2247c2cc08210b077c34ab339d30,42,OVER,00-0038117,RESOLVED_GSIS,True,38.0,stats_table,13.304287513383422,4.5,false,UNDER,LOSS,-1.0,WR
7e09efed7e12c659b82740b67ce2f9a1,DJ Moore,djmoore,BUF,HOU,rec_yards,player_reception_yds,47.5,21.31461401408236,21.31461401408236,14.927213683331049,25000,21.31461401408236,uncalibrated_mc_only,mc_fallback_no_oos_weights,1.0,0.0,0.0,0,21.44318716181893,1,hist_gradient_boosting_lagged_player_history_v2,2026-W01 pregame,25.94144256040772,1,first_order_markov_outcome_regime_v2,2026-W01 pregame,1,prior_only,1,,0,,,,,,,,0,,,,,0,2026,1,draftkings,DraftKings,-110.0,-114.0,UNDER,0.942,0.504212299915754,-114.0,-1624.1379310344812,0.4377877000842459,0.4377877000842459,djmoore,False,,,False,djmoore,False,,,,,0,,,,,,,,2026-09-20T15:36:11Z,35520068364,a71609590d6f2247c2cc08210b077c34ab339d30,47.5,UNDER,00-0034827,RESOLVED_GSIS,True,100.0,stats_table,-78.68538598591763,-52.5,false,OVER,LOSS,-1.0,WR
7e09efed7e12c659b82740b67ce2f9a1,Dalton Kincaid,daltonkincaid,BUF,HOU,rec_yards,player_reception_yds,37.5,35.57885216406088,35.57885216406088,21.420861082677323,25000,35.57885216406088,uncalibrated_mc_only,mc_fallback_no_oos_weights,1.0,0.0,0.0,0,26.096736896706417,1,hist_gradient_boosting_lagged_player_history_v2,2026-W01 pregame,35.53269378502074,1,first_order_markov_outcome_regime_v2,2026-W01 pregame,1,prior_only,1,,0,,,,,,,,0,,,,,0,2026,1,draftkings,DraftKings,-111.0,-113.0,UNDER,0.579,0.5021058838394474,-113.0,-137.5296912114014,0.0768941161605525,0.0768941161605525,daltonkincaid,False,,,False,daltonkincaid,False,,,,,0,,,,,,,,2026-09-20T15:36:11Z,35520068364,a71609590d6f2247c2cc08210b077c34ab339d30,38,UNDER,00-0038933,RESOLVED_GSIS,True,130.0,stats_table,-94.42114783593911,-92.5,false,OVER,LOSS,-1.0,TE
7e09efed7e12c659b82740b67ce2f9a1,Dalton Schultz,daltonschultz,HOU,BUF,rec_yards,player_reception_yds,31.5,38.12676400118377,38.12676400118377,19.11809824005457,25000,38.12676400118377,uncalibrated_mc_only,mc_fallback_no_oos_weights,1.0,0.0,0.0,0,40.697155367001045,1,hist_gradient_boosting_lagged_player_history_v2,2026-W01 pregame,35.53269378502074,1,first_order_markov_outcome_regime_v2,2026-W01 pregame,1,prior_only,1,,0,,,,,,,,0,,,,,0,2026,1,draftkings,DraftKings,-113.0,-111.0,OVER,0.60112,0.5021058838394474,-113.0,-150.70196550340955,0.0990141161605525,0.0990141161605525,daltonschultz,False,,,False,daltonschultz,False,,,,,0,,,,,,,,2026-09-20T15:36:11Z,35520068364,a71609590d6f2247c2cc08210b077c34ab339d30,33,OVER,00-0034383,RESOLVED_GSIS,True,35.0,stats_table,3.1267640011837727,-3.5,true,OVER,WIN,0.8849557522123894,TE
7e09efed7e12c659b82740b67ce2f9a1,David Montgomery,davidmontgomery,HOU,BUF,rec_yards,player_reception_yds,10.5,10.783146976288766,10.783146976288766,12.737139624154947,25000,10.783146976288766,uncalibrated_mc_only,mc_fallback_no_oos_weights,1.0,0.0,0.0,0,10.597700949268546,1,hist_gradient_boosting_lagged_player_history_v2,2026-W01 pregame,16.744262287367604,1,first_order_markov_outcome_regime_v2,2026-W01 pregame,1,prior_only,1,,0,,,,,,,,0,,,,,0,2026,1,draftkings,DraftKings,-114.0,-110.0,OVER,0.35336,0.5042122999157539,-114.0,182.99750962191533,-0.1508522999157538,0.1508522999157538,davidmontgomery,True,RB_R22_WEEK1_RECEIVING_TAIL_PRODUCTION_V1,34288244770.0,True,davidmontgomery,False,,,,,0,,,,,,,,2026-09-20T15:36:11Z,35520068364,a71609590d6f2247c2cc08210b077c34ab339d30,10.5,OVER,00-0035685,RESOLVED_GSIS,True,19.0,stats_table,-8.216853023711234,-8.5,true,OVER,WIN,0.8771929824561403,RB
7e09efed7e12c659b82740b67ce2f9a1,Dawson Knox,dawsonknox,BUF,HOU,rec_yards,player_reception_yds,13.5,23.47775320491389,23.47775320491389,15.475409596085402,25000,23.47775320491389,uncalibrated_mc_only,mc_fallback_no_oos_weights,1.0,0.0,0.0,0,28.357878574052386,1,hist_gradient_boosting_lagged_player_history_v2,2026-W01 pregame,25.04331541707786,1,first_order_markov_outcome_regime_v2,2026-W01 pregame,1,prior_only,1,,0,,,,,,,,0,,,,,0,2026,1,draftkings,DraftKings,-109.0,-115.0,OVER,0.7134,0.4936802190857384,-109.0,-248.91835310537337,0.2197197809142616,0.2197197809142616,dawsonknox,False,,,False,dawsonknox,False,,,,,0,,,,,,,,2026-09-20T15:36:11Z,35520068364,a71609590d6f2247c2cc08210b077c34ab339d30,13.5,OVER,00-0035689,RESOLVED_GSIS,True,7.0,stats_table,16.47775320491389,6.5,false,UNDER,LOSS,-1.0,TE
7e09efed7e12c659b82740b67ce2f9a1,James Cook,jamescook,BUF,HOU,rec_yards,player_reception_yds,21.5,13.95590006765435,13.95590006765435,14.256710427166963,25000,13.95590006765435,uncalibrated_mc_only,mc_fallback_no_oos_weights,1.0,0.0,0.0,0,14.089376819527772,1,hist_gradient_boosting_lagged_player_history_v2,2026-W01 pregame,13.94307965168304,1,first_order_markov_outcome_regime_v2,2026-W01 pregame,1,prior_only,1,,0,,,,,,,,0,,,,,0,2026,1,draftkings,DraftKings,-111.0,-113.0,UNDER,0.80464,0.5021058838394474,-113.0,-411.8755118755119,0.3025341161605526,0.3025341161605526,jamescook,True,RB_R22_WEEK1_RECEIVING_TAIL_PRODUCTION_V1,34288244770.0,True,jamescook,False,,,,,0,,,,,,,,2026-09-20T15:36:11Z,35520068364,a71609590d6f2247c2cc08210b077c34ab339d30,20.5,UNDER,00-0037248,RESOLVED_GSIS,True,12.0,stats_table,1.9559000676543494,9.5,true,UNDER,WIN,0.8849557522123894,RB
7e09efed7e12c659b82740b67ce2f9a1,Jaylin Noel,jaylinnoel,HOU,BUF,rec_yards,player_reception_yds,14.5,13.398348952829434,13.398348952829434,11.564551607434518,25000,13.398348952829434,uncalibrated_mc_only,mc_fallback_no_oos_weights,1.0,0.0,0.0,0,17.157545503616486,1,hist_gradient_boosting_lagged_player_history_v2,2026-W01 pregame,25.94144256040772,1,first_order_markov_outcome_regime_v2,2026-W01 pregame,1,prior_only,1,,0,,,,,,,,0,,,,,0,2026,1,draftkings,DraftKings,-116.0,-108.0,UNDER,0.60188,0.4915711395819285,-108.0,-151.18054857831808,0.1103088604180714,0.1103088604180714,jaylinnoel,False,,,False,jaylinnoel,False,,,,,0,,,,,,,,2026-09-20T15:36:11Z,35520068364,a71609590d6f2247c2cc08210b077c34ab339d30,14.5,UNDER,00-0040138,RESOLVED_GSIS,True,53.0,stats_table,-39.60165104717056,-38.5,false,OVER,LOSS,-1.0,WR
7e09efed7e12c659b82740b67ce2f9a1,Kayshon Boutte,kayshonboutte,HOU,BUF,rec_yards,player_reception_yds,26.5,27.858801055739416,27.858801055739416,19.53476434620662,25000,27.858801055739416,uncalibrated_mc_only,mc_fallback_no_oos_weights,1.0,0.0,0.0,0,27.48750826561065,1,hist_gradient_boosting_lagged_player_history_v2,2026-W01 pregame,35.93002065459977,1,first_order_markov_outcome_regime_v2,2026-W01 pregame,1,prior_only,1,WR1_5,0,,,,,,,,0,,,,,0,2026,1,draftkings,DraftKings,-114.0,-110.0,OVER,0.46628,0.5042122999157539,-114.0,114.46341254182038,-0.0379322999157539,0.0379322999157539,kayshonboutte,False,,,False,kayshonboutte,False,,,,,0,,,,,,,,2026-09-20T15:36:11Z,35520068364,a71609590d6f2247c2cc08210b077c34ab339d30,26,OVER,00-0038608,RESOLVED_GSIS,True,21.0,stats_table,6.858801055739416,5.5,false,UNDER,LOSS,-1.0,WR
7e09efed7e12c659b82740b67ce2f9a1,Khalil Shakir,khalilshakir,BUF,HOU,rec_yards,player_reception_yds,34.5,46.7791659300028,46.7791659300028,22.027909724984283,25000,46.7791659300028,uncalibrated_mc_only,mc_fallback_no_oos_weights,1.0,0.0,0.0,0,40.5166290145778,1,hist_gradient_boosting_lagged_player_history_v2,2026-W01 pregame,35.93002065459977,1,first_order_markov_outcome_regime_v2,2026-W01 pregame,1,prior_only,1,WR1,0,,,,,,,,0,,,,,0,2026,1,draftkings,DraftKings,-115.0,-109.0,OVER,0.6892,0.5063197809142617,-115.0,-221.75032175032177,0.1828802190857383,0.1828802190857383,khalilshakir,False,,,False,khalilshakir,False,,,,,0,,,,,,,,2026-09-20T15:36:11Z,35520068364,a71609590d6f2247c2cc08210b077c34ab339d30,35.5,OVER,00-0037261,RESOLVED_GSIS,True,50.0,stats_table,-3.2208340699972027,-15.5,true,OVER,WIN,0.8695652173913043,WR
7e09efed7e12c659b82740b67ce2f9a1,Nico Collins,nicocollins,HOU,BUF,rec_yards,player_reception_yds,66.5,62.68718429674999,62.68718429674999,27.44918190907692,25000,62.68718429674999,uncalibrated_mc_only,mc_fallback_no_oos_weights,1.0,0.0,0.0,0,50.68988110243069,1,hist_gradient_boosting_lagged_player_history_v2,2026-W01 pregame,47.70919305281242,1,first_order_markov_outcome_regime_v2,2026-W01 pregame,1,prior_only,1,WR1,0,,,,,,,,0,,,,,0,2026,1,draftkings,DraftKings,-114.0,-110.0,UNDER,0.59216,0.4957877000842461,-110.0,-145.1941938014908,0.0963722999157539,0.0963722999157539,nicocollins,False,,,False,nicocollins,False,,,,,0,,,,,,,,2026-09-20T15:36:11Z,35520068364,a71609590d6f2247c2cc08210b077c34ab339d30,68,UNDER,00-0036554,RESOLVED_GSIS,True,75.0,stats_table,-12.31281570325001,-8.5,false,OVER,LOSS,-1.0,WR
7e09efed7e12c659b82740b67ce2f9a1,Woody Marks,woodymarks,HOU,BUF,rec_yards,player_reception_yds,8.5,11.592520143160131,11.592520143160131,13.175371177190003,25000,11.592520143160131,uncalibrated_mc_only,mc_fallback_no_oos_weights,1.0,0.0,0.0,0,14.47214749820973,1,hist_gradient_boosting_lagged_player_history_v2,2026-W01 pregame,13.94307965168304,1,first_order_markov_outcome_regime_v2,2026-W01 pregame,1,prior_only,1,,0,,,,,,,,0,,,,,0,2026,1,draftkings,DraftKings,-115.0,-109.0,OVER,0.42928,0.5063197809142617,-115.0,132.94819232202758,-0.0770397809142616,0.0770397809142616,woodymarks,True,RB_R22_WEEK1_RECEIVING_TAIL_PRODUCTION_V1,34288244770.0,True,woodymarks,False,,,,,0,,,,,,,,2026-09-20T15:36:11Z,35520068364,a71609590d6f2247c2cc08210b077c34ab339d30,9.5,OVER,00-0040583,RESOLVED_GSIS,True,-2.0,stats_table,13.592520143160131,10.5,false,UNDER,LOSS,-1.0,RB
7e09efed7e12c659b82740b67ce2f9a1,Xavier Hutchinson,xavierhutchinson,HOU,BUF,rec_yards,player_reception_yds,17.5,28.08386818217556,28.08386818217556,16.945520267902154,25000,28.08386818217556,uncalibrated_mc_only,mc_fallback_no_oos_weights,1.0,0.0,0.0,0,38.75903743178902,1,hist_gradient_boosting_lagged_player_history_v2,2026-W01 pregame,47.70919305281242,1,first_order_markov_outcome_regime_v2,2026-W01 pregame,1,prior_only,1,,0,,,,,,,,0,,,,,0,2026,1,draftkings,DraftKings,-113.0,-111.0,OVER,0.70664,0.5021058838394474,-113.0,-240.87810199072817,0.2045341161605526,0.2045341161605526,xavierhutchinson,False,,,False,xavierhutchinson,False,,,,,0,,,,,,,,2026-09-20T15:36:11Z,35520068364,a71609590d6f2247c2cc08210b077c34ab339d30,18.5,OVER,00-0038618,RESOLVED_GSIS,True,32.0,stats_table,-3.9161318178244393,-14.5,true,OVER,WIN,0.8849557522123894,WR
95c01d1bb797d6df14824b106c5a9130,Bijan Robinson,bijanrobinson,ATL,PIT,rec_yards,player_reception_yds,34.5,26.78309991323679,26.78309991323679,17.24068713759371,25000,26.78309991323679,uncalibrated_mc_only,mc_fallback_no_oos_weights,1.0,0.0,0.0,0,26.239786383998595,1,hist_gradient_boosting_lagged_player_history_v2,2026-W01 pregame,16.744262287367604,1,first_order_markov_outcome_regime_v2,2026-W01 pregame,1,prior_only,1,,0,,,,,,,,0,,,,,0,2026,1,draftkings,DraftKings,-111.0,-113.0,UNDER,0.76468,0.5021058838394474,-113.0,-324.95325514193445,0.2625741161605526,0.2625741161605526,bijanrobinson,True,RB_R22_WEEK1_RECEIVING_TAIL_PRODUCTION_V1,34288244770.0,True,bijanrobinson,False,,,,,0,,,,,,,,2026-09-20T15:36:11Z,35520068364,a71609590d6f2247c2cc08210b077c34ab339d30,34.5,UNDER,00-0038542,RESOLVED_GSIS,True,90.0,stats_table,-63.21690008676321,-55.5,false,OVER,LOSS,-1.0,RB
95c01d1bb797d6df14824b106c5a9130,DK Metcalf,dkmetcalf,PIT,ATL,rec_yards,player_reception_yds,51.5,46.16852625057473,46.16852625057473,22.92213518667823,25000,46.16852625057473,uncalibrated_mc_only,mc_fallback_no_oos_weights,1.0,0.0,0.0,0,45.19877368396317,1,hist_gradient_boosting_lagged_player_history_v2,2026-W01 pregame,47.70919305281242,1,first_order_markov_outcome_regime_v2,2026-W01 pregame,1,prior_only,1,WR1,0,,,,,,,,0,,,,,0,2026,1,draftkings,DraftKings,-110.0,-114.0,UNDER,0.62556,0.504212299915754,-114.0,-167.0654844567888,0.121347700084246,0.121347700084246,dkmetcalf,False,,,False,dkmetcalf,False,,,,,0,,,,,,,,2026-09-20T15:36:11Z,35520068364,a71609590d6f2247c2cc08210b077c34ab339d30,50,UNDER,00-0035640,RESOLVED_GSIS,True,40.0,stats_table,6.168526250574729,11.5,true,UNDER,WIN,0.8771929824561403,WR
95c01d1bb797d6df14824b106c5a9130,Darnell Washington,darnellwashington,PIT,ATL,rec_yards,player_reception_yds,15.5,17.928198657551384,17.928198657551384,13.33720294320996,25000,17.928198657551384,uncalibrated_mc_only,mc_fallback_no_oos_weights,1.0,0.0,0.0,0,28.44391392516569,1,hist_gradient_boosting_lagged_player_history_v2,2026-W01 pregame,25.04331541707786,1,first_order_markov_outcome_regime_v2,2026-W01 pregame,1,prior_only,1,,0,,,,,,,,0,,,,,0,2026,1,draftkings,DraftKings,-113.0,-111.0,OVER,0.51668,0.5021058838394474,-113.0,-106.90225937267238,0.0145741161605525,0.0145741161605525,darnellwashington,False,,,False,darnellwashington,False,,,,,0,,,,,,,,2026-09-20T15:36:11Z,35520068364,a71609590d6f2247c2cc08210b077c34ab339d30,16,OVER,00-0038558,RESOLVED_GSIS,True,18.0,stats_table,-0.07180134244861591,-2.5,true,OVER,WIN,0.8849557522123894,TE
95c01d1bb797d6df14824b106c5a9130,Drake London,drakelondon,ATL,PIT,rec_yards,player_reception_yds,55.5,60.605724384977634,60.605724384977634,25.62058192687443,25000,60.605724384977634,uncalibrated_mc_only,mc_fallback_no_oos_weights,1.0,0.0,0.0,0,52.14272232224118,1,hist_gradient_boosting_lagged_player_history_v2,2026-W01 pregame,47.70919305281242,1,first_order_markov_outcome_regime_v2,2026-W01 pregame,1,prior_only,1,WR1,0,,,,,,,,0,,,,,0,2026,1,draftkings,DraftKings,-110.0,-114.0,OVER,0.54624,0.495787700084246,-110.0,-120.38081805359658,0.0504522999157539,0.0504522999157539,drakelondon,False,,,False,drakelondon,False,,,,,0,,,,,,,,2026-09-20T15:36:11Z,35520068364,a71609590d6f2247c2cc08210b077c34ab339d30,55.5,OVER,00-0037238,RESOLVED_GSIS,True,29.0,stats_table,31.605724384977634,26.5,false,UNDER,LOSS,-1.0,WR
95c01d1bb797d6df14824b106c5a9130,Jahan Dotson,jahandotson,ATL,PIT,rec_yards,player_reception_yds,14.5,16.686183087789388,16.686183087789388,12.667659980164323,25000,16.686183087789388,uncalibrated_mc_only,mc_fallback_no_oos_weights,1.0,0.0,0.0,0,25.151890875955427,1,hist_gradient_boosting_lagged_player_history_v2,2026-W01 pregame,35.93002065459977,1,first_order_markov_outcome_regime_v2,2026-W01 pregame,1,prior_only,1,,0,,,,,,,,0,,,,,0,2026,1,draftkings,DraftKings,-113.0,-111.0,OVER,0.51132,0.5021058838394474,-113.0,-104.63288859785544,0.0092141161605525,0.0092141161605525,jahandotson,False,,,False,jahandotson,False,,,,,0,,,,,,,,2026-09-20T15:36:11Z,35520068364,a71609590d6f2247c2cc08210b077c34ab339d30,14.5,OVER,00-0037741,RESOLVED_GSIS,True,19.0,stats_table,-2.313816912210612,-4.5,true,OVER,WIN,0.8849557522123894,WR
95c01d1bb797d6df14824b106c5a9130,Jaylen Warren,jaylenwarren,PIT,ATL,rec_yards,player_reception_yds,17.5,12.7544120855774,12.7544120855774,13.892270403207934,25000,12.7544120855774,uncalibrated_mc_only,mc_fallback_no_oos_weights,1.0,0.0,0.0,0,17.14663152229466,1,hist_gradient_boosting_lagged_player_history_v2,2026-W01 pregame,19.618365840897663,1,first_order_markov_outcome_regime_v2,2026-W01 pregame,1,prior_only,1,,0,,,,,,,,0,,,,,0,2026,1,draftkings,DraftKings,-113.0,-111.0,UNDER,0.76324,0.4978941161605525,-111.0,-322.3686433519176,0.2653458838394474,0.2653458838394474,jaylenwarren,True,RB_R22_WEEK1_RECEIVING_TAIL_PRODUCTION_V1,34288244770.0,True,jaylenwarren,False,,,,,0,,,,,,,,2026-09-20T15:36:11Z,35520068364,a71609590d6f2247c2cc08210b077c34ab339d30,18.5,UNDER,00-0037228,RESOLVED_GSIS,True,27.0,stats_table,-14.2455879144226,-9.5,false,OVER,LOSS,-1.0,RB
95c01d1bb797d6df14824b106c5a9130,Kyle Pitts,kylepitts,ATL,PIT,rec_yards,player_reception_yds,37.5,42.709787427693286,42.709787427693286,20.660374144889385,25000,42.709787427693286,uncalibrated_mc_only,mc_fallback_no_oos_weights,1.0,0.0,0.0,0,67.10541602866165,1,hist_gradient_boosting_lagged_player_history_v2,2026-W01 pregame,35.53269378502074,1,first_order_markov_outcome_regime_v2,2026-W01 pregame,1,prior_only,1,,0,,,,,,,,0,,,,,0,2026,1,draftkings,DraftKings,-115.0,-109.0,OVER,0.56568,0.5063197809142617,-115.0,-130.2449806594216,0.0593602190857383,0.0593602190857383,kylepitts,False,,,False,kylepitts,False,,,,,0,,,,,,,,2026-09-20T15:36:11Z,35520068364,a71609590d6f2247c2cc08210b077c34ab339d30,37.5,OVER,00-0036970,RESOLVED_GSIS,True,0.0,stats_table,42.709787427693286,37.5,false,UNDER,LOSS,-1.0,TE
95c01d1bb797d6df14824b106c5a9130,Michael Pittman Jr.,michaelpittmanjr,PIT,ATL,rec_yards,player_reception_yds,39.5,21.86940694684068,21.86940694684068,14.659603422884151,25000,21.86940694684068,uncalibrated_mc_only,mc_fallback_no_oos_weights,1.0,0.0,0.0,0,,0,,,,0,,,0,,0,,0,,,,,,,,0,,,,,0,2026,1,draftkings,DraftKings,-109.0,-115.0,UNDER,0.8792800000000001,0.5063197809142617,-115.0,-728.3631544068925,0.3729602190857384,0.3729602190857384,michaelpittman,False,,,False,michaelpittman,False,,,,,0,,,,,,,,2026-09-20T15:36:11Z,35520068364,a71609590d6f2247c2cc08210b077c34ab339d30,39,UNDER,00-0036252,RESOLVED_GSIS,True,58.0,stats_table,-36.130593053159316,-18.5,false,OVER,LOSS,-1.0,WR
95c01d1bb797d6df14824b106c5a9130,Pat Freiermuth,patfreiermuth,PIT,ATL,rec_yards,player_reception_yds,26.5,25.90178400746127,25.90178400746127,16.711296468172172,25000,25.90178400746127,uncalibrated_mc_only,mc_fallback_no_oos_weights,1.0,0.0,0.0,0,25.0162357744686,1,hist_gradient_boosting_lagged_player_history_v2,2026-W01 pregame,35.53269378502074,1,first_order_markov_outcome_regime_v2,2026-W01 pregame,1,prior_only,1,,0,,,,,,,,0,,,,,0,2026,1,draftkings,DraftKings,-109.0,-115.0,UNDER,0.56968,0.5063197809142617,-115.0,-132.38520171035506,0.0633602190857383,0.0633602190857383,patfreiermuth,False,,,False,patfreiermuth,False,,,,,0,,,,,,,,2026-09-20T15:36:11Z,35520068364,a71609590d6f2247c2cc08210b077c34ab339d30,26,UNDER,00-0036894,RESOLVED_GSIS,True,46.0,stats_table,-20.09821599253873,-19.5,false,OVER,LOSS,-1.0,TE
95c01d1bb797d6df14824b106c5a9130,Rico Dowdle,ricodowdle,PIT,ATL,rec_yards,player_reception_yds,10.5,12.288134998954725,12.288134998954725,12.841733990446505,25000,12.288134998954725,uncalibrated_mc_only,mc_fallback_no_oos_weights,1.0,0.0,0.0,0,23.724951391017864,1,hist_gradient_boosting_lagged_player_history_v2,2026-W01 pregame,19.618365840897663,1,first_order_markov_outcome_regime_v2,2026-W01 pregame,1,prior_only,1,,0,,,,,,,,0,,,,,0,2026,1,draftkings,DraftKings,-113.0,-111.0,OVER,0.40552,0.5021058838394474,-113.0,146.59696192542907,-0.0965858838394474,0.0965858838394474,ricodowdle,True,RB_R22_WEEK1_RECEIVING_TAIL_PRODUCTION_V1,34288244770.0,True,ricodowdle,False,,,,,0,,,,,,,,2026-09-20T15:36:11Z,35520068364,a71609590d6f2247c2cc08210b077c34ab339d30,10.5,OVER,00-0036139,RESOLVED_GSIS,True,6.0,stats_table,6.288134998954725,4.5,false,UNDER,LOSS,-1.0,RB
b6cfdcbafa61ce220ba87dc2d9b80c77,Alec Pierce,alecpierce,IND,BAL,rec_yards,player_reception_yds,45.5,44.461982304676056,44.461982304676056,25.11543764688524,25000,44.461982304676056,uncalibrated_mc_only,mc_fallback_no_oos_weights,1.0,0.0,0.0,0,57.20609611391416,1,hist_gradient_boosting_lagged_player_history_v2,2026-W01 pregame,47.70919305281242,1,first_order_markov_outcome_regime_v2,2026-W01 pregame,1,prior_only,1,WR1_5,0,,,,,,,,0,,,,,0,2026,1,draftkings,DraftKings,-113.0,-111.0,UNDER,0.5608,0.4978941161605525,-111.0,-127.68670309653916,0.0629058838394474,0.0629058838394474,alecpierce,False,,,False,alecpierce,False,,,,,0,,,,,,,,2026-09-20T15:36:11Z,35520068364,a71609590d6f2247c2cc08210b077c34ab339d30,44.5,UNDER,00-0037664,RESOLVED_GSIS,True,61.0,stats_table,-16.538017695323944,-15.5,false,OVER,LOSS,-1.0,WR
b6cfdcbafa61ce220ba87dc2d9b80c77,Derrick Henry,derrickhenry,BAL,IND,rec_yards,player_reception_yds,6.5,9.098689413086442,9.098689413086442,11.669491539075414,25000,9.098689413086442,uncalibrated_mc_only,mc_fallback_no_oos_weights,1.0,0.0,0.0,0,8.393925860493695,1,hist_gradient_boosting_lagged_player_history_v2,2026-W01 pregame,13.94307965168304,1,first_order_markov_outcome_regime_v2,2026-W01 pregame,1,prior_only,1,,0,,,,,,,,0,,,,,0,2026,1,draftkings,DraftKings,-107.0,-117.0,OVER,0.42692,0.4894599266410894,-107.0,134.2359224210625,-0.0625399266410894,0.0625399266410894,derrickhenry,True,RB_R22_WEEK1_RECEIVING_TAIL_PRODUCTION_V1,34288244770.0,True,derrickhenry,False,,,,,0,,,,,,,,2026-09-20T15:36:11Z,35520068364,a71609590d6f2247c2cc08210b077c34ab339d30,7,OVER,00-0032764,RESOLVED_GSIS,True,19.0,stats_table,-9.901310586913558,-12.5,true,OVER,WIN,0.9345794392523364,RB
b6cfdcbafa61ce220ba87dc2d9b80c77,Jonathan Taylor,jonathantaylor,IND,BAL,rec_yards,player_reception_yds,16.5,12.884047087051554,12.884047087051554,14.327933910938375,25000,12.884047087051554,uncalibrated_mc_only,mc_fallback_no_oos_weights,1.0,0.0,0.0,0,23.03628070880148,1,hist_gradient_boosting_lagged_player_history_v2,2026-W01 pregame,16.744262287367604,1,first_order_markov_outcome_regime_v2,2026-W01 pregame,1,prior_only,1,,0,,,,,,,,0,,,,,0,2026,1,draftkings,DraftKings,-118.0,-107.0,UNDER,0.75108,0.4884821578153794,-107.0,-301.7354973485457,0.2625978421846205,0.2625978421846205,jonathantaylor,True,RB_R22_WEEK1_RECEIVING_TAIL_PRODUCTION_V1,34288244770.0,True,jonathantaylor,False,,,,,0,,,,,,,,2026-09-20T15:36:11Z,35520068364,a71609590d6f2247c2cc08210b077c34ab339d30,18,UNDER,00-0036223,RESOLVED_GSIS,True,23.0,stats_table,-10.115952912948446,-6.5,false,OVER,LOSS,-1.0,RB
b6cfdcbafa61ce220ba87dc2d9b80c77,Josh Downs,joshdowns,IND,BAL,rec_yards,player_reception_yds,44.5,24.02473001442818,24.02473001442818,15.166932633881183,25000,24.02473001442818,uncalibrated_mc_only,mc_fallback_no_oos_weights,1.0,0.0,0.0,0,44.65676162130414,1,hist_gradient_boosting_lagged_player_history_v2,2026-W01 pregame,47.70919305281242,1,first_order_markov_outcome_regime_v2,2026-W01 pregame,1,prior_only,1,,0,,,,,,,,0,,,,,0,2026,1,draftkings,DraftKings,-111.0,-113.0,UNDER,0.90196,0.5021058838394474,-113.0,-919.9918400652792,0.3998541161605525,0.3998541161605525,joshdowns,False,,,False,joshdowns,False,,,,,0,,,,,,,,2026-09-20T15:36:11Z,35520068364,a71609590d6f2247c2cc08210b077c34ab339d30,45.5,UNDER,00-0038997,RESOLVED_GSIS,True,37.0,stats_table,-12.97526998557182,7.5,false,UNDER,WIN,0.8849557522123894,WR
b6cfdcbafa61ce220ba87dc2d9b80c77,Justice Hill,justicehill,BAL,IND,rec_yards,player_reception_yds,10.5,13.452170083311938,13.452170083311938,13.923711704936489,25000,13.452170083311938,uncalibrated_mc_only,mc_fallback_no_oos_weights,1.0,0.0,0.0,0,15.685310572802225,1,hist_gradient_boosting_lagged_player_history_v2,2026-W01 pregame,16.744262287367604,1,first_order_markov_outcome_regime_v2,2026-W01 pregame,1,prior_only,1,,0,,,,,,,,0,,,,,0,2026,1,draftkings,DraftKings,-115.0,-109.0,OVER,0.43144,0.5063197809142617,-115.0,131.78193955127014,-0.0748797809142616,0.0748797809142616,justicehill,True,RB_R22_WEEK1_RECEIVING_TAIL_PRODUCTION_V1,34288244770.0,True,justicehill,False,,,,,0,,,,,,,,2026-09-20T15:36:11Z,35520068364,a71609590d6f2247c2cc08210b077c34ab339d30,11,OVER,00-0034975,RESOLVED_GSIS,True,10.0,stats_table,3.4521700833119375,0.5,false,UNDER,LOSS,-1.0,RB
b6cfdcbafa61ce220ba87dc2d9b80c77,Keenan Allen,keenanallen,IND,BAL,rec_yards,player_reception_yds,27.5,37.61001853626925,37.61001853626925,18.74095022220304,25000,37.61001853626925,uncalibrated_mc_only,mc_fallback_no_oos_weights,1.0,0.0,0.0,0,36.014317978773164,1,hist_gradient_boosting_lagged_player_history_v2,2026-W01 pregame,35.93002065459977,1,first_order_markov_outcome_regime_v2,2026-W01 pregame,1,prior_only,1,WR1,0,,,,,,,,0,,,,,0,2026,1,draftkings,DraftKings,-113.0,-111.0,OVER,0.6762,0.5021058838394474,-113.0,-208.83261272390368,0.1740941161605526,0.1740941161605526,keenanallen,False,,,False,keenanallen,False,,,,,0,,,,,,,,2026-09-20T15:36:11Z,35520068364,a71609590d6f2247c2cc08210b077c34ab339d30,27,OVER,00-0030279,RESOLVED_GSIS,True,32.0,stats_table,5.610018536269251,-4.5,false,OVER,WIN,0.8849557522123894,WR
b6cfdcbafa61ce220ba87dc2d9b80c77,Mark Andrews,markandrews,BAL,IND,rec_yards,player_reception_yds,34.5,24.56263915453093,24.56263915453093,14.577171442284042,25000,24.56263915453093,uncalibrated_mc_only,mc_fallback_no_oos_weights,1.0,0.0,0.0,0,32.343299379719234,1,hist_gradient_boosting_lagged_player_history_v2,2026-W01 pregame,25.04331541707786,1,first_order_markov_outcome_regime_v2,2026-W01 pregame,1,prior_only,1,,0,,,,,,,,0,,,,,0,2026,1,draftkings,DraftKings,-115.0,-109.0,UNDER,0.771,0.4936802190857383,-109.0,-336.6812227074237,0.2773197809142617,0.2773197809142617,markandrews,False,,,False,markandrews,False,,,,,0,,,,,,,,2026-09-20T15:36:11Z,35520068364,a71609590d6f2247c2cc08210b077c34ab339d30,35.5,UNDER,00-0034753,RESOLVED_GSIS,True,49.0,stats_table,-24.43736084546907,-14.5,false,OVER,LOSS,-1.0,TE
b6cfdcbafa61ce220ba87dc2d9b80c77,Rashod Bateman,rashodbateman,BAL,IND,rec_yards,player_reception_yds,26.5,19.85672762224462,19.85672762224462,13.41346083789424,25000,19.85672762224462,uncalibrated_mc_only,mc_fallback_no_oos_weights,1.0,0.0,0.0,0,19.22530423313576,1,hist_gradient_boosting_lagged_player_history_v2,2026-W01 pregame,25.94144256040772,1,first_order_markov_outcome_regime_v2,2026-W01 pregame,1,prior_only,1,WR1_5,0,,,,,,,,0,,,,,0,2026,1,draftkings,DraftKings,-111.0,-113.0,UNDER,0.724,0.5021058838394474,-113.0,-262.31884057971007,0.2218941161605525,0.2218941161605525,rashodbateman,False,,,False,rashodbateman,False,,,,,0,,,,,,,,2026-09-20T15:36:11Z,35520068364,a71609590d6f2247c2cc08210b077c34ab339d30,26,UNDER,00-0036550,RESOLVED_GSIS,True,0.0,stats_table,19.85672762224462,26.5,true,UNDER,WIN,0.8849557522123894,WR
b6cfdcbafa61ce220ba87dc2d9b80c77,Tyler Warren,tylerwarren,IND,BAL,rec_yards,player_reception_yds,48.5,33.32607650216282,33.32607650216282,17.757812190029227,25000,33.32607650216282,uncalibrated_mc_only,mc_fallback_no_oos_weights,1.0,0.0,0.0,0,35.967967551785215,1,hist_gradient_boosting_lagged_player_history_v2,2026-W01 pregame,25.04331541707786,1,first_order_markov_outcome_regime_v2,2026-W01 pregame,1,prior_only,1,,0,,,,,,,,0,,,,,0,2026,1,draftkings,DraftKings,-111.0,-113.0,UNDER,0.81216,0.5021058838394474,-113.0,-432.3679727427598,0.3100541161605525,0.3100541161605525,tylerwarren,False,,,False,tylerwarren,False,,,,,0,,,,,,,,2026-09-20T15:36:11Z,35520068364,a71609590d6f2247c2cc08210b077c34ab339d30,47,UNDER,00-0040128,RESOLVED_GSIS,True,13.0,stats_table,20.32607650216282,35.5,true,UNDER,WIN,0.8849557522123894,TE
b6cfdcbafa61ce220ba87dc2d9b80c77,Zay Flowers,zayflowers,BAL,IND,rec_yards,player_reception_yds,66.5,61.3406731725403,61.3406731725403,27.97015913052893,25000,61.3406731725403,uncalibrated_mc_only,mc_fallback_no_oos_weights,1.0,0.0,0.0,0,97.84457793728753,1,hist_gradient_boosting_lagged_player_history_v2,2026-W01 pregame,47.70919305281242,1,first_order_markov_outcome_regime_v2,2026-W01 pregame,1,prior_only,1,WR1,0,,,,,,,,0,,,,,0,2026,1,draftkings,DraftKings,-112.0,-112.0,UNDER,0.60492,0.5,-112.0,-153.11329351017517,0.10492,0.10492,zayflowers,False,,,False,zayflowers,False,,,,,0,,,,,,,,2026-09-20T15:36:11Z,35520068364,a71609590d6f2247c2cc08210b077c34ab339d30,65,UNDER,00-0039064,RESOLVED_GSIS,True,150.0,stats_table,-88.6593268274597,-83.5,false,OVER,LOSS,-1.0,WR
c1d3fcec25aaeb06ebd2244d33d338e0,Amon-Ra St. Brown,amonrastbrown,DET,NO,rec_yards,player_reception_yds,75.5,60.683861872530805,60.683861872530805,25.71466334189624,25000,60.683861872530805,uncalibrated_mc_only,mc_fallback_no_oos_weights,1.0,0.0,0.0,0,74.44907711999339,1,hist_gradient_boosting_lagged_player_history_v2,2026-W01 pregame,47.70919305281242,1,first_order_markov_outcome_regime_v2,2026-W01 pregame,1,prior_only,1,WR1,0,,,,,,,,0,,,,,0,2026,1,draftkings,DraftKings,-111.0,-113.0,UNDER,0.7372799999999999,0.5021058838394474,-113.0,-280.6333739342265,0.2351741161605525,0.2351741161605525,amonrastbrown,False,,,False,amonrastbrown,False,,,,,0,,,,,,,,2026-09-20T15:36:11Z,35520068364,a71609590d6f2247c2cc08210b077c34ab339d30,76.5,UNDER,00-0036963,RESOLVED_GSIS,True,67.0,stats_table,-6.316138127469195,8.5,true,UNDER,WIN,0.8849557522123894,WR
c1d3fcec25aaeb06ebd2244d33d338e0,Chris Olave,chrisolave,NO,DET,rec_yards,player_reception_yds,76.5,58.48859229414904,58.48859229414904,24.5426845637312,25000,58.48859229414904,uncalibrated_mc_only,mc_fallback_no_oos_weights,1.0,0.0,0.0,0,78.96934804867793,1,hist_gradient_boosting_lagged_player_history_v2,2026-W01 pregame,47.70919305281242,1,first_order_markov_outcome_regime_v2,2026-W01 pregame,1,prior_only,1,WR1,0,,,,,,,,0,,,,,0,2026,1,draftkings,DraftKings,-113.0,-111.0,UNDER,0.7792,0.4978941161605525,-111.0,-352.8985507246377,0.2813058838394474,0.2813058838394474,chrisolave,False,,,False,chrisolave,False,,,,,0,,,,,,,,2026-09-20T15:36:11Z,35520068364,a71609590d6f2247c2cc08210b077c34ab339d30,76.5,UNDER,00-0037239,RESOLVED_GSIS,True,182.0,stats_table,-123.51140770585096,-105.5,false,OVER,LOSS,-1.0,WR
c1d3fcec25aaeb06ebd2244d33d338e0,Devaughn Vele,devaughnvele,NO,DET,rec_yards,player_reception_yds,41.5,41.74931229716093,41.74931229716093,20.81905103736544,25000,41.74931229716093,uncalibrated_mc_only,mc_fallback_no_oos_weights,1.0,0.0,0.0,0,49.349718170397146,1,hist_gradient_boosting_lagged_player_history_v2,2026-W01 pregame,47.70919305281242,1,first_order_markov_outcome_regime_v2,2026-W01 pregame,1,prior_only,1,WR1_5,0,,,,,,,,0,,,,,0,2026,1,draftkings,DraftKings,-110.0,-115.0,OVER,0.4654,0.4947698744769875,-110.0,114.86892995272882,-0.0293698744769875,0.0293698744769875,devaughnvele,False,,,False,devaughnvele,False,,,,,0,,,,,,,,2026-09-20T15:36:11Z,35520068364,a71609590d6f2247c2cc08210b077c34ab339d30,40.5,OVER,00-0039424,RESOLVED_GSIS,True,69.0,stats_table,-27.250687702839073,-27.5,true,OVER,WIN,0.9090909090909091,WR
c1d3fcec25aaeb06ebd2244d33d338e0,Isaac TeSlaa,isaacteslaa,DET,NO,rec_yards,player_reception_yds,16.5,17.532692878486845,17.532692878486845,13.700500721015914,25000,17.532692878486845,uncalibrated_mc_only,mc_fallback_no_oos_weights,1.0,0.0,0.0,0,19.8641749672242,1,hist_gradient_boosting_lagged_player_history_v2,2026-W01 pregame,35.93002065459977,1,first_order_markov_outcome_regime_v2,2026-W01 pregame,1,prior_only,1,,0,,,,,,,,0,,,,,0,2026,1,draftkings,DraftKings,-115.0,-109.0,OVER,0.46556,0.5063197809142617,-115.0,114.79508548844404,-0.0407597809142616,0.0407597809142616,isaacteslaa,False,,,False,isaacteslaa,False,,,,,0,,,,,,,,2026-09-20T15:36:11Z,35520068364,a71609590d6f2247c2cc08210b077c34ab339d30,17,OVER,00-0040669,RESOLVED_GSIS,True,0.0,stats_table,17.532692878486845,16.5,false,UNDER,LOSS,-1.0,WR
c1d3fcec25aaeb06ebd2244d33d338e0,Jahmyr Gibbs,jahmyrgibbs,DET,NO,rec_yards,player_reception_yds,30.5,21.02905762832765,21.02905762832765,15.59885524115366,25000,21.02905762832765,uncalibrated_mc_only,mc_fallback_no_oos_weights,1.0,0.0,0.0,0,31.88601227149544,1,hist_gradient_boosting_lagged_player_history_v2,2026-W01 pregame,19.618365840897663,1,first_order_markov_outcome_regime_v2,2026-W01 pregame,1,prior_only,1,,0,,,,,,,,0,,,,,0,2026,1,draftkings,DraftKings,-108.0,-116.0,UNDER,0.7969999999999999,0.5084288604180716,-116.0,-392.61083743842346,0.2885711395819283,0.2885711395819283,jahmyrgibbs,True,RB_R22_WEEK1_RECEIVING_TAIL_PRODUCTION_V1,34288244770.0,True,jahmyrgibbs,False,,,,,0,,,,,,,,2026-09-20T15:36:11Z,35520068364,a71609590d6f2247c2cc08210b077c34ab339d30,30.5,UNDER,00-0039139,RESOLVED_GSIS,True,30.0,stats_table,-8.97094237167235,0.5,false,UNDER,WIN,0.8620689655172413,RB
c1d3fcec25aaeb06ebd2244d33d338e0,Jameson Williams,jamesonwilliams,DET,NO,rec_yards,player_reception_yds,57.5,50.857322311454304,50.857322311454304,25.74283116237482,25000,50.857322311454304,uncalibrated_mc_only,mc_fallback_no_oos_weights,1.0,0.0,0.0,0,52.64736007982399,1,hist_gradient_boosting_lagged_player_history_v2,2026-W01 pregame,47.70919305281242,1,first_order_markov_outcome_regime_v2,2026-W01 pregame,1,prior_only,1,WR1_5,0,,,,,,,,0,,,,,0,2026,1,draftkings,DraftKings,-113.0,-111.0,UNDER,0.63268,0.4978941161605525,-111.0,-172.24218664924317,0.1347858838394474,0.1347858838394474,jamesonwilliams,False,,,False,jamesonwilliams,False,,,,,0,,,,,,,,2026-09-20T15:36:11Z,35520068364,a71609590d6f2247c2cc08210b077c34ab339d30,58,UNDER,00-0037240,RESOLVED_GSIS,True,45.0,stats_table,5.857322311454304,12.5,true,UNDER,WIN,0.9009009009009009,WR
c1d3fcec25aaeb06ebd2244d33d338e0,Juwan Johnson,juwanjohnson,NO,DET,rec_yards,player_reception_yds,40.5,42.19277882149986,42.19277882149986,21.372423524474385,25000,42.19277882149986,uncalibrated_mc_only,mc_fallback_no_oos_weights,1.0,0.0,0.0,0,54.97306099577279,1,hist_gradient_boosting_lagged_player_history_v2,2026-W01 pregame,35.53269378502074,1,first_order_markov_outcome_regime_v2,2026-W01 pregame,1,prior_only,1,,0,,,,,,,,0,,,,,0,2026,1,draftkings,DraftKings,-113.0,-111.0,OVER,0.4896,0.5021058838394474,-113.0,104.2483660130719,-0.0125058838394474,0.0125058838394474,juwanjohnson,False,,,False,juwanjohnson,False,,,,,0,,,,,,,,2026-09-20T15:36:11Z,35520068364,a71609590d6f2247c2cc08210b077c34ab339d30,41.5,OVER,00-0036040,RESOLVED_GSIS,True,54.0,stats_table,-11.807221178500143,-13.5,true,OVER,WIN,0.8849557522123894,TE
c1d3fcec25aaeb06ebd2244d33d338e0,Sam LaPorta,samlaporta,DET,NO,rec_yards,player_reception_yds,44.5,38.84074878557508,38.84074878557508,21.295764523702125,25000,38.84074878557508,uncalibrated_mc_only,mc_fallback_no_oos_weights,1.0,0.0,0.0,0,48.88009453910306,1,hist_gradient_boosting_lagged_player_history_v2,2026-W01 pregame,35.53269378502074,1,first_order_markov_outcome_regime_v2,2026-W01 pregame,1,prior_only,1,,0,,,,,,,,0,,,,,0,2026,1,draftkings,DraftKings,-114.0,-110.0,UNDER,0.6416,0.4957877000842461,-110.0,-179.0178571428571,0.1458122999157538,0.1458122999157538,samlaporta,False,,,False,samlaporta,False,,,,,0,,,,,,,,2026-09-20T15:36:11Z,35520068364,a71609590d6f2247c2cc08210b077c34ab339d30,43.5,UNDER,00-0039065,RESOLVED_GSIS,True,48.0,stats_table,-9.15925121442492,-3.5,false,OVER,LOSS,-1.0,TE
c1d3fcec25aaeb06ebd2244d33d338e0,Travis Etienne Jr.,travisetiennejr,NO,DET,rec_yards,player_reception_yds,15.5,13.577562392510934,13.577562392510934,13.631650848270498,25000,13.577562392510934,uncalibrated_mc_only,mc_fallback_no_oos_weights,1.0,0.0,0.0,0,,0,,,,0,,,0,,0,,0,,,,,,,,0,,,,,0,2026,1,draftkings,DraftKings,-111.0,-113.0,UNDER,0.70088,0.5021058838394474,-113.0,-234.3139876972452,0.1987741161605525,0.1987741161605525,travisetienne,True,RB_R22_WEEK1_RECEIVING_TAIL_PRODUCTION_V1,34288244770.0,True,travisetienne,False,,,,,0,,,,,,,,2026-09-20T15:36:11Z,35520068364,a71609590d6f2247c2cc08210b077c34ab339d30,15,UNDER,00-0036973,RESOLVED_GSIS,True,32.0,stats_table,-18.422437607489066,-16.5,false,OVER,LOSS,-1.0,RB
c5d95f48a16849ab6bebc68fbbfcb74a,Ashton Jeanty,ashtonjeanty,LV,MIA,rec_yards,player_reception_yds,16.5,14.460695692668496,14.460695692668496,13.81976178616913,25000,14.460695692668496,uncalibrated_mc_only,mc_fallback_no_oos_weights,1.0,0.0,0.0,0,15.494254554212263,1,hist_gradient_boosting_lagged_player_history_v2,2026-W01 pregame,16.744262287367604,1,first_order_markov_outcome_regime_v2,2026-W01 pregame,1,prior_only,1,,0,,,,,,,,0,,,,,0,2026,1,draftkings,DraftKings,-118.0,-107.0,UNDER,0.6993199999999999,0.4884821578153794,-107.0,-232.5794864972728,0.2108378421846205,0.2108378421846205,ashtonjeanty,True,RB_R22_WEEK1_RECEIVING_TAIL_PRODUCTION_V1,34288244770.0,True,ashtonjeanty,False,,,,,0,,,,,,,,2026-09-20T15:36:11Z,35520068364,a71609590d6f2247c2cc08210b077c34ab339d30,17,UNDER,00-0040122,RESOLVED_GSIS,True,45.0,stats_table,-30.539304307331506,-28.5,false,OVER,LOSS,-1.0,RB
c5d95f48a16849ab6bebc68fbbfcb74a,Caleb Douglas,calebdouglas,MIA,LV,rec_yards,player_reception_yds,27.5,32.35189612756992,32.35189612756992,18.51868308944892,25000,32.35189612756992,uncalibrated_mc_only,mc_fallback_no_oos_weights,1.0,0.0,0.0,0,17.2617709307919,1,hist_gradient_boosting_lagged_player_history_v2,2026-W01 pregame,,0,first_order_markov_outcome_regime_v2,2026-W01 pregame,1,position_prior_only,1,,0,,,,,,,,0,,,,,0,2026,1,draftkings,DraftKings,-109.0,-115.0,OVER,0.55788,0.4936802190857384,-109.0,-126.18293675925092,0.0641997809142616,0.0641997809142616,calebdouglas,False,,,False,calebdouglas,False,,,,,0,,,,,,,,2026-09-20T15:36:11Z,35520068364,a71609590d6f2247c2cc08210b077c34ab339d30,26.5,OVER,00-0041523,RESOLVED_GSIS,True,94.0,stats_table,-61.64810387243008,-66.5,true,OVER,WIN,0.9174311926605505,WR
c5d95f48a16849ab6bebc68fbbfcb74a,Chris Bell,chrisbell,MIA,LV,rec_yards,player_reception_yds,16.5,17.170447436863892,17.170447436863892,13.31706891900184,25000,17.170447436863892,uncalibrated_mc_only,mc_fallback_no_oos_weights,1.0,0.0,0.0,0,17.2617709307919,1,hist_gradient_boosting_lagged_player_history_v2,2026-W01 pregame,,0,first_order_markov_outcome_regime_v2,2026-W01 pregame,1,position_prior_only,1,,0,,,,,,,,0,,,,,0,2026,1,draftkings,DraftKings,-114.0,-110.0,OVER,0.45836,0.5042122999157539,-114.0,118.16912470547167,-0.0458522999157539,0.0458522999157539,chrisbell,False,,,False,chrisbell,False,,,,,0,,,,,,,,2026-09-20T15:36:11Z,35520068364,a71609590d6f2247c2cc08210b077c34ab339d30,16.5,OVER,00-0041525,RESOLVED_GSIS,True,25.0,stats_table,-7.829552563136108,-8.5,true,OVER,WIN,0.8771929824561403,WR
c5d95f48a16849ab6bebc68fbbfcb74a,De'Von Achane,devonachane,MIA,LV,rec_yards,player_reception_yds,28.5,17.501026687998564,17.501026687998564,14.691176090281209,25000,17.501026687998564,uncalibrated_mc_only,mc_fallback_no_oos_weights,1.0,0.0,0.0,0,22.32199593321944,1,hist_gradient_boosting_lagged_player_history_v2,2026-W01 pregame,19.618365840897663,1,first_order_markov_outcome_regime_v2,2026-W01 pregame,1,prior_only,1,,0,,,,,,,,0,,,,,0,2026,1,draftkings,DraftKings,-108.0,-116.0,UNDER,0.8236,0.5084288604180716,-116.0,-466.8934240362812,0.3151711395819284,0.3151711395819284,devonachane,True,RB_R22_WEEK1_RECEIVING_TAIL_PRODUCTION_V1,34288244770.0,True,devonachane,False,,,,,0,,,,,,,,2026-09-20T15:36:11Z,35520068364,a71609590d6f2247c2cc08210b077c34ab339d30,28,UNDER,00-0039040,RESOLVED_GSIS,True,30.0,stats_table,-12.498973312001436,-1.5,false,OVER,LOSS,-1.0,RB
c5d95f48a16849ab6bebc68fbbfcb74a,Greg Dulcich,gregdulcich,MIA,LV,rec_yards,player_reception_yds,25.5,30.446575981385337,30.446575981385337,18.91199228124273,25000,30.446575981385337,uncalibrated_mc_only,mc_fallback_no_oos_weights,1.0,0.0,0.0,0,34.14896786069245,1,hist_gradient_boosting_lagged_player_history_v2,2026-W01 pregame,35.53269378502074,1,first_order_markov_outcome_regime_v2,2026-W01 pregame,1,prior_only,1,,0,,,,,,,,0,,,,,0,2026,1,draftkings,DraftKings,-109.0,-115.0,OVER,0.55092,0.4936802190857384,-109.0,-122.67747394673552,0.0572397809142615,0.0572397809142615,gregdulcich,False,,,False,gregdulcich,False,,,,,0,,,,,,,,2026-09-20T15:36:11Z,35520068364,a71609590d6f2247c2cc08210b077c34ab339d30,26,OVER,00-0037252,RESOLVED_GSIS,True,18.0,stats_table,12.446575981385337,7.5,false,UNDER,LOSS,-1.0,TE
c5d95f48a16849ab6bebc68fbbfcb74a,Jack Bech,jackbech,LV,MIA,rec_yards,player_reception_yds,17.5,29.222071948240544,29.222071948240544,17.530578140301223,25000,29.222071948240544,uncalibrated_mc_only,mc_fallback_no_oos_weights,1.0,0.0,0.0,0,29.294683619149605,1,hist_gradient_boosting_lagged_player_history_v2,2026-W01 pregame,25.94144256040772,1,first_order_markov_outcome_regime_v2,2026-W01 pregame,1,prior_only,1,,0,,,,,,,,0,,,,,0,2026,1,draftkings,DraftKings,-112.0,-112.0,OVER,0.72368,0.5,-112.0,-261.8992472495657,0.22368,0.22368,jackbech,False,,,False,jackbech,False,,,,,0,,,,,,,,2026-09-20T15:36:11Z,35520068364,a71609590d6f2247c2cc08210b077c34ab339d30,18,OVER,00-0040729,RESOLVED_GSIS,True,23.0,stats_table,6.2220719482405435,-5.5,false,OVER,WIN,0.8928571428571429,WR
c5d95f48a16849ab6bebc68fbbfcb74a,Jalen Nailor,jalennailor,LV,MIA,rec_yards,player_reception_yds,36.5,17.654884712764723,17.654884712764723,13.716605761163676,25000,17.654884712764723,uncalibrated_mc_only,mc_fallback_no_oos_weights,1.0,0.0,0.0,0,31.51776123324129,1,hist_gradient_boosting_lagged_player_history_v2,2026-W01 pregame,47.70919305281242,1,first_order_markov_outcome_regime_v2,2026-W01 pregame,1,prior_only,1,WR1_5,0,,,,,,,,0,,,,,0,2026,1,draftkings,DraftKings,-115.0,-109.0,UNDER,0.90208,0.4936802190857383,-109.0,-921.2418300653594,0.4083997809142616,0.4083997809142616,jalennailor,False,,,False,jalennailor,False,,,,,0,,,,,,,,2026-09-20T15:36:11Z,35520068364,a71609590d6f2247c2cc08210b077c34ab339d30,37,UNDER,00-0037291,RESOLVED_GSIS,True,27.0,stats_table,-9.345115287235277,9.5,true,UNDER,WIN,0.9174311926605505,WR
c5d95f48a16849ab6bebc68fbbfcb74a,Jalen Tolbert,jalentolbert,MIA,LV,rec_yards,player_reception_yds,12.5,11.508094857948285,11.508094857948285,9.857552258501457,25000,11.508094857948285,uncalibrated_mc_only,mc_fallback_no_oos_weights,1.0,0.0,0.0,0,23.89619387074317,1,hist_gradient_boosting_lagged_player_history_v2,2026-W01 pregame,25.94144256040772,1,first_order_markov_outcome_regime_v2,2026-W01 pregame,1,prior_only,1,WR1_5,0,,,,,,,,0,,,,,0,2026,1,draftkings,DraftKings,-113.0,-111.0,UNDER,0.59764,0.4978941161605525,-111.0,-148.53365145640717,0.0997458838394473,0.0997458838394473,jalentolbert,False,,,False,jalentolbert,False,,,,,0,,,,,,,,2026-09-20T15:36:11Z,35520068364,a71609590d6f2247c2cc08210b077c34ab339d30,12.5,UNDER,00-0037666,RESOLVED_GSIS,True,0.0,roster_confirmed_verified_zero,11.508094857948285,12.5,true,UNDER,WIN,0.9009009009009009,WR
c5d95f48a16849ab6bebc68fbbfcb74a,Malik Washington,malikwashington,MIA,LV,rec_yards,player_reception_yds,26.5,24.649679347949565,24.649679347949565,14.220260425270997,25000,24.649679347949565,uncalibrated_mc_only,mc_fallback_no_oos_weights,1.0,0.0,0.0,0,23.63524646209865,1,hist_gradient_boosting_lagged_player_history_v2,2026-W01 pregame,25.94144256040772,1,first_order_markov_outcome_regime_v2,2026-W01 pregame,1,prior_only,1,WR1,0,,,,,,,,0,,,,,0,2026,1,draftkings,DraftKings,-111.0,-113.0,UNDER,0.59396,0.5021058838394474,-113.0,-146.28115456605263,0.0918541161605526,0.0918541161605526,malikwashington,False,,,False,malikwashington,False,,,,,0,,,,,,,,2026-09-20T15:36:11Z,35520068364,a71609590d6f2247c2cc08210b077c34ab339d30,27,UNDER,00-0039880,RESOLVED_GSIS,True,53.0,stats_table,-28.350320652050435,-26.5,false,OVER,LOSS,-1.0,WR
c5d95f48a16849ab6bebc68fbbfcb74a,Michael Mayer,michaelmayer,LV,MIA,rec_yards,player_reception_yds,40.5,22.70036919047913,22.70036919047913,14.185304829170986,25000,22.70036919047913,uncalibrated_mc_only,mc_fallback_no_oos_weights,1.0,0.0,0.0,0,37.55857083625033,1,hist_gradient_boosting_lagged_player_history_v2,2026-W01 pregame,35.53269378502074,1,first_order_markov_outcome_regime_v2,2026-W01 pregame,1,prior_only,1,,0,,,,,,,,0,,,,,0,2026,1,draftkings,DraftKings,-115.0,-109.0,UNDER,0.88792,0.4936802190857383,-109.0,-792.2198429693079,0.3942397809142617,0.3942397809142617,michaelmayer,False,,,False,michaelmayer,False,,,,,0,,,,,,,,2026-09-20T15:36:11Z,35520068364,a71609590d6f2247c2cc08210b077c34ab339d30,40,UNDER,00-0039066,RESOLVED_GSIS,True,32.0,stats_table,-9.29963080952087,8.5,false,UNDER,WIN,0.9174311926605505,TE
c5d95f48a16849ab6bebc68fbbfcb74a,Tre Tucker,tretucker,LV,MIA,rec_yards,player_reception_yds,47.5,37.89308188895055,37.89308188895055,19.79160516941201,25000,37.89308188895055,uncalibrated_mc_only,mc_fallback_no_oos_weights,1.0,0.0,0.0,0,36.02816253125442,1,hist_gradient_boosting_lagged_player_history_v2,2026-W01 pregame,35.93002065459977,1,first_order_markov_outcome_regime_v2,2026-W01 pregame,1,prior_only,1,WR1,0,,,,,,,,0,,,,,0,2026,1,draftkings,DraftKings,-114.0,-110.0,UNDER,0.712,0.4957877000842461,-110.0,-247.2222222222222,0.2162122999157538,0.2162122999157538,tretucker,False,,,False,tretucker,False,,,,,0,,,,,,,,2026-09-20T15:36:11Z,35520068364,a71609590d6f2247c2cc08210b077c34ab339d30,46.5,UNDER,00-0038563,RESOLVED_GSIS,True,27.0,stats_table,10.893081888950547,20.5,true,UNDER,WIN,0.9090909090909091,WR
cb77efed7e711d25a72c1a2a0a1af119,Aaron Jones,aaronjones,MIN,GB,rec_yards,player_reception_yds,14.5,12.369934484889887,12.369934484889887,13.382375128958452,25000,12.369934484889887,uncalibrated_mc_only,mc_fallback_no_oos_weights,1.0,0.0,0.0,0,24.200304246773605,1,hist_gradient_boosting_lagged_player_history_v2,2026-W01 pregame,16.744262287367604,1,first_order_markov_outcome_regime_v2,2026-W01 pregame,1,prior_only,1,,0,,,,,,,,0,,,,,0,2026,1,draftkings,DraftKings,-108.0,-116.0,UNDER,0.71004,0.5084288604180716,-116.0,-244.87515519381984,0.2016111395819284,0.2016111395819284,aaronjones,True,RB_R22_WEEK1_RECEIVING_TAIL_PRODUCTION_V1,34288244770.0,True,aaronjones,False,,,,,0,,,,,,,,2026-09-20T15:36:11Z,35520068364,a71609590d6f2247c2cc08210b077c34ab339d30,14.5,UNDER,00-0033293,RESOLVED_GSIS,True,0.0,stats_table,12.369934484889887,14.5,true,UNDER,WIN,0.8620689655172413,RB
cb77efed7e711d25a72c1a2a0a1af119,Christian Watson,christianwatson,GB,MIN,rec_yards,player_reception_yds,55.5,56.8514863819449,56.8514863819449,27.64581029115569,25000,56.8514863819449,uncalibrated_mc_only,mc_fallback_no_oos_weights,1.0,0.0,0.0,0,51.86097124778121,1,hist_gradient_boosting_lagged_player_history_v2,2026-W01 pregame,47.70919305281242,1,first_order_markov_outcome_regime_v2,2026-W01 pregame,1,prior_only,1,WR1,0,,,,,,,,0,,,,,0,2026,1,draftkings,DraftKings,-114.0,-110.0,OVER,0.48224,0.5042122999157539,-114.0,107.36562707365626,-0.0219722999157538,0.0219722999157538,christianwatson,False,,,False,christianwatson,False,,,,,0,,,,,,,,2026-09-20T15:36:11Z,35520068364,a71609590d6f2247c2cc08210b077c34ab339d30,55.5,OVER,00-0038124,RESOLVED_GSIS,True,147.0,stats_table,-90.14851361805509,-91.5,true,OVER,WIN,0.8771929824561403,WR
cb77efed7e711d25a72c1a2a0a1af119,Jauan Jennings,jauanjennings,MIN,GB,rec_yards,player_reception_yds,22.5,18.110598832339413,18.110598832339413,13.22921698386006,25000,18.110598832339413,uncalibrated_mc_only,mc_fallback_no_oos_weights,1.0,0.0,0.0,0,48.36014994326879,1,hist_gradient_boosting_lagged_player_history_v2,2026-W01 pregame,35.93002065459977,1,first_order_markov_outcome_regime_v2,2026-W01 pregame,1,prior_only,1,,0,,,,,,,,0,,,,,0,2026,1,draftkings,DraftKings,-113.0,-111.0,UNDER,0.67908,0.4978941161605525,-111.0,-211.604138102954,0.1811858838394474,0.1811858838394474,jauanjennings,False,,,False,jauanjennings,False,,,,,0,,,,,,,,2026-09-20T15:36:11Z,35520068364,a71609590d6f2247c2cc08210b077c34ab339d30,22.5,UNDER,00-0036259,RESOLVED_GSIS,True,0.0,stats_table,18.110598832339413,22.5,true,UNDER,WIN,0.9009009009009009,WR
cb77efed7e711d25a72c1a2a0a1af119,Jayden Reed,jaydenreed,GB,MIN,rec_yards,player_reception_yds,43.5,22.90859249653824,22.90859249653824,16.00332171695145,25000,22.90859249653824,uncalibrated_mc_only,mc_fallback_no_oos_weights,1.0,0.0,0.0,0,24.50176355494713,1,hist_gradient_boosting_lagged_player_history_v2,2026-W01 pregame,35.93002065459977,1,first_order_markov_outcome_regime_v2,2026-W01 pregame,1,prior_only,1,WR1_5,0,,,,,,,,0,,,,,0,2026,1,draftkings,DraftKings,-113.0,-111.0,UNDER,0.88808,0.4978941161605525,-111.0,-793.4953538241599,0.3901858838394474,0.3901858838394474,jaydenreed,False,,,False,jaydenreed,False,,,,,0,,,,,,,,2026-09-20T15:36:11Z,35520068364,a71609590d6f2247c2cc08210b077c34ab339d30,43,UNDER,00-0039146,RESOLVED_GSIS,True,20.0,stats_table,2.9085924965382404,23.5,true,UNDER,WIN,0.9009009009009009,WR
cb77efed7e711d25a72c1a2a0a1af119,Jordan Addison,jordanaddison,MIN,GB,rec_yards,player_reception_yds,43.5,41.53216419464107,41.53216419464107,20.78347231374584,25000,41.53216419464107,uncalibrated_mc_only,mc_fallback_no_oos_weights,1.0,0.0,0.0,0,15.128386344322722,1,hist_gradient_boosting_lagged_player_history_v2,2026-W01 pregame,25.94144256040772,1,first_order_markov_outcome_regime_v2,2026-W01 pregame,1,prior_only,1,WR1_5,0,,,,,,,,0,,,,,0,2026,1,draftkings,DraftKings,-111.0,-113.0,UNDER,0.57248,0.5021058838394474,-113.0,-133.9071856287425,0.0703741161605525,0.0703741161605525,jordanaddison,False,,,False,jordanaddison,False,,,,,0,,,,,,,,2026-09-20T15:36:11Z,35520068364,a71609590d6f2247c2cc08210b077c34ab339d30,43,UNDER,00-0038994,RESOLVED_GSIS,True,0.0,stats_table,41.53216419464107,43.5,true,UNDER,WIN,0.8849557522123894,WR
cb77efed7e711d25a72c1a2a0a1af119,Justin Jefferson,justinjefferson,MIN,GB,rec_yards,player_reception_yds,74.5,46.53198292852608,46.53198292852608,21.945047398070905,25000,46.53198292852608,uncalibrated_mc_only,mc_fallback_no_oos_weights,1.0,0.0,0.0,0,71.53967797274326,1,hist_gradient_boosting_lagged_player_history_v2,2026-W01 pregame,47.70919305281242,1,first_order_markov_outcome_regime_v2,2026-W01 pregame,1,prior_only,1,WR1,0,,,,,,,,0,,,,,0,2026,1,draftkings,DraftKings,-110.0,-114.0,UNDER,0.89212,0.504212299915754,-114.0,-826.9558769002598,0.387907700084246,0.387907700084246,justinjefferson,False,,,False,justinjefferson,False,,,,,0,,,,,,,,2026-09-20T15:36:11Z,35520068364,a71609590d6f2247c2cc08210b077c34ab339d30,74,UNDER,00-0036322,RESOLVED_GSIS,True,92.0,stats_table,-45.46801707147392,-17.5,false,OVER,LOSS,-1.0,WR
cb77efed7e711d25a72c1a2a0a1af119,MarShawn Lloyd,marshawnlloyd,GB,MIN,rec_yards,player_reception_yds,10.5,11.455749609108569,11.455749609108569,11.993713933991833,25000,11.455749609108569,uncalibrated_mc_only,mc_fallback_no_oos_weights,1.0,0.0,0.0,0,13.859127181051209,1,hist_gradient_boosting_lagged_player_history_v2,2026-W01 pregame,,0,first_order_markov_outcome_regime_v2,2026-W01 pregame,1,position_prior_only,1,,0,,,,,,,,0,,,,,0,2026,1,draftkings,DraftKings,-118.0,-107.0,OVER,0.37316,0.5115178421846206,-118.0,167.98156286847467,-0.1383578421846206,0.1383578421846206,marshawnlloyd,True,RB_R22_WEEK1_RECEIVING_TAIL_PRODUCTION_V1,34288244770.0,True,marshawnlloyd,False,,,,,0,,,,,,,,2026-09-20T15:36:11Z,35520068364,a71609590d6f2247c2cc08210b077c34ab339d30,10.5,OVER,00-0039811,RESOLVED_GSIS,True,0.0,stats_table,11.455749609108569,10.5,false,UNDER,LOSS,-1.0,RB
cb77efed7e711d25a72c1a2a0a1af119,Matthew Golden,matthewgolden,GB,MIN,rec_yards,player_reception_yds,39.5,40.23851758184593,40.23851758184593,20.817909013663925,25000,40.23851758184593,uncalibrated_mc_only,mc_fallback_no_oos_weights,1.0,0.0,0.0,0,27.020407692410043,1,hist_gradient_boosting_lagged_player_history_v2,2026-W01 pregame,25.94144256040772,1,first_order_markov_outcome_regime_v2,2026-W01 pregame,1,prior_only,1,,0,,,,,,,,0,,,,,0,2026,1,draftkings,DraftKings,-113.0,-111.0,OVER,0.47076,0.5021058838394474,-113.0,112.422465799983,-0.0313458838394474,0.0313458838394474,matthewgolden,False,,,False,matthewgolden,False,,,,,0,,,,,,,,2026-09-20T15:36:11Z,35520068364,a71609590d6f2247c2cc08210b077c34ab339d30,39.5,OVER,00-0040667,RESOLVED_GSIS,True,95.0,stats_table,-54.76148241815407,-55.5,true,OVER,WIN,0.8849557522123894,WR
cb77efed7e711d25a72c1a2a0a1af119,T.J. Hockenson,tjhockenson,MIN,GB,rec_yards,player_reception_yds,26.5,23.05838129167406,23.05838129167406,14.247113324310565,25000,23.05838129167406,uncalibrated_mc_only,mc_fallback_no_oos_weights,1.0,0.0,0.0,0,27.8586160726494,1,hist_gradient_boosting_lagged_player_history_v2,2026-W01 pregame,20.221702662301915,1,first_order_markov_outcome_regime_v2,2026-W01 pregame,1,prior_only,1,,0,,,,,,,,0,,,,,0,2026,1,draftkings,DraftKings,-111.0,-113.0,UNDER,0.63752,0.5021058838394474,-113.0,-175.87728978150517,0.1354141161605525,0.1354141161605525,tjhockenson,False,,,False,tjhockenson,False,,,,,0,,,,,,,,2026-09-20T15:36:11Z,35520068364,a71609590d6f2247c2cc08210b077c34ab339d30,27,UNDER,00-0035229,RESOLVED_GSIS,True,36.0,stats_table,-12.94161870832594,-9.5,false,OVER,LOSS,-1.0,TE
cb77efed7e711d25a72c1a2a0a1af119,Tucker Kraft,tuckerkraft,GB,MIN,rec_yards,player_reception_yds,45.5,43.43525356804945,43.43525356804945,23.32923664764661,25000,43.43525356804945,uncalibrated_mc_only,mc_fallback_no_oos_weights,1.0,0.0,0.0,0,64.14535000620319,1,hist_gradient_boosting_lagged_player_history_v2,2026-W01 pregame,25.04331541707786,1,first_order_markov_outcome_regime_v2,2026-W01 pregame,1,prior_only,1,,0,,,,,,,,0,,,,,0,2026,1,draftkings,DraftKings,-112.0,-112.0,UNDER,0.5708,0.5,-112.0,-132.9916123019571,0.0707999999999999,0.0707999999999999,tuckerkraft,False,,,False,tuckerkraft,False,,,,,0,,,,,,,,2026-09-20T15:36:11Z,35520068364,a71609590d6f2247c2cc08210b077c34ab339d30,45.5,UNDER,00-0038996,RESOLVED_GSIS,True,65.0,stats_table,-21.564746431950553,-19.5,false,OVER,LOSS,-1.0,TE
e55c6fe19fce094ce214c8b0e5b504e9,Bhayshul Tuten,bhayshultuten,JAX,CLE,rec_yards,player_reception_yds,11.5,6.169626542386014,6.169626542386014,9.16456902651779,25000,6.169626542386014,uncalibrated_mc_only,mc_fallback_no_oos_weights,1.0,0.0,0.0,0,9.65060121577192,1,hist_gradient_boosting_lagged_player_history_v2,2026-W01 pregame,16.744262287367604,1,first_order_markov_outcome_regime_v2,2026-W01 pregame,1,prior_only,1,,0,,,,,,,,0,,,,,0,2026,1,draftkings,DraftKings,-111.0,-113.0,UNDER,0.79672,0.5021058838394474,-113.0,-391.93231011412826,0.2946141161605525,0.2946141161605525,bhayshultuten,True,RB_R22_WEEK1_RECEIVING_TAIL_PRODUCTION_V1,34288244770.0,True,bhayshultuten,False,,,,,0,,,,,,,,2026-09-20T15:36:11Z,35520068364,a71609590d6f2247c2cc08210b077c34ab339d30,11.5,UNDER,00-0040719,RESOLVED_GSIS,True,22.0,stats_table,-15.830373457613986,-10.5,false,OVER,LOSS,-1.0,RB
e55c6fe19fce094ce214c8b0e5b504e9,Brenton Strange,brentonstrange,JAX,CLE,rec_yards,player_reception_yds,34.5,29.49212956430722,29.49212956430722,17.786257742123002,25000,29.49212956430722,uncalibrated_mc_only,mc_fallback_no_oos_weights,1.0,0.0,0.0,0,39.871637359388,1,hist_gradient_boosting_lagged_player_history_v2,2026-W01 pregame,35.53269378502074,1,first_order_markov_outcome_regime_v2,2026-W01 pregame,1,prior_only,1,,0,,,,,,,,0,,,,,0,2026,1,draftkings,DraftKings,-110.0,-114.0,UNDER,0.65132,0.504212299915754,-114.0,-186.7959160261558,0.147107700084246,0.147107700084246,brentonstrange,False,,,False,brentonstrange,False,,,,,0,,,,,,,,2026-09-20T15:36:11Z,35520068364,a71609590d6f2247c2cc08210b077c34ab339d30,35.5,UNDER,00-0038935,RESOLVED_GSIS,True,23.0,stats_table,6.49212956430722,11.5,true,UNDER,WIN,0.8771929824561403,TE
e55c6fe19fce094ce214c8b0e5b504e9,Brian Thomas Jr,brianthomasjr,JAX,CLE,rec_yards,player_reception_yds,38.5,25.61231582396167,25.61231582396167,16.048477045679444,25000,25.61231582396167,uncalibrated_mc_only,mc_fallback_no_oos_weights,1.0,0.0,0.0,0,,0,,,,0,,,0,,0,,0,,,,,,,,0,,,,,0,2026,1,draftkings,DraftKings,-112.0,-112.0,UNDER,0.80164,0.5,-112.0,-404.1338979632991,0.30164,0.30164,brianthomas,False,,,False,brianthomas,False,,,,,0,,,,,,,,2026-09-20T15:36:11Z,35520068364,a71609590d6f2247c2cc08210b077c34ab339d30,38.5,UNDER,00-0039893,RESOLVED_GSIS,True,40.0,stats_table,-14.38768417603833,-1.5,false,OVER,LOSS,-1.0,WR
e55c6fe19fce094ce214c8b0e5b504e9,Denzel Boston,denzelboston,CLE,JAX,rec_yards,player_reception_yds,24.5,18.83371355048672,18.83371355048672,14.114054188580482,25000,18.83371355048672,uncalibrated_mc_only,mc_fallback_no_oos_weights,1.0,0.0,0.0,0,17.2617709307919,1,hist_gradient_boosting_lagged_player_history_v2,2026-W01 pregame,,0,first_order_markov_outcome_regime_v2,2026-W01 pregame,1,position_prior_only,1,,0,,,,,,,,0,,,,,0,2026,1,draftkings,DraftKings,-108.0,-116.0,UNDER,0.70232,0.5084288604180716,-116.0,-235.93120128997583,0.1938911395819285,0.1938911395819285,denzelboston,False,,,False,denzelboston,False,,,,,0,,,,,,,,2026-09-20T15:36:11Z,35520068364,a71609590d6f2247c2cc08210b077c34ab339d30,25,UNDER,00-0041037,RESOLVED_GSIS,True,59.0,stats_table,-40.16628644951328,-34.5,false,OVER,LOSS,-1.0,WR
e55c6fe19fce094ce214c8b0e5b504e9,Harold Fannin Jr.,haroldfanninjr,CLE,JAX,rec_yards,player_reception_yds,34.5,27.38654506899016,27.38654506899016,15.885043880423362,25000,27.38654506899016,uncalibrated_mc_only,mc_fallback_no_oos_weights,1.0,0.0,0.0,0,,0,,,,0,,,0,,0,,0,,,,,,,,0,,,,,0,2026,1,draftkings,DraftKings,-114.0,-110.0,UNDER,0.7012,0.4957877000842461,-110.0,-234.6720214190094,0.2054122999157539,0.2054122999157539,haroldfannin,False,,,False,haroldfannin,False,,,,,0,,,,,,,,2026-09-20T15:36:11Z,35520068364,a71609590d6f2247c2cc08210b077c34ab339d30,35.5,UNDER,00-0040663,RESOLVED_GSIS,True,21.0,stats_table,6.386545068990159,13.5,true,UNDER,WIN,0.9090909090909091,TE
e55c6fe19fce094ce214c8b0e5b504e9,Jakobi Meyers,jakobimeyers,JAX,CLE,rec_yards,player_reception_yds,35.5,44.64614817442123,44.64614817442123,21.177578203988546,25000,44.64614817442123,uncalibrated_mc_only,mc_fallback_no_oos_weights,1.0,0.0,0.0,0,46.7726399678699,1,hist_gradient_boosting_lagged_player_history_v2,2026-W01 pregame,47.70919305281242,1,first_order_markov_outcome_regime_v2,2026-W01 pregame,1,prior_only,1,WR1,0,,,,,,,,0,,,,,0,2026,1,draftkings,DraftKings,-113.0,-111.0,OVER,0.63736,0.5021058838394474,-113.0,-175.75557026251934,0.1352541161605526,0.1352541161605526,jakobimeyers,False,,,False,jakobimeyers,False,,,,,0,,,,,,,,2026-09-20T15:36:11Z,35520068364,a71609590d6f2247c2cc08210b077c34ab339d30,36.5,OVER,00-0034960,RESOLVED_GSIS,True,40.0,stats_table,4.646148174421228,-4.5,false,OVER,WIN,0.8849557522123894,WR
e55c6fe19fce094ce214c8b0e5b504e9,Jerry Jeudy,jerryjeudy,CLE,JAX,rec_yards,player_reception_yds,32.5,32.89222582328082,32.89222582328082,17.08341930789303,25000,32.89222582328082,uncalibrated_mc_only,mc_fallback_no_oos_weights,1.0,0.0,0.0,0,39.069836557576494,1,hist_gradient_boosting_lagged_player_history_v2,2026-W01 pregame,35.93002065459977,1,first_order_markov_outcome_regime_v2,2026-W01 pregame,1,prior_only,1,WR1,0,,,,,,,,0,,,,,0,2026,1,draftkings,DraftKings,-109.0,-115.0,OVER,0.46524,0.4936802190857384,-109.0,114.94282520849454,-0.0284402190857384,0.0284402190857384,jerryjeudy,False,,,False,jerryjeudy,False,,,,,0,,,,,,,,2026-09-20T15:36:11Z,35520068364,a71609590d6f2247c2cc08210b077c34ab339d30,32,OVER,00-0036407,RESOLVED_GSIS,True,26.0,stats_table,6.892225823280818,6.5,false,UNDER,LOSS,-1.0,WR
e55c6fe19fce094ce214c8b0e5b504e9,KC Concepcion,kcconcepcion,CLE,JAX,rec_yards,player_reception_yds,33.5,17.333425426304974,17.333425426304974,13.400661283741664,25000,17.333425426304974,uncalibrated_mc_only,mc_fallback_no_oos_weights,1.0,0.0,0.0,0,17.2617709307919,1,hist_gradient_boosting_lagged_player_history_v2,2026-W01 pregame,,0,first_order_markov_outcome_regime_v2,2026-W01 pregame,1,position_prior_only,1,,0,,,,,,,,0,,,,,0,2026,1,draftkings,DraftKings,-110.0,-114.0,UNDER,0.87884,0.504212299915754,-114.0,-725.3549026081213,0.3746277000842459,0.3746277000842459,kcconcepcion,False,,,False,kcconcepcion,False,,,,,0,,,,,,,,2026-09-20T15:36:11Z,35520068364,a71609590d6f2247c2cc08210b077c34ab339d30,33.5,UNDER,00-0041547,RESOLVED_GSIS,True,43.0,stats_table,-25.666574573695026,-9.5,false,OVER,LOSS,-1.0,WR
e55c6fe19fce094ce214c8b0e5b504e9,Parker Washington,parkerwashington,JAX,CLE,rec_yards,player_reception_yds,53.5,35.4460050498529,35.4460050498529,19.80080778680336,25000,35.4460050498529,uncalibrated_mc_only,mc_fallback_no_oos_weights,1.0,0.0,0.0,0,59.53996781161044,1,hist_gradient_boosting_lagged_player_history_v2,2026-W01 pregame,47.70919305281242,1,first_order_markov_outcome_regime_v2,2026-W01 pregame,1,prior_only,1,WR1_5,0,,,,,,,,0,,,,,0,2026,1,draftkings,DraftKings,-113.0,-111.0,UNDER,0.82552,0.4978941161605525,-111.0,-473.1315910132968,0.3276258838394474,0.3276258838394474,parkerwashington,False,,,False,parkerwashington,False,,,,,0,,,,,,,,2026-09-20T15:36:11Z,35520068364,a71609590d6f2247c2cc08210b077c34ab339d30,53,UNDER,00-0038606,RESOLVED_GSIS,True,83.0,stats_table,-47.5539949501471,-29.5,false,OVER,LOSS,-1.0,WR
e55c6fe19fce094ce214c8b0e5b504e9,Quinshon Judkins,quinshonjudkins,CLE,JAX,rec_yards,player_reception_yds,9.5,9.208706377350554,9.208706377350554,11.734014873747816,25000,9.208706377350554,uncalibrated_mc_only,mc_fallback_no_oos_weights,1.0,0.0,0.0,0,22.65414293683189,1,hist_gradient_boosting_lagged_player_history_v2,2026-W01 pregame,19.618365840897663,1,first_order_markov_outcome_regime_v2,2026-W01 pregame,1,prior_only,1,,0,,,,,,,,0,,,,,0,2026,1,draftkings,DraftKings,-114.0,-110.0,UNDER,0.6659200000000001,0.4957877000842461,-110.0,-199.3295019157089,0.1701322999157539,0.1701322999157539,quinshonjudkins,True,RB_R22_WEEK1_RECEIVING_TAIL_PRODUCTION_V1,34288244770.0,True,quinshonjudkins,False,,,,,0,,,,,,,,2026-09-20T15:36:11Z,35520068364,a71609590d6f2247c2cc08210b077c34ab339d30,9.5,UNDER,00-0040784,RESOLVED_GSIS,True,17.0,stats_table,-7.791293622649446,-7.5,false,OVER,LOSS,-1.0,RB
ed6d24ff979f9c71979fead577b0b3f7,Andrei Iosivas,andreiiosivas,CIN,TB,rec_yards,player_reception_yds,14.5,19.57979900201304,19.57979900201304,14.045972134357228,25000,19.57979900201304,uncalibrated_mc_only,mc_fallback_no_oos_weights,1.0,0.0,0.0,0,19.51624940913011,1,hist_gradient_boosting_lagged_player_history_v2,2026-W01 pregame,25.94144256040772,1,first_order_markov_outcome_regime_v2,2026-W01 pregame,1,prior_only,1,,0,,,,,,,,0,,,,,0,2026,1,draftkings,DraftKings,-113.0,-111.0,OVER,0.59316,0.5021058838394474,-113.0,-145.79687346376954,0.0910541161605525,0.0910541161605525,andreiiosivas,False,,,False,andreiiosivas,False,,,,,0,,,,,,,,2026-09-20T15:36:11Z,35520068364,a71609590d6f2247c2cc08210b077c34ab339d30,15,OVER,00-0038619,RESOLVED_GSIS,True,12.0,stats_table,7.57979900201304,2.5,false,UNDER,LOSS,-1.0,WR
ed6d24ff979f9c71979fead577b0b3f7,Bucky Irving,buckyirving,TB,CIN,rec_yards,player_reception_yds,13.5,16.65553009395412,16.65553009395412,15.361551017807754,25000,16.65553009395412,uncalibrated_mc_only,mc_fallback_no_oos_weights,1.0,0.0,0.0,0,17.641441944218833,1,hist_gradient_boosting_lagged_player_history_v2,2026-W01 pregame,16.744262287367604,1,first_order_markov_outcome_regime_v2,2026-W01 pregame,1,prior_only,1,,0,,,,,,,,0,,,,,0,2026,1,draftkings,DraftKings,-115.0,-109.0,OVER,0.41516,0.5063197809142617,-115.0,140.87098949802487,-0.0911597809142616,0.0911597809142616,buckyirving,True,RB_R22_WEEK1_RECEIVING_TAIL_PRODUCTION_V1,34288244770.0,True,buckyirving,False,,,,,0,,,,,,,,2026-09-20T15:36:11Z,35520068364,a71609590d6f2247c2cc08210b077c34ab339d30,13.5,OVER,00-0039361,RESOLVED_GSIS,True,48.0,stats_table,-31.34446990604588,-34.5,true,OVER,WIN,0.8695652173913043,RB
ed6d24ff979f9c71979fead577b0b3f7,Cade Otton,cadeotton,TB,CIN,rec_yards,player_reception_yds,31.5,31.21383681280449,31.21383681280449,17.055162868791214,25000,31.21383681280449,uncalibrated_mc_only,mc_fallback_no_oos_weights,1.0,0.0,0.0,0,39.30658870690437,1,hist_gradient_boosting_lagged_player_history_v2,2026-W01 pregame,35.53269378502074,1,first_order_markov_outcome_regime_v2,2026-W01 pregame,1,prior_only,1,,0,,,,,,,,0,,,,,0,2026,1,draftkings,DraftKings,-110.0,-114.0,UNDER,0.54984,0.504212299915754,-114.0,-122.14323795983653,0.0456277000842459,0.0456277000842459,cadeotton,False,,,False,cadeotton,False,,,,,0,,,,,,,,2026-09-20T15:36:11Z,35520068364,a71609590d6f2247c2cc08210b077c34ab339d30,31.5,UNDER,00-0038129,RESOLVED_GSIS,True,26.0,stats_table,5.213836812804491,5.5,true,UNDER,WIN,0.8771929824561403,TE
ed6d24ff979f9c71979fead577b0b3f7,Chase Brown,chasebrown,CIN,TB,rec_yards,player_reception_yds,23.5,15.124924928509852,15.124924928509852,14.228477324014891,25000,15.124924928509852,uncalibrated_mc_only,mc_fallback_no_oos_weights,1.0,0.0,0.0,0,25.135732828483743,1,hist_gradient_boosting_lagged_player_history_v2,2026-W01 pregame,19.618365840897663,1,first_order_markov_outcome_regime_v2,2026-W01 pregame,1,prior_only,1,,0,,,,,,,,0,,,,,0,2026,1,draftkings,DraftKings,-111.0,-113.0,UNDER,0.79432,0.5021058838394474,-113.0,-386.192143134967,0.2922141161605526,0.2922141161605526,chasebrown,True,RB_R22_WEEK1_RECEIVING_TAIL_PRODUCTION_V1,34288244770.0,True,chasebrown,False,,,,,0,,,,,,,,2026-09-20T15:36:11Z,35520068364,a71609590d6f2247c2cc08210b077c34ab339d30,23.5,UNDER,00-0038597,RESOLVED_GSIS,True,22.0,stats_table,-6.875075071490148,1.5,false,UNDER,WIN,0.8849557522123894,RB
ed6d24ff979f9c71979fead577b0b3f7,Chris Godwin,chrisgodwin,TB,CIN,rec_yards,player_reception_yds,47.5,32.75142243051577,32.75142243051577,18.03708229245983,25000,32.75142243051577,uncalibrated_mc_only,mc_fallback_no_oos_weights,1.0,0.0,0.0,0,17.2617709307919,1,hist_gradient_boosting_lagged_player_history_v2,2026-W01 pregame,,0,first_order_markov_outcome_regime_v2,2026-W01 pregame,1,prior_only,1,WR1_5,0,,,,,,,,0,,,,,0,2026,1,draftkings,DraftKings,-114.0,-110.0,UNDER,0.80528,0.4957877000842461,-110.0,-413.5579293344289,0.3094922999157539,0.3094922999157539,chrisgodwin,False,,,False,chrisgodwin,False,,,,,0,,,,,,,,2026-09-20T15:36:11Z,35520068364,a71609590d6f2247c2cc08210b077c34ab339d30,47,UNDER,00-0033921,RESOLVED_GSIS,True,40.0,stats_table,-7.248577569484233,7.5,true,UNDER,WIN,0.9090909090909091,WR
ed6d24ff979f9c71979fead577b0b3f7,Emeka Egbuka,emekaegbuka,TB,CIN,rec_yards,player_reception_yds,57.5,42.11363787574272,42.11363787574272,20.7271847404114,25000,42.11363787574272,uncalibrated_mc_only,mc_fallback_no_oos_weights,1.0,0.0,0.0,0,32.34845401296445,1,hist_gradient_boosting_lagged_player_history_v2,2026-W01 pregame,25.94144256040772,1,first_order_markov_outcome_regime_v2,2026-W01 pregame,1,prior_only,1,WR1,0,,,,,,,,0,,,,,0,2026,1,draftkings,DraftKings,-111.0,-113.0,UNDER,0.78364,0.5021058838394474,-113.0,-362.1926418931411,0.2815341161605525,0.2815341161605525,emekaegbuka,False,,,False,emekaegbuka,False,,,,,0,,,,,,,,2026-09-20T15:36:11Z,35520068364,a71609590d6f2247c2cc08210b077c34ab339d30,57,UNDER,00-0040129,RESOLVED_GSIS,True,63.0,stats_table,-20.886362124257282,-5.5,false,OVER,LOSS,-1.0,WR
ed6d24ff979f9c71979fead577b0b3f7,Ja'Marr Chase,jamarrchase,CIN,TB,rec_yards,player_reception_yds,85.5,59.98232841625649,59.98232841625649,24.972567072155147,25000,59.98232841625649,uncalibrated_mc_only,mc_fallback_no_oos_weights,1.0,0.0,0.0,0,88.37436400252379,1,hist_gradient_boosting_lagged_player_history_v2,2026-W01 pregame,47.70919305281242,1,first_order_markov_outcome_regime_v2,2026-W01 pregame,1,prior_only,1,WR1,0,,,,,,,,0,,,,,0,2026,1,draftkings,DraftKings,-112.0,-112.0,UNDER,0.84812,0.5,-112.0,-558.4145377929945,0.34812,0.34812,jamarrchase,False,,,False,jamarrchase,False,,,,,0,,,,,,,,2026-09-20T15:36:11Z,35520068364,a71609590d6f2247c2cc08210b077c34ab339d30,85.5,UNDER,00-0036900,RESOLVED_GSIS,True,12.0,stats_table,47.98232841625649,73.5,true,UNDER,WIN,0.8928571428571429,WR
ed6d24ff979f9c71979fead577b0b3f7,Kenny Gainwell,kennygainwell,TB,CIN,rec_yards,player_reception_yds,23.5,17.816099576646423,17.816099576646423,13.982646847646391,25000,17.816099576646423,uncalibrated_mc_only,mc_fallback_no_oos_weights,1.0,0.0,0.0,0,35.82447206262363,1,hist_gradient_boosting_lagged_player_history_v2,2026-W01 pregame,19.618365840897663,1,first_order_markov_outcome_regime_v2,2026-W01 pregame,1,prior_only,1,,0,,,,,,,,0,,,,,0,2026,1,draftkings,DraftKings,-115.0,-109.0,UNDER,0.76416,0.4936802190857383,-109.0,-324.0162822252374,0.2704797809142616,0.2704797809142616,kennygainwell,True,RB_R22_WEEK1_RECEIVING_TAIL_PRODUCTION_V1,34288244770.0,True,kennygainwell,False,,,,,0,,,,,,,,2026-09-20T15:36:11Z,35520068364,a71609590d6f2247c2cc08210b077c34ab339d30,23.5,UNDER,00-0036919,RESOLVED_GSIS,True,3.0,stats_table,14.816099576646423,20.5,true,UNDER,WIN,0.9174311926605505,RB
ed6d24ff979f9c71979fead577b0b3f7,Mike Gesicki,mikegesicki,CIN,TB,rec_yards,player_reception_yds,20.5,19.37137489334785,19.37137489334785,13.337709969820322,25000,19.37137489334785,uncalibrated_mc_only,mc_fallback_no_oos_weights,1.0,0.0,0.0,0,25.30245997636017,1,hist_gradient_boosting_lagged_player_history_v2,2026-W01 pregame,25.04331541707786,1,first_order_markov_outcome_regime_v2,2026-W01 pregame,1,prior_only,1,,0,,,,,,,,0,,,,,0,2026,1,draftkings,DraftKings,-113.0,-111.0,UNDER,0.58612,0.4978941161605525,-111.0,-141.61592732192904,0.0882258838394474,0.0882258838394474,mikegesicki,False,,,False,mikegesicki,False,,,,,0,,,,,,,,2026-09-20T15:36:11Z,35520068364,a71609590d6f2247c2cc08210b077c34ab339d30,21,UNDER,00-0034829,RESOLVED_GSIS,True,78.0,stats_table,-58.62862510665215,-57.5,false,OVER,LOSS,-1.0,TE
ed6d24ff979f9c71979fead577b0b3f7,Samaje Perine,samajeperine,CIN,TB,rec_yards,player_reception_yds,6.5,6.927561432967288,6.927561432967288,10.066842888481233,25000,6.927561432967288,uncalibrated_mc_only,mc_fallback_no_oos_weights,1.0,0.0,0.0,0,15.667836089202114,1,hist_gradient_boosting_lagged_player_history_v2,2026-W01 pregame,16.744262287367604,1,first_order_markov_outcome_regime_v2,2026-W01 pregame,1,prior_only,1,,0,,,,,,,,0,,,,,0,2026,1,draftkings,DraftKings,-120.0,-104.0,OVER,0.3486,0.5168918918918919,-120.0,186.8617326448652,-0.1682918918918918,0.1682918918918918,samajeperine,True,RB_R22_WEEK1_RECEIVING_TAIL_PRODUCTION_V1,34288244770.0,True,samajeperine,False,,,,,0,,,,,,,,2026-09-20T15:36:11Z,35520068364,a71609590d6f2247c2cc08210b077c34ab339d30,6.5,OVER,00-0033526,RESOLVED_GSIS,True,30.0,stats_table,-23.072438567032712,-23.5,true,OVER,WIN,0.8333333333333334,RB
ed6d24ff979f9c71979fead577b0b3f7,Tee Higgins,teehiggins,CIN,TB,rec_yards,player_reception_yds,63.5,44.665380745657,44.665380745657,22.697784836364875,25000,44.665380745657,uncalibrated_mc_only,mc_fallback_no_oos_weights,1.0,0.0,0.0,0,46.27336187352907,1,hist_gradient_boosting_lagged_player_history_v2,2026-W01 pregame,47.70919305281242,1,first_order_markov_outcome_regime_v2,2026-W01 pregame,1,prior_only,1,WR1_5,0,,,,,,,,0,,,,,0,2026,1,draftkings,DraftKings,-114.0,-110.0,UNDER,0.80552,0.4957877000842461,-110.0,-414.191690662279,0.3097322999157539,0.3097322999157539,teehiggins,False,,,False,teehiggins,False,,,,,0,,,,,,,,2026-09-20T15:36:11Z,35520068364,a71609590d6f2247c2cc08210b077c34ab339d30,63,UNDER,00-0036410,RESOLVED_GSIS,True,59.0,stats_table,-14.334619254343004,4.5,false,UNDER,WIN,0.9090909090909091,WR
fc362aff0d889ec52d358307a70c32ed,Chuba Hubbard,chubahubbard,CAR,CHI,rec_yards,player_reception_yds,10.5,11.132798066338838,11.132798066338838,13.015105255282736,25000,11.132798066338838,uncalibrated_mc_only,mc_fallback_no_oos_weights,1.0,0.0,0.0,0,16.334530091900675,1,hist_gradient_boosting_lagged_player_history_v2,2026-W01 pregame,16.744262287367604,1,first_order_markov_outcome_regime_v2,2026-W01 pregame,1,prior_only,1,,0,,,,,,,,0,,,,,0,2026,1,draftkings,DraftKings,-108.0,-116.0,OVER,0.35696,0.4915711395819285,-108.0,180.1434334379202,-0.1346111395819285,0.1346111395819285,chubahubbard,True,RB_R22_WEEK1_RECEIVING_TAIL_PRODUCTION_V1,34288244770.0,True,chubahubbard,False,,,,,0,,,,,,,,2026-09-20T15:36:11Z,35520068364,a71609590d6f2247c2cc08210b077c34ab339d30,10.5,OVER,00-0036555,RESOLVED_GSIS,True,38.0,stats_table,-26.867201933661164,-27.5,true,OVER,WIN,0.9259259259259259,RB
fc362aff0d889ec52d358307a70c32ed,Cole Kmet,colekmet,CHI,CAR,rec_yards,player_reception_yds,14.5,22.42561723797967,22.42561723797967,14.523521556466765,25000,22.42561723797967,uncalibrated_mc_only,mc_fallback_no_oos_weights,1.0,0.0,0.0,0,25.672512832234908,1,hist_gradient_boosting_lagged_player_history_v2,2026-W01 pregame,25.04331541707786,1,first_order_markov_outcome_regime_v2,2026-W01 pregame,1,prior_only,1,,0,,,,,,,,0,,,,,0,2026,1,draftkings,DraftKings,-115.0,-109.0,OVER,0.676,0.5063197809142617,-115.0,-208.64197530864203,0.1696802190857383,0.1696802190857383,colekmet,False,,,False,colekmet,False,,,,,0,,,,,,,,2026-09-20T15:36:11Z,35520068364,a71609590d6f2247c2cc08210b077c34ab339d30,14,OVER,00-0036290,RESOLVED_GSIS,True,35.0,stats_table,-12.574382762020331,-20.5,true,OVER,WIN,0.8695652173913043,TE
fc362aff0d889ec52d358307a70c32ed,Colston Loveland,colstonloveland,CHI,CAR,rec_yards,player_reception_yds,55.5,36.333018136662446,36.333018136662446,19.701589034773875,25000,36.333018136662446,uncalibrated_mc_only,mc_fallback_no_oos_weights,1.0,0.0,0.0,0,49.0264133532038,1,hist_gradient_boosting_lagged_player_history_v2,2026-W01 pregame,35.53269378502074,1,first_order_markov_outcome_regime_v2,2026-W01 pregame,1,prior_only,1,,0,,,,,,,,0,,,,,0,2026,1,draftkings,DraftKings,-113.0,-111.0,UNDER,0.83812,0.4978941161605525,-111.0,-517.7415369409438,0.3402258838394474,0.3402258838394474,colstonloveland,False,,,False,colstonloveland,False,,,,,0,,,,,,,,2026-09-20T15:36:11Z,35520068364,a71609590d6f2247c2cc08210b077c34ab339d30,54,UNDER,00-0040126,RESOLVED_GSIS,True,0.0,stats_table,36.333018136662446,55.5,true,UNDER,WIN,0.9009009009009009,TE
fc362aff0d889ec52d358307a70c32ed,D'Andre Swift,dandreswift,CHI,CAR,rec_yards,player_reception_yds,13.5,14.31245292988304,14.31245292988304,14.267525971482405,25000,14.31245292988304,uncalibrated_mc_only,mc_fallback_no_oos_weights,1.0,0.0,0.0,0,14.285828412978164,1,hist_gradient_boosting_lagged_player_history_v2,2026-W01 pregame,16.744262287367604,1,first_order_markov_outcome_regime_v2,2026-W01 pregame,1,prior_only,1,,0,,,,,,,,0,,,,,0,2026,1,fanduel,FanDuel,-114.0,-114.0,OVER,0.35836,0.5,-114.0,179.0490010045764,-0.14164,0.14164,dandreswift,True,RB_R22_WEEK1_RECEIVING_TAIL_PRODUCTION_V1,34288244770.0,True,dandreswift,False,,,,,0,,,,,,,,2026-09-20T15:36:11Z,35520068364,a71609590d6f2247c2cc08210b077c34ab339d30,14,OVER,00-0036275,RESOLVED_GSIS,True,10.0,stats_table,4.31245292988304,3.5,false,UNDER,LOSS,-1.0,RB
fc362aff0d889ec52d358307a70c32ed,Darren Waller,darrenwaller,CAR,CHI,rec_yards,player_reception_yds,16.5,27.73611433164892,27.73611433164892,16.840987041654607,25000,27.73611433164892,uncalibrated_mc_only,mc_fallback_no_oos_weights,1.0,0.0,0.0,0,32.39458877000438,1,hist_gradient_boosting_lagged_player_history_v2,2026-W01 pregame,20.221702662301915,1,first_order_markov_outcome_regime_v2,2026-W01 pregame,1,prior_only,1,,0,,,,,,,,0,,,,,0,2026,1,draftkings,DraftKings,-108.0,-116.0,OVER,0.72372,0.4915711395819285,-108.0,-261.95164326046046,0.2321488604180715,0.2321488604180715,darrenwaller,False,,,False,darrenwaller,False,,,,,0,,,,,,,,2026-09-20T15:36:11Z,35520068364,a71609590d6f2247c2cc08210b077c34ab339d30,16.5,OVER,00-0031610,RESOLVED_GSIS,True,28.0,stats_table,-0.2638856683510795,-11.5,true,OVER,WIN,0.9259259259259259,TE
fc362aff0d889ec52d358307a70c32ed,Jalen Coker,jalencoker,CAR,CHI,rec_yards,player_reception_yds,41.5,32.40754226440818,32.40754226440818,19.476628648972422,25000,32.40754226440818,uncalibrated_mc_only,mc_fallback_no_oos_weights,1.0,0.0,0.0,0,43.72593837011622,1,hist_gradient_boosting_lagged_player_history_v2,2026-W01 pregame,47.70919305281242,1,first_order_markov_outcome_regime_v2,2026-W01 pregame,1,prior_only,1,,0,,,,,,,,0,,,,,0,2026,1,draftkings,DraftKings,-113.0,-111.0,UNDER,0.71004,0.4978941161605525,-111.0,-244.87515519381984,0.2121458838394474,0.2121458838394474,jalencoker,False,,,False,jalencoker,False,,,,,0,,,,,,,,2026-09-20T15:36:11Z,35520068364,a71609590d6f2247c2cc08210b077c34ab339d30,40.5,UNDER,00-0039491,RESOLVED_GSIS,True,138.0,stats_table,-105.59245773559182,-96.5,false,OVER,LOSS,-1.0,WR
fc362aff0d889ec52d358307a70c32ed,Kalif Raymond,kalifraymond,CHI,CAR,rec_yards,player_reception_yds,15.5,16.21147451735151,16.21147451735151,13.492224586520315,25000,16.21147451735151,uncalibrated_mc_only,mc_fallback_no_oos_weights,1.0,0.0,0.0,0,22.709176995401776,1,hist_gradient_boosting_lagged_player_history_v2,2026-W01 pregame,47.70919305281242,1,first_order_markov_outcome_regime_v2,2026-W01 pregame,1,prior_only,1,,0,,,,,,,,0,,,,,0,2026,1,draftkings,DraftKings,-113.0,-111.0,OVER,0.45184,0.5021058838394474,-113.0,121.31728045325778,-0.0502658838394474,0.0502658838394474,kalifraymond,False,,,False,kalifraymond,False,,,,,0,,,,,,,,2026-09-20T15:36:11Z,35520068364,a71609590d6f2247c2cc08210b077c34ab339d30,15.5,OVER,00-0032464,RESOLVED_GSIS,True,84.0,stats_table,-67.7885254826485,-68.5,true,OVER,WIN,0.8849557522123894,WR
fc362aff0d889ec52d358307a70c32ed,Kyle Monangai,kylemonangai,CHI,CAR,rec_yards,player_reception_yds,6.5,9.606402498346233,9.606402498346233,11.886680627293646,25000,9.606402498346233,uncalibrated_mc_only,mc_fallback_no_oos_weights,1.0,0.0,0.0,0,16.763862035079896,1,hist_gradient_boosting_lagged_player_history_v2,2026-W01 pregame,16.744262287367604,1,first_order_markov_outcome_regime_v2,2026-W01 pregame,1,prior_only,1,,0,,,,,,,,0,,,,,0,2026,1,draftkings,DraftKings,-103.0,-122.0,OVER,0.446,0.4800554249244205,-103.0,124.21524663677133,-0.0340554249244205,0.0340554249244205,kylemonangai,True,RB_R22_WEEK1_RECEIVING_TAIL_PRODUCTION_V1,34288244770.0,True,kylemonangai,False,,,,,0,,,,,,,,2026-09-20T15:36:11Z,35520068364,a71609590d6f2247c2cc08210b077c34ab339d30,6,OVER,00-0040236,RESOLVED_GSIS,True,24.0,stats_table,-14.393597501653767,-17.5,true,OVER,WIN,0.970873786407767,RB
fc362aff0d889ec52d358307a70c32ed,Luther Burden III,lutherburdeniii,CHI,CAR,rec_yards,player_reception_yds,56.5,40.53201140352268,40.53201140352268,23.108383930429056,25000,40.53201140352268,uncalibrated_mc_only,mc_fallback_no_oos_weights,1.0,0.0,0.0,0,,0,,,,0,,,0,,0,,0,,,,,,,,0,,,,,0,2026,1,draftkings,DraftKings,-114.0,-110.0,UNDER,0.76928,0.4957877000842461,-110.0,-333.4257975034673,0.2734922999157538,0.2734922999157538,lutherburden,False,,,False,lutherburden,False,,,,,0,,,,,,,,2026-09-20T15:36:11Z,35520068364,a71609590d6f2247c2cc08210b077c34ab339d30,57,UNDER,00-0040735,RESOLVED_GSIS,True,63.0,stats_table,-22.46798859647732,-6.5,false,OVER,LOSS,-1.0,WR
fc362aff0d889ec52d358307a70c32ed,Rome Odunze,romeodunze,CHI,CAR,rec_yards,player_reception_yds,40.5,50.461423821847184,50.461423821847184,22.75594174345599,25000,50.461423821847184,uncalibrated_mc_only,mc_fallback_no_oos_weights,1.0,0.0,0.0,0,42.03956375367478,1,hist_gradient_boosting_lagged_player_history_v2,2026-W01 pregame,25.94144256040772,1,first_order_markov_outcome_regime_v2,2026-W01 pregame,1,prior_only,1,WR1,0,,,,,,,,0,,,,,0,2026,1,draftkings,DraftKings,-114.0,-110.0,OVER,0.64292,0.5042122999157539,-114.0,-180.0492886748068,0.1387077000842461,0.1387077000842461,romeodunze,False,,,False,romeodunze,False,,,,,0,,,,,,,,2026-09-20T15:36:11Z,35520068364,a71609590d6f2247c2cc08210b077c34ab339d30,40,OVER,00-0039919,RESOLVED_GSIS,True,52.0,stats_table,-1.538576178152816,-11.5,true,OVER,WIN,0.8771929824561403,WR
fc362aff0d889ec52d358307a70c32ed,Tetairoa McMillan,tetairoamcmillan,CAR,CHI,rec_yards,player_reception_yds,60.5,50.48355379236688,50.48355379236688,23.74219828802681,25000,50.48355379236688,uncalibrated_mc_only,mc_fallback_no_oos_weights,1.0,0.0,0.0,0,41.954031162195214,1,hist_gradient_boosting_lagged_player_history_v2,2026-W01 pregame,47.70919305281242,1,first_order_markov_outcome_regime_v2,2026-W01 pregame,1,prior_only,1,WR1,0,,,,,,,,0,,,,,0,2026,1,draftkings,DraftKings,-113.0,-111.0,UNDER,0.69076,0.4978941161605525,-111.0,-223.3734316388566,0.1928658838394474,0.1928658838394474,tetairoamcmillan,False,,,False,tetairoamcmillan,False,,,,,0,,,,,,,,2026-09-20T15:36:11Z,35520068364,a71609590d6f2247c2cc08210b077c34ab339d30,60.5,UNDER,00-0040124,RESOLVED_GSIS,True,75.0,stats_table,-24.516446207633123,-14.5,false,OVER,LOSS,-1.0,WR
fc362aff0d889ec52d358307a70c32ed,Tommy Tremble,tommytremble,CAR,CHI,rec_yards,player_reception_yds,12.5,18.14526674987714,18.14526674987714,12.656887461290774,25000,18.14526674987714,uncalibrated_mc_only,mc_fallback_no_oos_weights,1.0,0.0,0.0,0,22.107348241449024,1,hist_gradient_boosting_lagged_player_history_v2,2026-W01 pregame,35.53269378502074,1,first_order_markov_outcome_regime_v2,2026-W01 pregame,1,prior_only,1,,0,,,,,,,,0,,,,,0,2026,1,draftkings,DraftKings,-109.0,-115.0,OVER,0.63208,0.4936802190857384,-109.0,-171.79821700369644,0.1383997809142615,0.1383997809142615,tommytremble,False,,,False,tommytremble,False,,,,,0,,,,,,,,2026-09-20T15:36:11Z,35520068364,a71609590d6f2247c2cc08210b077c34ab339d30,12.5,OVER,00-0037005,RESOLVED_GSIS,True,25.0,stats_table,-6.854733250122859,-12.5,true,OVER,WIN,0.9174311926605505,TE
fc362aff0d889ec52d358307a70c32ed,Xavier Legette,xavierlegette,CAR,CHI,rec_yards,player_reception_yds,18.5,17.152151489801035,17.152151489801035,12.155100985252911,25000,17.152151489801035,uncalibrated_mc_only,mc_fallback_no_oos_weights,1.0,0.0,0.0,0,23.7977261609369,1,hist_gradient_boosting_lagged_player_history_v2,2026-W01 pregame,35.93002065459977,1,first_order_markov_outcome_regime_v2,2026-W01 pregame,1,prior_only,1,WR1_5,0,,,,,,,,0,,,,,0,2026,1,draftkings,DraftKings,-113.0,-111.0,UNDER,0.5912,0.4978941161605525,-111.0,-144.6183953033268,0.0933058838394473,0.0933058838394473,xavierlegette,False,,,False,xavierlegette,False,,,,,0,,,,,,,,2026-09-20T15:36:11Z,35520068364,a71609590d6f2247c2cc08210b077c34ab339d30,18.5,UNDER,00-0039342,RESOLVED_GSIS,True,0.0,stats_table,17.152151489801035,18.5,true,UNDER,WIN,0.9009009009009009,WR
0283a29e1b38ef78b29b904fd56a16dd,Aaron Jones,aaronjones,MIN,CHI,rec_yards,player_reception_yds,15.5,13.32741798368267,10.186777390600732,10.76754014863954,25000,13.327417983682668,calibrated,nonnegative_oos_linear_blend_v2,0.659889,0.292427,0.0476839999999999,4413,20.328485651605355,1,hist_gradient_boosting_lagged_player_history_v2,2026-W02 pregame,13.85533018485322,1,first_order_markov_outcome_regime_v2,2026-W02 pregame,1,prior+current,1,,0,,,,,,,,0,,,,,0,2026,2,draftkings,DraftKings,-112.0,-112.0,UNDER,0.6166400000000001,0.5,-112.0,-160.8514190317196,0.11664,0.11664,,,,,,,,,,,,0,,,,,,,,2026-09-22T14:30:15Z,35282021679,ca5a001bb817e495ca2d74b1e03ce43886493f43,15,UNDER,00-0033293,RESOLVED_GSIS,True,0.0,stats_table,13.32741798368267,15.5,true,UNDER,WIN,0.8928571428571429,RB
0283a29e1b38ef78b29b904fd56a16dd,Cole Kmet,colekmet,CHI,MIN,rec_yards,player_reception_yds,13.5,24.077241887662986,22.779387183952803,15.712295173017248,25000,24.077241887662986,calibrated,nonnegative_oos_linear_blend_v2,0.659889,0.292427,0.0476839999999999,4413,25.181771282221792,1,hist_gradient_boosting_lagged_player_history_v2,2026-W02 pregame,35.26434501059646,1,first_order_markov_outcome_regime_v2,2026-W02 pregame,1,prior+current,1,,0,,,,,,,,0,,,,,0,2026,2,draftkings,DraftKings,-113.0,-111.0,OVER,0.72824,0.5021058838394474,-113.0,-267.9717397703856,0.2261341161605525,0.2261341161605525,,,,,,,,,,,,0,,,,,,,,2026-09-22T14:30:15Z,35282021679,ca5a001bb817e495ca2d74b1e03ce43886493f43,13.5,OVER,00-0036290,RESOLVED_GSIS,True,0.0,stats_table,24.077241887662986,13.5,false,UNDER,LOSS,-1.0,TE
0283a29e1b38ef78b29b904fd56a16dd,Colston Loveland,colstonloveland,CHI,MIN,rec_yards,player_reception_yds,46.5,34.91406401158575,30.90749646543481,19.77690650993479,25000,34.91406401158576,calibrated,nonnegative_oos_linear_blend_v2,0.659889,0.292427,0.0476839999999999,4413,46.34061113365743,1,hist_gradient_boosting_lagged_player_history_v2,2026-W02 pregame,20.28565524126348,1,first_order_markov_outcome_regime_v2,2026-W02 pregame,1,prior+current,1,,0,,,,,,,,0,,,,,0,2026,2,draftkings,DraftKings,-114.0,-110.0,UNDER,0.74336,0.4957877000842461,-110.0,-289.65087281795513,0.2475722999157539,0.2475722999157539,,,,,,,,,,,,0,,,,,,,,2026-09-22T14:30:15Z,35282021679,ca5a001bb817e495ca2d74b1e03ce43886493f43,46.5,UNDER,00-0040126,RESOLVED_GSIS,True,3.0,stats_table,31.91406401158575,43.5,true,UNDER,WIN,0.9090909090909091,TE
0283a29e1b38ef78b29b904fd56a16dd,D'Andre Swift,dandreswift,CHI,MIN,rec_yards,player_reception_yds,11.5,14.846358821239114,14.858615922031428,10.918188416338532,25000,14.846358821239114,calibrated,nonnegative_oos_linear_blend_v2,0.659889,0.292427,0.0476839999999999,4413,14.538347996736018,1,hist_gradient_boosting_lagged_player_history_v2,2026-W02 pregame,16.565643180609705,1,first_order_markov_outcome_regime_v2,2026-W02 pregame,1,prior+current,1,,0,,,,,,,,0,,,,,0,2026,2,draftkings,DraftKings,-107.0,-117.0,OVER,0.57796,0.4894599266410894,-107.0,-136.9443654629893,0.0885000733589105,0.0885000733589105,,,,,,,,,,,,0,,,,,,,,2026-09-22T14:30:15Z,35282021679,ca5a001bb817e495ca2d74b1e03ce43886493f43,11.5,OVER,00-0036275,RESOLVED_GSIS,True,54.0,stats_table,-39.153641178760886,-42.5,true,OVER,WIN,0.9345794392523364,RB
0283a29e1b38ef78b29b904fd56a16dd,Jauan Jennings,jauanjennings,MIN,CHI,rec_yards,player_reception_yds,17.5,22.88306795468804,16.169357671388,17.029259501270417,25000,22.88306795468804,calibrated,nonnegative_oos_linear_blend_v2,0.659889,0.292427,0.0476839999999999,4413,37.54311481162402,1,hist_gradient_boosting_lagged_player_history_v2,2026-W02 pregame,25.88847947434577,1,first_order_markov_outcome_regime_v2,2026-W02 pregame,1,prior+current,1,,0,,,,,,,,0,,,,,0,2026,2,draftkings,DraftKings,-108.0,-116.0,OVER,0.57728,0.4915711395819285,-108.0,-136.56320968962908,0.0857088604180715,0.0857088604180715,,,,,,,,,,,,0,,,,,,,,2026-09-22T14:30:15Z,35282021679,ca5a001bb817e495ca2d74b1e03ce43886493f43,18,OVER,00-0036259,RESOLVED_GSIS,True,0.0,roster_confirmed_verified_zero,22.88306795468804,17.5,false,UNDER,LOSS,-1.0,WR
0283a29e1b38ef78b29b904fd56a16dd,Jordan Addison,jordanaddison,MIN,CHI,rec_yards,player_reception_yds,37.5,29.567574293717964,37.47168861340329,14.917855289698412,25000,29.567574293717964,calibrated,nonnegative_oos_linear_blend_v2,0.659889,0.292427,0.0476839999999999,4413,12.33112165105542,1,hist_gradient_boosting_lagged_player_history_v2,2026-W02 pregame,25.88847947434577,1,first_order_markov_outcome_regime_v2,2026-W02 pregame,1,prior+current,1,WR1_5,0,,,,,,,,0,,,,,0,2026,2,draftkings,DraftKings,-110.0,-114.0,UNDER,0.72384,0.504212299915754,-114.0,-262.10892236384706,0.219627700084246,0.219627700084246,,,,,,,,,,,,0,,,,,,,,2026-09-22T14:30:15Z,35282021679,ca5a001bb817e495ca2d74b1e03ce43886493f43,36,UNDER,00-0038994,RESOLVED_GSIS,True,21.0,stats_table,8.567574293717964,16.5,true,UNDER,WIN,0.8771929824561403,WR
0283a29e1b38ef78b29b904fd56a16dd,Josh Oliver,josholiver,MIN,CHI,rec_yards,player_reception_yds,11.5,18.03454540085337,14.028026162868091,14.810709088741673,25000,18.03454540085337,calibrated,nonnegative_oos_linear_blend_v2,0.659889,0.292427,0.0476839999999999,4413,25.942451988579712,1,hist_gradient_boosting_lagged_player_history_v2,2026-W02 pregame,24.983890541903165,1,first_order_markov_outcome_regime_v2,2026-W02 pregame,1,prior+current,1,,0,,,,,,,,0,,,,,0,2026,2,draftkings,DraftKings,-111.0,-113.0,OVER,0.61576,0.4978941161605526,-111.0,-160.25400791172183,0.1178658838394473,0.1178658838394473,,,,,,,,,,,,0,,,,,,,,2026-09-22T14:30:15Z,35282021679,ca5a001bb817e495ca2d74b1e03ce43886493f43,11.5,OVER,00-0035249,RESOLVED_GSIS,True,24.0,stats_table,-5.965454599146629,-12.5,true,OVER,WIN,0.9009009009009009,TE
0283a29e1b38ef78b29b904fd56a16dd,Justin Jefferson,justinjefferson,MIN,CHI,rec_yards,player_reception_yds,78.5,56.70904862589254,50.63046868575399,25.752333468700023,25000,56.70904862589255,calibrated,nonnegative_oos_linear_blend_v2,0.659889,0.292427,0.0476839999999999,4413,71.9050533988625,1,hist_gradient_boosting_lagged_player_history_v2,2026-W02 pregame,47.638206212773085,1,first_order_markov_outcome_regime_v2,2026-W02 pregame,1,prior+current,1,WR1,0,,,,,,,,0,,,,,0,2026,2,draftkings,DraftKings,-112.0,-112.0,UNDER,0.80768,0.5,-112.0,-419.9667221297836,0.3076799999999999,0.3076799999999999,,,,,,,,,,,,0,,,,,,,,2026-09-22T14:30:15Z,35282021679,ca5a001bb817e495ca2d74b1e03ce43886493f43,78,UNDER,00-0036322,RESOLVED_GSIS,True,55.0,stats_table,1.7090486258925424,23.5,true,UNDER,WIN,0.8928571428571429,WR
0283a29e1b38ef78b29b904fd56a16dd,Kalif Raymond,kalifraymond,CHI,MIN,rec_yards,player_reception_yds,27.5,28.66184599395272,18.29383365512536,22.725751346783905,25000,28.66184599395272,calibrated,nonnegative_oos_linear_blend_v2,0.659889,0.292427,0.0476839999999999,4413,48.9638992707781,1,hist_gradient_boosting_lagged_player_history_v2,2026-W02 pregame,47.638206212773085,1,first_order_markov_outcome_regime_v2,2026-W02 pregame,1,prior+current,1,,0,,,,,,,,0,,,,,0,2026,2,draftkings,DraftKings,-114.0,-110.0,OVER,0.4526,0.5042122999157539,-114.0,120.9456473707468,-0.0516122999157538,0.0516122999157538,,,,,,,,,,,,0,,,,,,,,2026-09-22T14:30:15Z,35282021679,ca5a001bb817e495ca2d74b1e03ce43886493f43,27.5,OVER,00-0032464,RESOLVED_GSIS,True,40.0,stats_table,-11.33815400604728,-12.5,true,OVER,WIN,0.8771929824561403,WR
0283a29e1b38ef78b29b904fd56a16dd,Luther Burden III,lutherburdeniii,CHI,MIN,rec_yards,player_reception_yds,51.5,49.76384985471603,41.79879913612018,28.200147778946537,25000,49.76384985471602,calibrated,nonnegative_oos_linear_blend_v2,0.659889,0.292427,0.0476839999999999,4413,68.08434879997722,1,hist_gradient_boosting_lagged_player_history_v2,2026-W02 pregame,47.638206212773085,1,first_order_markov_outcome_regime_v2,2026-W02 pregame,1,prior+current,1,WR1_5,0,,,,,,,,0,,,,,0,2026,2,draftkings,DraftKings,-111.0,-113.0,UNDER,0.5725199999999999,0.5021058838394474,-113.0,-133.92907270515576,0.0704141161605524,0.0704141161605524,,,,,,,,,,,,0,,,,,,,,2026-09-22T14:30:15Z,35282021679,ca5a001bb817e495ca2d74b1e03ce43886493f43,51.5,UNDER,00-0040735,RESOLVED_GSIS,True,32.0,stats_table,17.763849854716028,19.5,true,UNDER,WIN,0.8849557522123894,WR
0283a29e1b38ef78b29b904fd56a16dd,Rome Odunze,romeodunze,CHI,MIN,rec_yards,player_reception_yds,39.5,49.23272966979441,51.73754643969689,23.28081986860778,25000,49.23272966979441,calibrated,nonnegative_oos_linear_blend_v2,0.659889,0.292427,0.0476839999999999,4413,43.84038294069767,1,hist_gradient_boosting_lagged_player_history_v2,2026-W02 pregame,47.638206212773085,1,first_order_markov_outcome_regime_v2,2026-W02 pregame,1,prior+current,1,WR1,0,,,,,,,,0,,,,,0,2026,2,draftkings,DraftKings,-114.0,-110.0,OVER,0.6304,0.5042122999157539,-114.0,-170.56277056277054,0.126187700084246,0.126187700084246,,,,,,,,,,,,0,,,,,,,,2026-09-22T14:30:15Z,35282021679,ca5a001bb817e495ca2d74b1e03ce43886493f43,39.5,OVER,00-0039919,RESOLVED_GSIS,True,43.0,stats_table,6.232729669794409,-3.5,false,OVER,WIN,0.8771929824561403,WR
0283a29e1b38ef78b29b904fd56a16dd,T.J. Hockenson,tjhockenson,MIN,CHI,rec_yards,player_reception_yds,26.5,26.306704256696896,23.297671736462625,16.401843604457742,25000,26.3067042566969,calibrated,nonnegative_oos_linear_blend_v2,0.659889,0.292427,0.0476839999999999,4413,31.63620980521305,1,hist_gradient_boosting_lagged_player_history_v2,2026-W02 pregame,35.26434501059646,1,first_order_markov_outcome_regime_v2,2026-W02 pregame,1,prior+current,1,,0,,,,,,,,0,,,,,0,2026,2,draftkings,DraftKings,-114.0,-110.0,UNDER,0.55376,0.4957877000842461,-110.0,-124.09465758336324,0.0579722999157539,0.0579722999157539,,,,,,,,,,,,0,,,,,,,,2026-09-22T14:30:15Z,35282021679,ca5a001bb817e495ca2d74b1e03ce43886493f43,27,UNDER,00-0035229,RESOLVED_GSIS,True,29.0,stats_table,-2.6932957433031035,-2.5,false,OVER,LOSS,-1.0,TE
0636ebff776d43f8c829a36713c80b22,Cade Otton,cadeotton,TB,CLE,rec_yards,player_reception_yds,26.5,35.29021289942293,32.20233567597837,18.74830128466128,25000,35.290212899422926,calibrated,nonnegative_oos_linear_blend_v2,0.659889,0.292427,0.0476839999999999,4413,43.93887697078973,1,hist_gradient_boosting_lagged_player_history_v2,2026-W02 pregame,24.983890541903165,1,first_order_markov_outcome_regime_v2,2026-W02 pregame,1,prior+current,1,,0,,,,,,,,0,,,,,0,2026,2,draftkings,DraftKings,-114.0,-110.0,OVER,0.64788,0.5042122999157539,-114.0,-183.9940929228672,0.1436677000842461,0.1436677000842461,,,,,,,,,,,,0,,,,,,,,2026-09-22T14:30:15Z,35282021679,ca5a001bb817e495ca2d74b1e03ce43886493f43,27,OVER,00-0038129,RESOLVED_GSIS,True,38.0,stats_table,-2.709787100577067,-11.5,true,OVER,WIN,0.8771929824561403,TE
0636ebff776d43f8c829a36713c80b22,Chris Godwin Jr.,chrisgodwinjr,TB,CLE,rec_yards,player_reception_yds,46.5,34.45825333020373,33.793098128594735,19.046544257178788,25000,34.45825333020374,calibrated,nonnegative_oos_linear_blend_v2,0.659889,0.292427,0.0476839999999999,4413,35.72902517168944,1,hist_gradient_boosting_lagged_player_history_v2,2026-W02 pregame,35.870060299930074,1,first_order_markov_outcome_regime_v2,2026-W02 pregame,1,prior+current,1,WR1_5,0,,,,,,,,0,,,,,0,2026,2,draftkings,DraftKings,-112.0,-112.0,UNDER,0.7572,0.5,-112.0,-311.8616144975288,0.2572,0.2572,,,,,,,,,,,,0,,,,,,,,2026-09-22T14:30:15Z,35282021679,ca5a001bb817e495ca2d74b1e03ce43886493f43,44,UNDER,00-0033921,RESOLVED_GSIS,True,46.0,stats_table,-11.541746669796268,0.5,false,UNDER,WIN,0.8928571428571429,WR
0636ebff776d43f8c829a36713c80b22,Denzel Boston,denzelboston,CLE,TB,rec_yards,player_reception_yds,30.5,26.03341090773031,20.77816060844248,19.818465178243223,25000,26.03341090773031,calibrated,nonnegative_oos_linear_blend_v2,0.659889,0.292427,0.0476839999999999,4413,34.36943598551413,1,hist_gradient_boosting_lagged_player_history_v2,2026-W02 pregame,47.638206212773085,1,first_order_markov_outcome_regime_v2,2026-W02 pregame,1,prior+current,1,,0,,,,,,,,0,,,,,0,2026,2,draftkings,DraftKings,-114.0,-110.0,UNDER,0.6474,0.4957877000842461,-110.0,-183.60748723766304,0.1516122999157538,0.1516122999157538,,,,,,,,,,,,0,,,,,,,,2026-09-22T14:30:15Z,35282021679,ca5a001bb817e495ca2d74b1e03ce43886493f43,31,UNDER,00-0041037,RESOLVED_GSIS,True,95.0,stats_table,-68.96658909226969,-64.5,false,OVER,LOSS,-1.0,WR
0636ebff776d43f8c829a36713c80b22,Emeka Egbuka,emekaegbuka,TB,CLE,rec_yards,player_reception_yds,52.5,42.12704061338668,44.788185851587336,20.560640343145213,25000,42.12704061338667,calibrated,nonnegative_oos_linear_blend_v2,0.659889,0.292427,0.0476839999999999,4413,35.22324961415561,1,hist_gradient_boosting_lagged_player_history_v2,2026-W02 pregame,47.638206212773085,1,first_order_markov_outcome_regime_v2,2026-W02 pregame,1,prior+current,1,WR1,0,,,,,,,,0,,,,,0,2026,2,draftkings,DraftKings,-110.0,-114.0,UNDER,0.71816,0.504212299915754,-114.0,-254.8112404200965,0.213947700084246,0.213947700084246,,,,,,,,,,,,0,,,,,,,,2026-09-22T14:30:15Z,35282021679,ca5a001bb817e495ca2d74b1e03ce43886493f43,52.5,UNDER,00-0040129,RESOLVED_GSIS,True,16.0,stats_table,26.127040613386683,36.5,true,UNDER,WIN,0.8771929824561403,WR
0636ebff776d43f8c829a36713c80b22,Harold Fannin Jr.,haroldfanninjr,CLE,TB,rec_yards,player_reception_yds,35.5,30.633554413179088,26.69681477390172,17.90025303575482,25000,30.63355441317909,calibrated,nonnegative_oos_linear_blend_v2,0.659889,0.292427,0.0476839999999999,4413,40.4384279572124,1,hist_gradient_boosting_lagged_player_history_v2,2026-W02 pregame,24.983890541903165,1,first_order_markov_outcome_regime_v2,2026-W02 pregame,1,prior+current,1,,0,,,,,,,,0,,,,,0,2026,2,draftkings,DraftKings,-109.0,-115.0,UNDER,0.6446799999999999,0.5063197809142617,-115.0,-181.4364516492176,0.1383602190857382,0.1383602190857382,,,,,,,,,,,,0,,,,,,,,2026-09-22T14:30:15Z,35282021679,ca5a001bb817e495ca2d74b1e03ce43886493f43,35.5,UNDER,00-0040663,RESOLVED_GSIS,True,54.0,stats_table,-23.366445586820912,-18.5,false,OVER,LOSS,-1.0,TE
0636ebff776d43f8c829a36713c80b22,Jerry Jeudy,jerryjeudy,CLE,TB,rec_yards,player_reception_yds,27.5,36.38953213850819,32.82163149627692,19.02824346019933,25000,36.38953213850818,calibrated,nonnegative_oos_linear_blend_v2,0.659889,0.292427,0.0476839999999999,4413,44.52554174792217,1,hist_gradient_boosting_lagged_player_history_v2,2026-W02 pregame,35.870060299930074,1,first_order_markov_outcome_regime_v2,2026-W02 pregame,1,prior+current,1,WR1_5,0,,,,,,,,0,,,,,0,2026,2,draftkings,DraftKings,-112.0,-112.0,OVER,0.64524,0.5,-112.0,-181.88070808433872,0.14524,0.14524,,,,,,,,,,,,0,,,,,,,,2026-09-22T14:30:15Z,35282021679,ca5a001bb817e495ca2d74b1e03ce43886493f43,28.5,OVER,00-0036407,RESOLVED_GSIS,True,0.0,stats_table,36.38953213850819,27.5,false,UNDER,LOSS,-1.0,WR
0636ebff776d43f8c829a36713c80b22,KC Concepcion,kcconcepcion,CLE,TB,rec_yards,player_reception_yds,31.5,29.519557662907424,21.047274424887554,20.9925782735864,25000,29.51955766290742,calibrated,nonnegative_oos_linear_blend_v2,0.659889,0.292427,0.0476839999999999,4413,45.68358108140811,1,hist_gradient_boosting_lagged_player_history_v2,2026-W02 pregame,47.638206212773085,1,first_order_markov_outcome_regime_v2,2026-W02 pregame,1,prior+current,1,WR1,0,,,,,,,,0,,,,,0,2026,2,draftkings,DraftKings,-111.0,-113.0,UNDER,0.59616,0.5021058838394474,-113.0,-147.62282091917592,0.0940541161605525,0.0940541161605525,,,,,,,,,,,,0,,,,,,,,2026-09-22T14:30:15Z,35282021679,ca5a001bb817e495ca2d74b1e03ce43886493f43,31.5,UNDER,00-0041547,RESOLVED_GSIS,True,28.0,stats_table,1.519557662907424,3.5,true,UNDER,WIN,0.8849557522123894,WR
1fd6628c781f556a7a19638e97d7107f,Adam Trautman,adamtrautman,DEN,JAX,rec_yards,player_reception_yds,9.5,18.21713452232989,17.88593382812518,13.402829402810296,25000,18.217134522329893,calibrated,nonnegative_oos_linear_blend_v2,0.659889,0.292427,0.0476839999999999,4413,18.627220981297167,1,hist_gradient_boosting_lagged_player_history_v2,2026-W02 pregame,20.28565524126348,1,first_order_markov_outcome_regime_v2,2026-W02 pregame,1,prior+current,1,,0,,,,,,,,0,,,,,0,2026,2,draftkings,DraftKings,-107.0,-118.0,OVER,0.71264,0.4884821578153794,-107.0,-247.99554565701567,0.2241578421846206,0.2241578421846206,,,,,,,,,,,,0,,,,,,,,2026-09-22T14:30:15Z,35282021679,ca5a001bb817e495ca2d74b1e03ce43886493f43,9,OVER,00-0036422,RESOLVED_GSIS,True,0.0,roster_confirmed_verified_zero,18.21713452232989,9.5,false,UNDER,LOSS,-1.0,TE
1fd6628c781f556a7a19638e97d7107f,Bhayshul Tuten,bhayshultuten,JAX,DEN,rec_yards,player_reception_yds,8.5,8.360007469633084,7.870965586752713,8.29743477245623,25000,8.360007469633084,calibrated,nonnegative_oos_linear_blend_v2,0.659889,0.292427,0.0476839999999999,4413,7.606416470658076,1,hist_gradient_boosting_lagged_player_history_v2,2026-W02 pregame,19.749230565625684,1,first_order_markov_outcome_regime_v2,2026-W02 pregame,1,prior+current,1,,0,,,,,,,,0,,,,,0,2026,2,draftkings,DraftKings,-110.0,-114.0,UNDER,0.57908,0.504212299915754,-114.0,-137.57483607336312,0.074867700084246,0.074867700084246,,,,,,,,,,,,0,,,,,,,,2026-09-22T14:30:15Z,35282021679,ca5a001bb817e495ca2d74b1e03ce43886493f43,8.5,UNDER,00-0040719,RESOLVED_GSIS,True,-3.0,stats_table,11.360007469633084,11.5,true,UNDER,WIN,0.8771929824561403,RB
1fd6628c781f556a7a19638e97d7107f,Brenton Strange,brentonstrange,JAX,DEN,rec_yards,player_reception_yds,33.5,30.717467758516424,27.43854351112674,19.158924100720625,25000,30.717467758516413,calibrated,nonnegative_oos_linear_blend_v2,0.659889,0.292427,0.0476839999999999,4413,39.05160222175926,1,hist_gradient_boosting_lagged_player_history_v2,2026-W02 pregame,24.983890541903165,1,first_order_markov_outcome_regime_v2,2026-W02 pregame,1,prior+current,1,,0,,,,,,,,0,,,,,0,2026,2,draftkings,DraftKings,-113.0,-111.0,UNDER,0.6027199999999999,0.4978941161605525,-111.0,-151.71163914619407,0.1048258838394473,0.1048258838394473,,,,,,,,,,,,0,,,,,,,,2026-09-22T14:30:15Z,35282021679,ca5a001bb817e495ca2d74b1e03ce43886493f43,33,UNDER,00-0038935,RESOLVED_GSIS,True,17.0,stats_table,13.717467758516424,16.5,true,UNDER,WIN,0.9009009009009009,TE
1fd6628c781f556a7a19638e97d7107f,Brian Thomas Jr,brianthomasjr,JAX,DEN,rec_yards,player_reception_yds,34.5,30.30798150017767,27.114516113897444,18.91952215817556,25000,30.307981500177668,calibrated,nonnegative_oos_linear_blend_v2,0.659889,0.292427,0.0476839999999999,4413,36.607367380413336,1,hist_gradient_boosting_lagged_player_history_v2,2026-W02 pregame,35.870060299930074,1,first_order_markov_outcome_regime_v2,2026-W02 pregame,1,prior+current,1,,0,,,,,,,,0,,,,,0,2026,2,draftkings,DraftKings,-109.0,-115.0,UNDER,0.62688,0.5063197809142617,-115.0,-168.01029159519726,0.1205602190857383,0.1205602190857383,,,,,,,,,,,,0,,,,,,,,2026-09-22T14:30:15Z,35282021679,ca5a001bb817e495ca2d74b1e03ce43886493f43,34.5,UNDER,00-0039893,RESOLVED_GSIS,True,40.0,stats_table,-9.692018499822328,-5.5,false,OVER,LOSS,-1.0,WR
1fd6628c781f556a7a19638e97d7107f,Courtland Sutton,courtlandsutton,DEN,JAX,rec_yards,player_reception_yds,41.5,33.78352704721591,36.70275906089624,18.03470622502779,25000,33.78352704721591,calibrated,nonnegative_oos_linear_blend_v2,0.659889,0.292427,0.0476839999999999,4413,28.483395233769283,1,hist_gradient_boosting_lagged_player_history_v2,2026-W02 pregame,25.88847947434577,1,first_order_markov_outcome_regime_v2,2026-W02 pregame,1,prior+current,1,WR1,0,,,,,,,,0,,,,,0,2026,2,draftkings,DraftKings,-115.0,-109.0,UNDER,0.69512,0.4936802190857383,-109.0,-227.9979008134348,0.2014397809142616,0.2014397809142616,,,,,,,,,,,,0,,,,,,,,2026-09-22T14:30:15Z,35282021679,ca5a001bb817e495ca2d74b1e03ce43886493f43,41.5,UNDER,00-0034348,RESOLVED_GSIS,True,25.0,stats_table,8.783527047215912,16.5,true,UNDER,WIN,0.9174311926605505,WR
1fd6628c781f556a7a19638e97d7107f,Evan Engram,evanengram,DEN,JAX,rec_yards,player_reception_yds,24.5,25.689977460445625,21.93952868316521,16.292682690560362,25000,25.68997746044563,calibrated,nonnegative_oos_linear_blend_v2,0.659889,0.292427,0.0476839999999999,4413,32.59199318036686,1,hist_gradient_boosting_lagged_player_history_v2,2026-W02 pregame,35.26434501059646,1,first_order_markov_outcome_regime_v2,2026-W02 pregame,1,prior+current,1,,0,,,,,,,,0,,,,,0,2026,2,draftkings,DraftKings,-116.0,-108.0,OVER,0.4754,0.5084288604180714,-116.0,110.3491796381994,-0.0330288604180714,0.0330288604180714,,,,,,,,,,,,0,,,,,,,,2026-09-22T14:30:15Z,35282021679,ca5a001bb817e495ca2d74b1e03ce43886493f43,24,OVER,00-0033881,RESOLVED_GSIS,True,17.0,stats_table,8.689977460445625,7.5,false,UNDER,LOSS,-1.0,TE
1fd6628c781f556a7a19638e97d7107f,Jakobi Meyers,jakobimeyers,JAX,DEN,rec_yards,player_reception_yds,36.5,48.554409889102274,48.51810318116799,23.54694402009161,25000,48.554409889102274,calibrated,nonnegative_oos_linear_blend_v2,0.659889,0.292427,0.0476839999999999,4413,50.70468644701979,1,hist_gradient_boosting_lagged_player_history_v2,2026-W02 pregame,35.870060299930074,1,first_order_markov_outcome_regime_v2,2026-W02 pregame,1,prior+current,1,WR1_5,0,,,,,,,,0,,,,,0,2026,2,draftkings,DraftKings,-114.0,-110.0,OVER,0.6642,0.5042122999157539,-114.0,-197.7963073257892,0.1599877000842461,0.1599877000842461,,,,,,,,,,,,0,,,,,,,,2026-09-22T14:30:15Z,35282021679,ca5a001bb817e495ca2d74b1e03ce43886493f43,37,OVER,00-0034960,RESOLVED_GSIS,True,28.0,stats_table,20.554409889102274,8.5,false,UNDER,LOSS,-1.0,WR
1fd6628c781f556a7a19638e97d7107f,Jaylen Waddle,jaylenwaddle,DEN,JAX,rec_yards,player_reception_yds,54.5,42.6516490127017,48.04836791685435,20.517954409358047,25000,42.65164901270171,calibrated,nonnegative_oos_linear_blend_v2,0.659889,0.292427,0.0476839999999999,4413,33.20689710991772,1,hist_gradient_boosting_lagged_player_history_v2,2026-W02 pregame,25.88847947434577,1,first_order_markov_outcome_regime_v2,2026-W02 pregame,1,prior+current,1,WR1_5,0,,,,,,,,0,,,,,0,2026,2,draftkings,DraftKings,-113.0,-111.0,UNDER,0.7408,0.4978941161605525,-111.0,-285.8024691358025,0.2429058838394474,0.2429058838394474,,,,,,,,,,,,0,,,,,,,,2026-09-22T14:30:15Z,35282021679,ca5a001bb817e495ca2d74b1e03ce43886493f43,53.5,UNDER,00-0036613,RESOLVED_GSIS,True,138.0,stats_table,-95.3483509872983,-83.5,false,OVER,LOSS,-1.0,WR
1fd6628c781f556a7a19638e97d7107f,Parker Washington,parkerwashington,JAX,DEN,rec_yards,player_reception_yds,57.5,48.97584424142886,38.79103069932264,26.86703030946094,25000,48.97584424142885,calibrated,nonnegative_oos_linear_blend_v2,0.659889,0.292427,0.0476839999999999,4413,72.1769520572097,1,hist_gradient_boosting_lagged_player_history_v2,2026-W02 pregame,47.638206212773085,1,first_order_markov_outcome_regime_v2,2026-W02 pregame,1,prior+current,1,WR1,0,,,,,,,,0,,,,,0,2026,2,draftkings,DraftKings,-110.0,-114.0,UNDER,0.65652,0.504212299915754,-114.0,-191.13776639105623,0.152307700084246,0.152307700084246,,,,,,,,,,,,0,,,,,,,,2026-09-22T14:30:15Z,35282021679,ca5a001bb817e495ca2d74b1e03ce43886493f43,57.5,UNDER,00-0038606,RESOLVED_GSIS,True,98.0,stats_table,-49.02415575857114,-40.5,false,OVER,LOSS,-1.0,WR
1fd6628c781f556a7a19638e97d7107f,Pat Bryant,patbryant,DEN,JAX,rec_yards,player_reception_yds,33.5,30.007609313426013,22.228435344465325,20.426022948532594,25000,30.00760931342602,calibrated,nonnegative_oos_linear_blend_v2,0.659889,0.292427,0.0476839999999999,4413,44.68714967274661,1,hist_gradient_boosting_lagged_player_history_v2,2026-W02 pregame,47.638206212773085,1,first_order_markov_outcome_regime_v2,2026-W02 pregame,1,prior+current,1,,0,,,,,,,,0,,,,,0,2026,2,draftkings,DraftKings,-113.0,-111.0,UNDER,0.61912,0.4978941161605525,-111.0,-162.54988447805084,0.1212258838394474,0.1212258838394474,,,,,,,,,,,,0,,,,,,,,2026-09-22T14:30:15Z,35282021679,ca5a001bb817e495ca2d74b1e03ce43886493f43,32,UNDER,00-0040134,RESOLVED_GSIS,True,0.0,stats_table,30.007609313426013,33.5,true,UNDER,WIN,0.9009009009009009,WR
2143ade9684fd876b68a4e8cbf451f05,Alvin Kamara,alvinkamara,NO,BAL,rec_yards,player_reception_yds,12.5,14.925884169423163,14.062351896755576,10.406033041993282,25000,14.925884169423169,calibrated,nonnegative_oos_linear_blend_v2,0.659889,0.292427,0.0476839999999999,4413,17.04909353134453,1,hist_gradient_boosting_lagged_player_history_v2,2026-W02 pregame,13.85533018485322,1,first_order_markov_outcome_regime_v2,2026-W02 pregame,1,prior_only,1,,0,,,,,,,,0,,,,,0,2026,2,fanduel,FanDuel,-114.0,-114.0,OVER,0.55144,0.5,-114.0,-122.93561619404318,0.05144,0.05144,,,,,,,,,,,,0,,,,,,,,2026-09-22T14:30:15Z,35282021679,ca5a001bb817e495ca2d74b1e03ce43886493f43,12.5,OVER,00-0033906,RESOLVED_GSIS,True,7.0,stats_table,7.925884169423163,5.5,false,UNDER,LOSS,-1.0,RB
2143ade9684fd876b68a4e8cbf451f05,Chris Olave,chrisolave,NO,BAL,rec_yards,player_reception_yds,72.5,72.7130419095009,66.29078260091032,29.701888790722755,25000,72.7130419095009,calibrated,nonnegative_oos_linear_blend_v2,0.659889,0.292427,0.0476839999999999,4413,91.29424931596236,1,hist_gradient_boosting_lagged_player_history_v2,2026-W02 pregame,47.638206212773085,1,first_order_markov_outcome_regime_v2,2026-W02 pregame,1,prior+current,1,WR1,0,,,,,,,,0,,,,,0,2026,2,draftkings,DraftKings,-112.0,-112.0,OVER,0.4708,0.5,-112.0,112.40441801189463,-0.0292,0.0292,,,,,,,,,,,,0,,,,,,,,2026-09-22T14:30:15Z,35282021679,ca5a001bb817e495ca2d74b1e03ce43886493f43,72,OVER,00-0037239,RESOLVED_GSIS,True,86.0,stats_table,-13.286958090499098,-13.5,true,OVER,WIN,0.8928571428571429,WR
2143ade9684fd876b68a4e8cbf451f05,Derrick Henry,derrickhenry,BAL,NO,rec_yards,player_reception_yds,6.5,11.743393934390266,9.974560428132854,10.984373520599622,25000,11.743393934390268,calibrated,nonnegative_oos_linear_blend_v2,0.659889,0.292427,0.0476839999999999,4413,14.429477844859788,1,hist_gradient_boosting_lagged_player_history_v2,2026-W02 pregame,19.749230565625684,1,first_order_markov_outcome_regime_v2,2026-W02 pregame,1,prior+current,1,,0,,,,,,,,0,,,,,0,2026,2,fanduel,FanDuel,-114.0,-114.0,OVER,0.60832,0.5,-114.0,-155.31045751633985,0.1083199999999999,0.1083199999999999,,,,,,,,,,,,0,,,,,,,,2026-09-22T14:30:15Z,35282021679,ca5a001bb817e495ca2d74b1e03ce43886493f43,6.5,OVER,00-0032764,RESOLVED_GSIS,True,19.0,stats_table,-7.256606065609734,-12.5,true,OVER,WIN,0.8771929824561403,RB
2143ade9684fd876b68a4e8cbf451f05,Devaughn Vele,devaughnvele,NO,BAL,rec_yards,player_reception_yds,43.5,44.47149262107857,42.82641543664515,21.852761776695207,25000,44.47149262107857,calibrated,nonnegative_oos_linear_blend_v2,0.659889,0.292427,0.0476839999999999,4413,47.66739028870919,1,hist_gradient_boosting_lagged_player_history_v2,2026-W02 pregame,47.638206212773085,1,first_order_markov_outcome_regime_v2,2026-W02 pregame,1,prior+current,1,WR1_5,0,,,,,,,,0,,,,,0,2026,2,draftkings,DraftKings,-110.0,-114.0,OVER,0.48124,0.495787700084246,-110.0,107.79652564209124,-0.0145477000842459,0.0145477000842459,,,,,,,,,,,,0,,,,,,,,2026-09-22T14:30:15Z,35282021679,ca5a001bb817e495ca2d74b1e03ce43886493f43,42.5,OVER,00-0039424,RESOLVED_GSIS,True,64.0,stats_table,-19.528507378921432,-20.5,true,OVER,WIN,0.9090909090909091,WR
2143ade9684fd876b68a4e8cbf451f05,Justice Hill,justicehill,BAL,NO,rec_yards,player_reception_yds,13.5,14.391015787308822,13.470982321773937,11.073689325334538,25000,14.39101578730882,calibrated,nonnegative_oos_linear_blend_v2,0.659889,0.292427,0.0476839999999999,4413,16.11255665363167,1,hist_gradient_boosting_lagged_player_history_v2,2026-W02 pregame,16.565643180609705,1,first_order_markov_outcome_regime_v2,2026-W02 pregame,1,prior+current,1,,0,,,,,,,,0,,,,,0,2026,2,fanduel,FanDuel,-114.0,-114.0,OVER,0.48524,0.5,-114.0,106.08358750309124,-0.0147599999999999,0.0147599999999999,,,,,,,,,,,,0,,,,,,,,2026-09-22T14:30:15Z,35282021679,ca5a001bb817e495ca2d74b1e03ce43886493f43,13.5,OVER,00-0034975,RESOLVED_GSIS,True,12.0,stats_table,2.391015787308822,1.5,false,UNDER,LOSS,-1.0,RB
2143ade9684fd876b68a4e8cbf451f05,Juwan Johnson,juwanjohnson,NO,BAL,rec_yards,player_reception_yds,38.5,46.4140450410201,44.639426705630335,22.64878947318257,25000,46.41404504102009,calibrated,nonnegative_oos_linear_blend_v2,0.659889,0.292427,0.0476839999999999,4413,52.23674067094734,1,hist_gradient_boosting_lagged_player_history_v2,2026-W02 pregame,35.26434501059646,1,first_order_markov_outcome_regime_v2,2026-W02 pregame,1,prior+current,1,,0,,,,,,,,0,,,,,0,2026,2,fanduel,FanDuel,-114.0,-114.0,OVER,0.60212,0.5,-114.0,-151.33205991756307,0.1021199999999999,0.1021199999999999,,,,,,,,,,,,0,,,,,,,,2026-09-22T14:30:15Z,35282021679,ca5a001bb817e495ca2d74b1e03ce43886493f43,38.5,OVER,00-0036040,RESOLVED_GSIS,True,66.0,stats_table,-19.585954958979897,-27.5,true,OVER,WIN,0.8771929824561403,TE
2143ade9684fd876b68a4e8cbf451f05,LaJohntay Wester,lajohntaywester,BAL,NO,rec_yards,player_reception_yds,21.5,16.791813041366655,15.445422000404774,13.569725931072462,25000,16.79181304136666,calibrated,nonnegative_oos_linear_blend_v2,0.659889,0.292427,0.0476839999999999,4413,18.346741948201952,1,hist_gradient_boosting_lagged_player_history_v2,2026-W02 pregame,25.88847947434577,1,first_order_markov_outcome_regime_v2,2026-W02 pregame,1,prior+current,1,,0,,,,,,,,0,,,,,0,2026,2,fanduel,FanDuel,-114.0,-114.0,UNDER,0.6848799999999999,0.5,-114.0,-217.3394262503173,0.1848799999999999,0.1848799999999999,,,,,,,,,,,,0,,,,,,,,2026-09-22T14:30:15Z,35282021679,ca5a001bb817e495ca2d74b1e03ce43886493f43,21.5,UNDER,00-0040075,RESOLVED_GSIS,True,14.0,stats_table,2.7918130413666553,7.5,true,UNDER,WIN,0.8771929824561403,WR
2143ade9684fd876b68a4e8cbf451f05,Mark Andrews,markandrews,BAL,NO,rec_yards,player_reception_yds,48.5,30.75507958641799,26.84276144050236,17.617933621397523,25000,30.75507958641798,calibrated,nonnegative_oos_linear_blend_v2,0.659889,0.292427,0.0476839999999999,4413,38.84829907881641,1,hist_gradient_boosting_lagged_player_history_v2,2026-W02 pregame,35.26434501059646,1,first_order_markov_outcome_regime_v2,2026-W02 pregame,1,prior+current,1,,0,,,,,,,,0,,,,,0,2026,2,fanduel,FanDuel,-114.0,-114.0,UNDER,0.84488,0.5,-114.0,-544.6621970087673,0.3448799999999999,0.3448799999999999,,,,,,,,,,,,0,,,,,,,,2026-09-22T14:30:15Z,35282021679,ca5a001bb817e495ca2d74b1e03ce43886493f43,48.5,UNDER,00-0034753,RESOLVED_GSIS,True,49.0,stats_table,-18.24492041358201,-0.5,false,OVER,LOSS,-1.0,TE
2143ade9684fd876b68a4e8cbf451f05,Rashod Bateman,rashodbateman,BAL,NO,rec_yards,player_reception_yds,35.5,18.250246072061945,17.059277603528365,12.590955056116412,25000,18.250246072061948,calibrated,nonnegative_oos_linear_blend_v2,0.659889,0.292427,0.0476839999999999,4413,19.69226568782129,1,hist_gradient_boosting_lagged_player_history_v2,2026-W02 pregame,25.88847947434577,1,first_order_markov_outcome_regime_v2,2026-W02 pregame,1,prior+current,1,,0,,,,,,,,0,,,,,0,2026,2,fanduel,FanDuel,-114.0,-114.0,UNDER,0.90352,0.5,-114.0,-936.4842454394692,0.40352,0.40352,,,,,,,,,,,,0,,,,,,,,2026-09-22T14:30:15Z,35282021679,ca5a001bb817e495ca2d74b1e03ce43886493f43,35.5,UNDER,00-0036550,RESOLVED_GSIS,True,88.0,stats_table,-69.74975392793806,-52.5,false,OVER,LOSS,-1.0,WR
2143ade9684fd876b68a4e8cbf451f05,Travis Etienne Jr.,travisetiennejr,NO,BAL,rec_yards,player_reception_yds,11.5,15.25731576481005,15.25731576481005,10.572817493527502,25000,15.25731576481005,calibrated,nonnegative_oos_linear_blend_v2,1.0,0.0,0.0,4413,,0,,,,0,,,0,,0,,0,,,,,,,,0,,,,,0,2026,2,fanduel,FanDuel,-114.0,-114.0,OVER,0.60176,0.5,-114.0,-151.1048613901165,0.1017599999999999,0.1017599999999999,,,,,,,,,,,,0,,,,,,,,2026-09-22T14:30:15Z,35282021679,ca5a001bb817e495ca2d74b1e03ce43886493f43,11.5,OVER,00-0036973,RESOLVED_GSIS,True,6.0,stats_table,9.25731576481005,5.5,false,UNDER,LOSS,-1.0,RB
32367f882fac1a0c20a6335619922025,Davante Adams,davanteadams,LAR,NYG,rec_yards,player_reception_yds,44.5,33.23070034386553,31.28486943765332,18.371757097124,25000,33.230700343865536,calibrated,nonnegative_oos_linear_blend_v2,0.659889,0.292427,0.0476839999999999,4413,37.191268864297975,1,hist_gradient_boosting_lagged_player_history_v2,2026-W02 pregame,35.870060299930074,1,first_order_markov_outcome_regime_v2,2026-W02 pregame,1,prior+current,1,WR1_5,0,,,,,,,,0,,,,,0,2026,2,draftkings,DraftKings,-109.0,-115.0,UNDER,0.74796,0.5063197809142617,-115.0,-296.76241866370407,0.2416402190857383,0.2416402190857383,,,,,,,,,,,,0,,,,,,,,2026-09-22T14:30:15Z,35282021679,ca5a001bb817e495ca2d74b1e03ce43886493f43,44.5,UNDER,00-0031381,RESOLVED_GSIS,True,195.0,stats_table,-161.76929965613448,-150.5,false,OVER,LOSS,-1.0,WR
32367f882fac1a0c20a6335619922025,Isaiah Likely,isaiahlikely,NYG,LAR,rec_yards,player_reception_yds,45.5,33.705905978866795,29.68249305912688,20.31550169930706,25000,33.705905978866795,calibrated,nonnegative_oos_linear_blend_v2,0.659889,0.292427,0.0476839999999999,4413,42.53099162897867,1,hist_gradient_boosting_lagged_player_history_v2,2026-W02 pregame,35.26434501059646,1,first_order_markov_outcome_regime_v2,2026-W02 pregame,1,prior+current,1,,0,,,,,,,,0,,,,,0,2026,2,draftkings,DraftKings,-111.0,-113.0,UNDER,0.7441599999999999,0.5021058838394474,-113.0,-290.8692933083176,0.2420541161605525,0.2420541161605525,,,,,,,,,,,,0,,,,,,,,2026-09-22T14:30:15Z,35282021679,ca5a001bb817e495ca2d74b1e03ce43886493f43,45,UNDER,00-0037838,RESOLVED_GSIS,True,33.0,stats_table,0.7059059788667952,12.5,true,UNDER,WIN,0.8849557522123894,TE
32367f882fac1a0c20a6335619922025,Malik Nabers,maliknabers,NYG,LAR,rec_yards,player_reception_yds,62.5,55.824174434537625,54.831765869411946,24.62632678231995,25000,55.824174434537625,calibrated,nonnegative_oos_linear_blend_v2,0.659889,0.292427,0.0476839999999999,4413,59.39846546894567,1,hist_gradient_boosting_lagged_player_history_v2,2026-W02 pregame,47.638206212773085,1,first_order_markov_outcome_regime_v2,2026-W02 pregame,1,prior+current,1,WR1,0,,,,,,,,0,,,,,0,2026,2,draftkings,DraftKings,-114.0,-110.0,UNDER,0.6393599999999999,0.4957877000842461,-110.0,-177.2848269742679,0.1435722999157538,0.1435722999157538,,,,,,,,,,,,0,,,,,,,,2026-09-22T14:30:15Z,35282021679,ca5a001bb817e495ca2d74b1e03ce43886493f43,64,UNDER,00-0039337,RESOLVED_GSIS,True,1.0,stats_table,54.824174434537625,61.5,true,UNDER,WIN,0.9090909090909091,WR
32367f882fac1a0c20a6335619922025,Puka Nacua,pukanacua,LAR,NYG,rec_yards,player_reception_yds,85.5,73.5202971944271,71.35112365202286,31.020281999876268,25000,73.5202971944271,calibrated,nonnegative_oos_linear_blend_v2,0.659889,0.292427,0.0476839999999999,4413,82.63565038032574,1,hist_gradient_boosting_lagged_player_history_v2,2026-W02 pregame,47.638206212773085,1,first_order_markov_outcome_regime_v2,2026-W02 pregame,1,prior+current,1,WR1,0,,,,,,,,0,,,,,0,2026,2,draftkings,DraftKings,-113.0,-111.0,UNDER,0.6773199999999999,0.4978941161605525,-111.0,-209.90454939878512,0.1794258838394473,0.1794258838394473,,,,,,,,,,,,0,,,,,,,,2026-09-22T14:30:15Z,35282021679,ca5a001bb817e495ca2d74b1e03ce43886493f43,85.5,UNDER,00-0039075,RESOLVED_GSIS,True,0.0,roster_confirmed_verified_zero,73.5202971944271,85.5,true,UNDER,WIN,0.9009009009009009,WR
36ad2fa722f4915ef23d2c81351261de,Andrei Iosivas,andreiiosivas,CIN,HOU,rec_yards,player_reception_yds,14.5,19.972474303411524,18.955188829352675,14.31074333764345,25000,19.972474303411527,calibrated,nonnegative_oos_linear_blend_v2,0.659889,0.292427,0.0476839999999999,4413,21.30339348536257,1,hist_gradient_boosting_lagged_player_history_v2,2026-W02 pregame,25.88847947434577,1,first_order_markov_outcome_regime_v2,2026-W02 pregame,1,prior+current,1,,0,,,,,,,,0,,,,,0,2026,2,draftkings,DraftKings,-111.0,-113.0,OVER,0.6008,0.4978941161605526,-111.0,-150.501002004008,0.1029058838394473,0.1029058838394473,,,,,,,,,,,,0,,,,,,,,2026-09-22T14:30:15Z,35282021679,ca5a001bb817e495ca2d74b1e03ce43886493f43,14.5,OVER,00-0038619,RESOLVED_GSIS,True,7.0,stats_table,12.972474303411524,7.5,false,UNDER,LOSS,-1.0,WR
36ad2fa722f4915ef23d2c81351261de,Chase Brown,chasebrown,CIN,HOU,rec_yards,player_reception_yds,20.5,19.241123292872373,15.687303283931628,12.744322740753791,25000,19.241123292872373,calibrated,nonnegative_oos_linear_blend_v2,0.659889,0.292427,0.0476839999999999,4413,27.177798581699783,1,hist_gradient_boosting_lagged_player_history_v2,2026-W02 pregame,19.749230565625684,1,first_order_markov_outcome_regime_v2,2026-W02 pregame,1,prior+current,1,,0,,,,,,,,0,,,,,0,2026,2,draftkings,DraftKings,-113.0,-111.0,UNDER,0.5723199999999999,0.4978941161605525,-111.0,-133.81967826412267,0.0744258838394473,0.0744258838394473,,,,,,,,,,,,0,,,,,,,,2026-09-22T14:30:15Z,35282021679,ca5a001bb817e495ca2d74b1e03ce43886493f43,20,UNDER,00-0038597,RESOLVED_GSIS,True,2.0,stats_table,17.241123292872373,18.5,true,UNDER,WIN,0.9009009009009009,RB
36ad2fa722f4915ef23d2c81351261de,Dalton Schultz,daltonschultz,HOU,CIN,rec_yards,player_reception_yds,44.5,41.43875474032164,39.03069829779146,20.31897704989176,25000,41.43875474032164,calibrated,nonnegative_oos_linear_blend_v2,0.659889,0.292427,0.0476839999999999,4413,47.87957761699519,1,hist_gradient_boosting_lagged_player_history_v2,2026-W02 pregame,35.26434501059646,1,first_order_markov_outcome_regime_v2,2026-W02 pregame,1,prior+current,1,,0,,,,,,,,0,,,,,0,2026,2,draftkings,DraftKings,-110.0,-114.0,UNDER,0.59508,0.504212299915754,-114.0,-146.9623629358886,0.090867700084246,0.090867700084246,,,,,,,,,,,,0,,,,,,,,2026-09-22T14:30:15Z,35282021679,ca5a001bb817e495ca2d74b1e03ce43886493f43,43,UNDER,00-0034383,RESOLVED_GSIS,True,140.0,stats_table,-98.56124525967836,-95.5,false,OVER,LOSS,-1.0,TE
36ad2fa722f4915ef23d2c81351261de,David Montgomery,davidmontgomery,HOU,CIN,rec_yards,player_reception_yds,11.5,12.637377740451493,11.527106971161286,10.423423524204326,25000,12.637377740451493,calibrated,nonnegative_oos_linear_blend_v2,0.659889,0.292427,0.0476839999999999,4413,13.983128569070391,1,hist_gradient_boosting_lagged_player_history_v2,2026-W02 pregame,19.749230565625684,1,first_order_markov_outcome_regime_v2,2026-W02 pregame,1,prior+current,1,,0,,,,,,,,0,,,,,0,2026,2,draftkings,DraftKings,-109.0,-115.0,OVER,0.49224,0.4936802190857384,-109.0,103.15293352836014,-0.0014402190857383,0.0014402190857383,,,,,,,,,,,,0,,,,,,,,2026-09-22T14:30:15Z,35282021679,ca5a001bb817e495ca2d74b1e03ce43886493f43,11.5,OVER,00-0035685,RESOLVED_GSIS,True,14.0,stats_table,-1.3626222595485071,-2.5,true,OVER,WIN,0.9174311926605505,RB
36ad2fa722f4915ef23d2c81351261de,Ja'Marr Chase,jamarrchase,CIN,HOU,rec_yards,player_reception_yds,77.5,54.55168199311735,55.61117643186612,23.56004716298934,25000,54.55168199311734,calibrated,nonnegative_oos_linear_blend_v2,0.659889,0.292427,0.0476839999999999,4413,56.83473869859806,1,hist_gradient_boosting_lagged_player_history_v2,2026-W02 pregame,25.88847947434577,1,first_order_markov_outcome_regime_v2,2026-W02 pregame,1,prior+current,1,WR1,0,,,,,,,,0,,,,,0,2026,2,draftkings,DraftKings,-111.0,-114.0,UNDER,0.83836,0.5031375502008032,-114.0,-518.6587478346944,0.3352224497991968,0.3352224497991968,,,,,,,,,,,,0,,,,,,,,2026-09-22T14:30:15Z,35282021679,ca5a001bb817e495ca2d74b1e03ce43886493f43,76.5,UNDER,00-0036900,RESOLVED_GSIS,True,75.0,stats_table,-20.44831800688265,2.5,false,UNDER,WIN,0.8771929824561403,WR
36ad2fa722f4915ef23d2c81351261de,Jaylin Noel,jaylinnoel,HOU,CIN,rec_yards,player_reception_yds,25.5,18.05520316174097,15.109292936538507,15.81809636501779,25000,18.055203161740973,calibrated,nonnegative_oos_linear_blend_v2,0.659889,0.292427,0.0476839999999999,4413,19.87903555448588,1,hist_gradient_boosting_lagged_player_history_v2,2026-W02 pregame,47.638206212773085,1,first_order_markov_outcome_regime_v2,2026-W02 pregame,1,prior+current,1,,0,,,,,,,,0,,,,,0,2026,2,draftkings,DraftKings,-113.0,-111.0,UNDER,0.7305200000000001,0.4978941161605525,-111.0,-271.08505269407755,0.2326258838394475,0.2326258838394475,,,,,,,,,,,,0,,,,,,,,2026-09-22T14:30:15Z,35282021679,ca5a001bb817e495ca2d74b1e03ce43886493f43,25.5,UNDER,00-0040138,RESOLVED_GSIS,True,31.0,stats_table,-12.94479683825903,-5.5,false,OVER,LOSS,-1.0,WR
36ad2fa722f4915ef23d2c81351261de,Kayshon Boutte,kayshonboutte,HOU,CIN,rec_yards,player_reception_yds,33.5,28.041643231499712,26.556448338249027,20.16256493106172,25000,28.041643231499705,calibrated,nonnegative_oos_linear_blend_v2,0.659889,0.292427,0.0476839999999999,4413,30.11660051458665,1,hist_gradient_boosting_lagged_player_history_v2,2026-W02 pregame,35.870060299930074,1,first_order_markov_outcome_regime_v2,2026-W02 pregame,1,prior+current,1,,0,,,,,,,,0,,,,,0,2026,2,draftkings,DraftKings,-113.0,-111.0,UNDER,0.6570400000000001,0.4978941161605525,-111.0,-191.57919290879408,0.1591458838394475,0.1591458838394475,,,,,,,,,,,,0,,,,,,,,2026-09-22T14:30:15Z,35282021679,ca5a001bb817e495ca2d74b1e03ce43886493f43,33,UNDER,00-0038608,RESOLVED_GSIS,True,37.0,stats_table,-8.958356768500288,-3.5,false,OVER,LOSS,-1.0,WR
36ad2fa722f4915ef23d2c81351261de,Mike Gesicki,mikegesicki,CIN,HOU,rec_yards,player_reception_yds,25.5,24.07530468479115,22.123710627637934,15.998732183180753,25000,24.07530468479115,calibrated,nonnegative_oos_linear_blend_v2,0.659889,0.292427,0.0476839999999999,4413,26.654742465451204,1,hist_gradient_boosting_lagged_player_history_v2,2026-W02 pregame,35.26434501059646,1,first_order_markov_outcome_regime_v2,2026-W02 pregame,1,prior+current,1,,0,,,,,,,,0,,,,,0,2026,2,fanduel,FanDuel,-114.0,-114.0,UNDER,0.5885199999999999,0.5,-114.0,-143.02517740837945,0.0885199999999999,0.0885199999999999,,,,,,,,,,,,0,,,,,,,,2026-09-22T14:30:15Z,35282021679,ca5a001bb817e495ca2d74b1e03ce43886493f43,24.5,UNDER,00-0034829,RESOLVED_GSIS,True,0.0,roster_confirmed_verified_zero,24.07530468479115,25.5,true,UNDER,WIN,0.8771929824561403,TE
36ad2fa722f4915ef23d2c81351261de,Tee Higgins,teehiggins,CIN,HOU,rec_yards,player_reception_yds,51.5,44.95914574855125,45.5621194868619,22.723841241117054,25000,44.95914574855125,calibrated,nonnegative_oos_linear_blend_v2,0.659889,0.292427,0.0476839999999999,4413,43.16162343913372,1,hist_gradient_boosting_lagged_player_history_v2,2026-W02 pregame,47.638206212773085,1,first_order_markov_outcome_regime_v2,2026-W02 pregame,1,prior+current,1,WR1_5,0,,,,,,,,0,,,,,0,2026,2,draftkings,DraftKings,-113.0,-111.0,UNDER,0.64844,0.4978941161605525,-111.0,-184.4464671748777,0.1505458838394474,0.1505458838394474,,,,,,,,,,,,0,,,,,,,,2026-09-22T14:30:15Z,35282021679,ca5a001bb817e495ca2d74b1e03ce43886493f43,53.5,UNDER,00-0036410,RESOLVED_GSIS,True,95.0,stats_table,-50.04085425144875,-43.5,false,OVER,LOSS,-1.0,WR
36ad2fa722f4915ef23d2c81351261de,Woody Marks,woodymarks,HOU,CIN,rec_yards,player_reception_yds,10.5,11.572129865343406,10.426923381251989,9.44835426002077,25000,11.572129865343408,calibrated,nonnegative_oos_linear_blend_v2,0.659889,0.292427,0.0476839999999999,4413,13.784090585608974,1,hist_gradient_boosting_lagged_player_history_v2,2026-W02 pregame,13.85533018485322,1,first_order_markov_outcome_regime_v2,2026-W02 pregame,1,prior+current,1,,0,,,,,,,,0,,,,,0,2026,2,draftkings,DraftKings,-111.0,-113.0,OVER,0.4962,0.4978941161605526,-111.0,101.53164046755342,-0.0016941161605526,0.0016941161605526,,,,,,,,,,,,0,,,,,,,,2026-09-22T14:30:15Z,35282021679,ca5a001bb817e495ca2d74b1e03ce43886493f43,10.5,OVER,00-0040583,RESOLVED_GSIS,True,27.0,stats_table,-15.427870134656594,-16.5,true,OVER,WIN,0.9009009009009009,RB
36ad2fa722f4915ef23d2c81351261de,Xavier Hutchinson,xavierhutchinson,HOU,CIN,rec_yards,player_reception_yds,26.5,33.85900105213698,32.03060004435616,19.06449597807661,25000,33.85900105213698,calibrated,nonnegative_oos_linear_blend_v2,0.659889,0.292427,0.0476839999999999,4413,37.65703052086497,1,hist_gradient_boosting_lagged_player_history_v2,2026-W02 pregame,35.870060299930074,1,first_order_markov_outcome_regime_v2,2026-W02 pregame,1,prior+current,1,WR1_5,0,,,,,,,,0,,,,,0,2026,2,draftkings,DraftKings,-109.0,-115.0,OVER,0.609,0.4936802190857384,-109.0,-155.7544757033248,0.1153197809142616,0.1153197809142616,,,,,,,,,,,,0,,,,,,,,2026-09-22T14:30:15Z,35282021679,ca5a001bb817e495ca2d74b1e03ce43886493f43,26.5,OVER,00-0038618,RESOLVED_GSIS,True,37.0,stats_table,-3.140998947863018,-10.5,true,OVER,WIN,0.9174311926605505,WR
4aeee070bb6ec60bdfae4dede61b9014,Adonai Mitchell,adonaimitchell,NYJ,GB,rec_yards,player_reception_yds,33.5,31.3556861541009,25.55101126418424,19.98068880825872,25000,31.35568615410089,calibrated,nonnegative_oos_linear_blend_v2,0.659889,0.292427,0.0476839999999999,4413,41.79940517441877,1,hist_gradient_boosting_lagged_player_history_v2,2026-W02 pregame,47.638206212773085,1,first_order_markov_outcome_regime_v2,2026-W02 pregame,1,prior+current,1,WR1_5,0,,,,,,,,0,,,,,0,2026,2,draftkings,DraftKings,-115.0,-109.0,UNDER,0.591,0.4936802190857383,-109.0,-144.49877750611245,0.0973197809142616,0.0973197809142616,,,,,,,,,,,,0,,,,,,,,2026-09-22T14:30:15Z,35282021679,ca5a001bb817e495ca2d74b1e03ce43886493f43,34.5,UNDER,00-0039890,RESOLVED_GSIS,True,63.0,stats_table,-31.6443138458991,-29.5,false,OVER,LOSS,-1.0,WR
4aeee070bb6ec60bdfae4dede61b9014,Breece Hall,breecehall,NYJ,GB,rec_yards,player_reception_yds,19.5,16.4635728818235,15.60400549911678,12.170422163406029,25000,16.463572881823502,calibrated,nonnegative_oos_linear_blend_v2,0.659889,0.292427,0.0476839999999999,4413,18.38662355935888,1,hist_gradient_boosting_lagged_player_history_v2,2026-W02 pregame,16.565643180609705,1,first_order_markov_outcome_regime_v2,2026-W02 pregame,1,prior+current,1,,0,,,,,,,,0,,,,,0,2026,2,draftkings,DraftKings,-109.0,-116.0,UNDER,0.6412,0.5073240143969198,-116.0,-178.7068004459309,0.1338759856030802,0.1338759856030802,,,,,,,,,,,,0,,,,,,,,2026-09-22T14:30:15Z,35282021679,ca5a001bb817e495ca2d74b1e03ce43886493f43,19,UNDER,00-0038120,RESOLVED_GSIS,True,63.0,stats_table,-46.536427118176505,-43.5,false,OVER,LOSS,-1.0,RB
4aeee070bb6ec60bdfae4dede61b9014,Chris Brooks,chrisbrooks,GB,NYJ,rec_yards,player_reception_yds,7.5,8.985217748156105,7.79447378498025,8.345737766717958,25000,8.985217748156103,calibrated,nonnegative_oos_linear_blend_v2,0.659889,0.292427,0.0476839999999999,4413,10.878108629246713,1,hist_gradient_boosting_lagged_player_history_v2,2026-W02 pregame,13.85533018485322,1,first_order_markov_outcome_regime_v2,2026-W02 pregame,1,prior+current,1,,0,,,,,,,,0,,,,,0,2026,2,draftkings,DraftKings,-113.0,-111.0,OVER,0.50016,0.5021058838394474,-113.0,-100.06402048655572,-0.0019458838394473,0.0019458838394473,,,,,,,,,,,,0,,,,,,,,2026-09-22T14:30:15Z,35282021679,ca5a001bb817e495ca2d74b1e03ce43886493f43,7.5,OVER,00-0038685,RESOLVED_GSIS,True,15.0,stats_table,-6.014782251843895,-7.5,true,OVER,WIN,0.8849557522123894,RB
4aeee070bb6ec60bdfae4dede61b9014,Christian Watson,christianwatson,GB,NYJ,rec_yards,player_reception_yds,61.5,60.77113097470552,62.393820271239,29.038750460573645,25000,60.7711309747055,calibrated,nonnegative_oos_linear_blend_v2,0.659889,0.292427,0.0476839999999999,4413,59.250873157020365,1,hist_gradient_boosting_lagged_player_history_v2,2026-W02 pregame,47.638206212773085,1,first_order_markov_outcome_regime_v2,2026-W02 pregame,1,prior+current,1,WR1,0,,,,,,,,0,,,,,0,2026,2,draftkings,DraftKings,-114.0,-110.0,UNDER,0.5444,0.4957877000842461,-110.0,-119.49078138718173,0.0486122999157538,0.0486122999157538,,,,,,,,,,,,0,,,,,,,,2026-09-22T14:30:15Z,35282021679,ca5a001bb817e495ca2d74b1e03ce43886493f43,61,UNDER,00-0038124,RESOLVED_GSIS,True,41.0,stats_table,19.77113097470552,20.5,true,UNDER,WIN,0.9090909090909091,WR
4aeee070bb6ec60bdfae4dede61b9014,Garrett Wilson,garrettwilson,NYJ,GB,rec_yards,player_reception_yds,62.5,57.60099000071377,59.51922593483826,24.2573414089222,25000,57.60099000071377,calibrated,nonnegative_oos_linear_blend_v2,0.659889,0.292427,0.0476839999999999,4413,54.89687098916795,1,hist_gradient_boosting_lagged_player_history_v2,2026-W02 pregame,47.638206212773085,1,first_order_markov_outcome_regime_v2,2026-W02 pregame,1,prior+current,1,WR1,0,,,,,,,,0,,,,,0,2026,2,draftkings,DraftKings,-115.0,-110.0,UNDER,0.61148,0.4947698744769875,-110.0,-157.38700710388142,0.1167101255230125,0.1167101255230125,,,,,,,,,,,,0,,,,,,,,2026-09-22T14:30:15Z,35282021679,ca5a001bb817e495ca2d74b1e03ce43886493f43,63.5,UNDER,00-0037740,RESOLVED_GSIS,True,57.0,stats_table,0.6009900007137716,5.5,true,UNDER,WIN,0.9090909090909091,WR
4aeee070bb6ec60bdfae4dede61b9014,Jayden Reed,jaydenreed,GB,NYJ,rec_yards,player_reception_yds,37.5,26.100929197967773,23.403642791886195,17.909195018208482,25000,26.10092919796778,calibrated,nonnegative_oos_linear_blend_v2,0.659889,0.292427,0.0476839999999999,4413,30.59462636600221,1,hist_gradient_boosting_lagged_player_history_v2,2026-W02 pregame,35.870060299930074,1,first_order_markov_outcome_regime_v2,2026-W02 pregame,1,prior+current,1,WR1_5,0,,,,,,,,0,,,,,0,2026,2,draftkings,DraftKings,-110.0,-115.0,UNDER,0.76168,0.5052301255230125,-115.0,-319.60389392413566,0.2564498744769875,0.2564498744769875,,,,,,,,,,,,0,,,,,,,,2026-09-22T14:30:15Z,35282021679,ca5a001bb817e495ca2d74b1e03ce43886493f43,37,UNDER,00-0039146,RESOLVED_GSIS,True,4.0,stats_table,22.100929197967773,33.5,true,UNDER,WIN,0.8695652173913043,WR
4aeee070bb6ec60bdfae4dede61b9014,Jonnu Smith,jonnusmith,GB,NYJ,rec_yards,player_reception_yds,12.5,19.10138015582011,17.755749405457205,12.945035034422444,25000,19.10138015582011,calibrated,nonnegative_oos_linear_blend_v2,0.659889,0.292427,0.0476839999999999,4413,19.502342153484733,1,hist_gradient_boosting_lagged_player_history_v2,2026-W02 pregame,35.26434501059646,1,first_order_markov_outcome_regime_v2,2026-W02 pregame,1,prior+current,1,,0,,,,,,,,0,,,,,0,2026,2,draftkings,DraftKings,-112.0,-112.0,OVER,0.66568,0.5,-112.0,-199.114620722661,0.16568,0.16568,,,,,,,,,,,,0,,,,,,,,2026-09-22T14:30:15Z,35282021679,ca5a001bb817e495ca2d74b1e03ce43886493f43,13,OVER,00-0033858,RESOLVED_GSIS,True,0.0,roster_confirmed_verified_zero,19.10138015582011,12.5,false,UNDER,LOSS,-1.0,TE
4aeee070bb6ec60bdfae4dede61b9014,Kenyon Sadiq,kenyonsadiq,NYJ,GB,rec_yards,player_reception_yds,20.5,24.914375859542204,21.420932683040025,16.331264635986855,25000,24.9143758595422,calibrated,nonnegative_oos_linear_blend_v2,0.659889,0.292427,0.0476839999999999,4413,32.7863233410851,1,hist_gradient_boosting_lagged_player_history_v2,2026-W02 pregame,24.983890541903165,1,first_order_markov_outcome_regime_v2,2026-W02 pregame,1,prior+current,1,,0,,,,,,,,0,,,,,0,2026,2,draftkings,DraftKings,-114.0,-110.0,OVER,0.559,0.5042122999157539,-114.0,-126.7573696145125,0.0547877000842461,0.0547877000842461,,,,,,,,,,,,0,,,,,,,,2026-09-22T14:30:15Z,35282021679,ca5a001bb817e495ca2d74b1e03ce43886493f43,20.5,OVER,00-0041032,RESOLVED_GSIS,True,17.0,stats_table,7.914375859542204,3.5,false,UNDER,LOSS,-1.0,TE
4aeee070bb6ec60bdfae4dede61b9014,MarShawn Lloyd,marshawnlloyd,GB,NYJ,rec_yards,player_reception_yds,6.5,8.881835368333943,8.305728101819541,7.86138241531444,25000,8.881835368333943,calibrated,nonnegative_oos_linear_blend_v2,0.659889,0.292427,0.0476839999999999,4413,9.370882963672324,1,hist_gradient_boosting_lagged_player_history_v2,2026-W02 pregame,13.85533018485322,1,first_order_markov_outcome_regime_v2,2026-W02 pregame,1,prior+current,1,,0,,,,,,,,0,,,,,0,2026,2,draftkings,DraftKings,-118.0,-107.0,OVER,0.5514,0.5115178421846206,-118.0,-122.91573785109227,0.0398821578153794,0.0398821578153794,,,,,,,,,,,,0,,,,,,,,2026-09-22T14:30:15Z,35282021679,ca5a001bb817e495ca2d74b1e03ce43886493f43,6.5,OVER,00-0039811,RESOLVED_GSIS,True,6.0,stats_table,2.8818353683339435,0.5,false,UNDER,LOSS,-1.0,RB
4aeee070bb6ec60bdfae4dede61b9014,Mason Taylor,masontaylor,NYJ,GB,rec_yards,player_reception_yds,16.5,27.00173075084724,24.858187145424896,14.92295149602066,25000,27.00173075084724,calibrated,nonnegative_oos_linear_blend_v2,0.659889,0.292427,0.0476839999999999,4413,32.93398116150542,1,hist_gradient_boosting_lagged_player_history_v2,2026-W02 pregame,20.28565524126348,1,first_order_markov_outcome_regime_v2,2026-W02 pregame,1,prior+current,1,,0,,,,,,,,0,,,,,0,2026,2,draftkings,DraftKings,-111.0,-113.0,OVER,0.74712,0.4978941161605526,-111.0,-295.4444795950649,0.2492258838394473,0.2492258838394473,,,,,,,,,,,,0,,,,,,,,2026-09-22T14:30:15Z,35282021679,ca5a001bb817e495ca2d74b1e03ce43886493f43,17,OVER,00-0040736,RESOLVED_GSIS,True,0.0,roster_confirmed_verified_zero,27.00173075084724,16.5,false,UNDER,LOSS,-1.0,TE
4aeee070bb6ec60bdfae4dede61b9014,Matthew Golden,matthewgolden,GB,NYJ,rec_yards,player_reception_yds,49.5,37.31401551662243,40.48883414688033,19.67701296291077,25000,37.31401551662244,calibrated,nonnegative_oos_linear_blend_v2,0.659889,0.292427,0.0476839999999999,4413,28.4662463289021,1,hist_gradient_boosting_lagged_player_history_v2,2026-W02 pregame,47.638206212773085,1,first_order_markov_outcome_regime_v2,2026-W02 pregame,1,prior+current,1,,0,,,,,,,,0,,,,,0,2026,2,draftkings,DraftKings,-111.0,-113.0,UNDER,0.75108,0.5021058838394474,-113.0,-301.7354973485457,0.2489741161605525,0.2489741161605525,,,,,,,,,,,,0,,,,,,,,2026-09-22T14:30:15Z,35282021679,ca5a001bb817e495ca2d74b1e03ce43886493f43,49.5,UNDER,00-0040667,RESOLVED_GSIS,True,58.0,stats_table,-20.685984483377567,-8.5,false,OVER,LOSS,-1.0,WR
4aeee070bb6ec60bdfae4dede61b9014,Tucker Kraft,tuckerkraft,GB,NYJ,rec_yards,player_reception_yds,45.5,45.27567853851618,42.535489675611416,24.910617085563388,25000,45.27567853851618,calibrated,nonnegative_oos_linear_blend_v2,0.659889,0.292427,0.0476839999999999,4413,53.09164941842363,1,hist_gradient_boosting_lagged_player_history_v2,2026-W02 pregame,35.26434501059646,1,first_order_markov_outcome_regime_v2,2026-W02 pregame,1,prior+current,1,,0,,,,,,,,0,,,,,0,2026,2,draftkings,DraftKings,-115.0,-110.0,UNDER,0.5494399999999999,0.4947698744769875,-110.0,-121.94602272727268,0.0546701255230124,0.0546701255230124,,,,,,,,,,,,0,,,,,,,,2026-09-22T14:30:15Z,35282021679,ca5a001bb817e495ca2d74b1e03ce43886493f43,46,UNDER,00-0038996,RESOLVED_GSIS,True,15.0,stats_table,30.275678538516182,30.5,true,UNDER,WIN,0.9090909090909091,TE
4dd8020192a544385db42374e5555303,AJ Barner,ajbarner,SEA,ARI,rec_yards,player_reception_yds,20.5,26.31416945420624,25.62692087690193,16.168992992466272,25000,26.31416945420624,calibrated,nonnegative_oos_linear_blend_v2,0.659889,0.292427,0.0476839999999999,4413,28.081929599757142,1,hist_gradient_boosting_lagged_player_history_v2,2026-W02 pregame,24.983890541903165,1,first_order_markov_outcome_regime_v2,2026-W02 pregame,1,prior+current,1,,0,,,,,,,,0,,,,,0,2026,2,draftkings,DraftKings,-114.0,-110.0,OVER,0.59852,0.5042122999157539,-114.0,-149.07840988343133,0.0943077000842461,0.0943077000842461,,,,,,,,,,,,0,,,,,,,,2026-09-22T14:30:15Z,35282021679,ca5a001bb817e495ca2d74b1e03ce43886493f43,20.5,OVER,00-0039793,RESOLVED_GSIS,True,8.0,stats_table,18.31416945420624,12.5,false,UNDER,LOSS,-1.0,TE
4dd8020192a544385db42374e5555303,Cooper Kupp,cooperkupp,SEA,ARI,rec_yards,player_reception_yds,22.5,28.62179933632745,27.0870672242772,18.57273390117832,25000,28.621799336327456,calibrated,nonnegative_oos_linear_blend_v2,0.659889,0.292427,0.0476839999999999,4413,30.90314395532743,1,hist_gradient_boosting_lagged_player_history_v2,2026-W02 pregame,35.870060299930074,1,first_order_markov_outcome_regime_v2,2026-W02 pregame,1,prior+current,1,,0,,,,,,,,0,,,,,0,2026,2,draftkings,DraftKings,-110.0,-114.0,OVER,0.5834,0.495787700084246,-110.0,-140.0384061449832,0.087612299915754,0.087612299915754,,,,,,,,,,,,0,,,,,,,,2026-09-22T14:30:15Z,35282021679,ca5a001bb817e495ca2d74b1e03ce43886493f43,23,OVER,00-0033908,RESOLVED_GSIS,True,20.0,stats_table,8.621799336327449,2.5,false,UNDER,LOSS,-1.0,WR
4dd8020192a544385db42374e5555303,Jaxon Smith-Njigba,jaxonsmithnjigba,SEA,ARI,rec_yards,player_reception_yds,82.5,81.79107787272542,80.64670943930048,33.31252979659032,25000,81.79107787272542,calibrated,nonnegative_oos_linear_blend_v2,0.659889,0.292427,0.0476839999999999,4413,89.94251968007403,1,hist_gradient_boosting_lagged_player_history_v2,2026-W02 pregame,47.638206212773085,1,first_order_markov_outcome_regime_v2,2026-W02 pregame,1,prior+current,1,WR1,0,,,,,,,,0,,,,,0,2026,2,draftkings,DraftKings,-112.0,-112.0,UNDER,0.53976,0.5,-112.0,-117.27794194333391,0.03976,0.03976,,,,,,,,,,,,0,,,,,,,,2026-09-22T14:30:15Z,35282021679,ca5a001bb817e495ca2d74b1e03ce43886493f43,82,UNDER,00-0038543,RESOLVED_GSIS,True,155.0,stats_table,-73.20892212727458,-72.5,false,OVER,LOSS,-1.0,WR
4dd8020192a544385db42374e5555303,Jeremiyah Love,jeremiyahlove,ARI,SEA,rec_yards,player_reception_yds,15.5,11.865387364389596,9.019586997477996,10.320820011113163,25000,11.865387364389598,calibrated,nonnegative_oos_linear_blend_v2,0.659889,0.292427,0.0476839999999999,4413,17.520765834846465,1,hist_gradient_boosting_lagged_player_history_v2,2026-W02 pregame,16.565643180609705,1,first_order_markov_outcome_regime_v2,2026-W02 pregame,1,prior+current,1,,0,,,,,,,,0,,,,,0,2026,2,draftkings,DraftKings,-110.0,-114.0,UNDER,0.67168,0.504212299915754,-114.0,-204.5808966861599,0.167467700084246,0.167467700084246,,,,,,,,,,,,0,,,,,,,,2026-09-22T14:30:15Z,35282021679,ca5a001bb817e495ca2d74b1e03ce43886493f43,15,UNDER,00-0041027,RESOLVED_GSIS,True,16.0,stats_table,-4.134612635610404,-0.5,false,OVER,LOSS,-1.0,RB
4dd8020192a544385db42374e5555303,Marvin Harrison Jr.,marvinharrisonjr,ARI,SEA,rec_yards,player_reception_yds,33.5,25.841745034765097,23.10009458595609,18.023213705080607,25000,25.841745034765097,calibrated,nonnegative_oos_linear_blend_v2,0.659889,0.292427,0.0476839999999999,4413,30.3932905073446,1,hist_gradient_boosting_lagged_player_history_v2,2026-W02 pregame,35.870060299930074,1,first_order_markov_outcome_regime_v2,2026-W02 pregame,1,prior+current,1,WR1_5,0,,,,,,,,0,,,,,0,2026,2,draftkings,DraftKings,-115.0,-109.0,UNDER,0.7054,0.4936802190857383,-109.0,-239.4433129667346,0.2117197809142617,0.2117197809142617,,,,,,,,,,,,0,,,,,,,,2026-09-22T14:30:15Z,35282021679,ca5a001bb817e495ca2d74b1e03ce43886493f43,34,UNDER,00-0039849,RESOLVED_GSIS,True,0.0,stats_table,25.841745034765097,33.5,true,UNDER,WIN,0.9174311926605505,WR
4dd8020192a544385db42374e5555303,Michael Wilson,michaelwilson,ARI,SEA,rec_yards,player_reception_yds,39.5,43.0773066469487,39.97056260610501,22.425604157314183,25000,43.077306646948685,calibrated,nonnegative_oos_linear_blend_v2,0.659889,0.292427,0.0476839999999999,4413,49.34425287103716,1,hist_gradient_boosting_lagged_player_history_v2,2026-W02 pregame,47.638206212773085,1,first_order_markov_outcome_regime_v2,2026-W02 pregame,1,prior+current,1,WR1,0,,,,,,,,0,,,,,0,2026,2,draftkings,DraftKings,-110.0,-114.0,OVER,0.52156,0.495787700084246,-110.0,-109.01262436251152,0.025772299915754,0.025772299915754,,,,,,,,,,,,0,,,,,,,,2026-09-22T14:30:15Z,35282021679,ca5a001bb817e495ca2d74b1e03ce43886493f43,38.5,OVER,00-0038559,RESOLVED_GSIS,True,18.0,stats_table,25.0773066469487,21.5,false,UNDER,LOSS,-1.0,WR
4dd8020192a544385db42374e5555303,Rashid Shaheed,rashidshaheed,SEA,ARI,rec_yards,player_reception_yds,24.5,18.66623497458996,17.663964662648194,13.692210552137546,25000,18.66623497458996,calibrated,nonnegative_oos_linear_blend_v2,0.659889,0.292427,0.0476839999999999,4413,19.750271835586343,1,hist_gradient_boosting_lagged_player_history_v2,2026-W02 pregame,25.88847947434577,1,first_order_markov_outcome_regime_v2,2026-W02 pregame,1,prior+current,1,WR1_5,0,,,,,,,,0,,,,,0,2026,2,draftkings,DraftKings,-114.0,-110.0,UNDER,0.70564,0.4957877000842461,-110.0,-239.7200706617748,0.2098522999157539,0.2098522999157539,,,,,,,,,,,,0,,,,,,,,2026-09-22T14:30:15Z,35282021679,ca5a001bb817e495ca2d74b1e03ce43886493f43,24.5,UNDER,00-0037545,RESOLVED_GSIS,True,35.0,stats_table,-16.33376502541004,-10.5,false,OVER,LOSS,-1.0,WR
4dd8020192a544385db42374e5555303,Trey McBride,treymcbride,ARI,SEA,rec_yards,player_reception_yds,59.5,47.17411365591337,38.734870156824,23.322188620507102,25000,47.17411365591337,calibrated,nonnegative_oos_linear_blend_v2,0.659889,0.292427,0.0476839999999999,4413,68.16010113810168,1,hist_gradient_boosting_lagged_player_history_v2,2026-W02 pregame,35.26434501059646,1,first_order_markov_outcome_regime_v2,2026-W02 pregame,1,prior+current,1,,0,,,,,,,,0,,,,,0,2026,2,draftkings,DraftKings,-114.0,-110.0,UNDER,0.72272,0.4957877000842461,-110.0,-260.64627813040977,0.2269322999157539,0.2269322999157539,,,,,,,,,,,,0,,,,,,,,2026-09-22T14:30:15Z,35282021679,ca5a001bb817e495ca2d74b1e03ce43886493f43,60,UNDER,00-0037744,RESOLVED_GSIS,True,41.0,stats_table,6.1741136559133665,18.5,true,UNDER,WIN,0.9090909090909091,TE
50bc247030707d823b9c3581d7eb5760,Alec Pierce,alecpierce,IND,KC,rec_yards,player_reception_yds,44.5,46.713793109935736,44.93269035666047,25.70315803583538,25000,46.713793109935736,calibrated,nonnegative_oos_linear_blend_v2,0.659889,0.292427,0.0476839999999999,4413,50.58228131506169,1,hist_gradient_boosting_lagged_player_history_v2,2026-W02 pregame,47.638206212773085,1,first_order_markov_outcome_regime_v2,2026-W02 pregame,1,prior+current,1,WR1_5,0,,,,,,,,0,,,,,0,2026,2,draftkings,DraftKings,-110.0,-114.0,OVER,0.48928,0.495787700084246,-110.0,104.38194898626554,-0.006507700084246,0.006507700084246,,,,,,,,,,,,0,,,,,,,,2026-09-22T14:30:15Z,35282021679,ca5a001bb817e495ca2d74b1e03ce43886493f43,45,OVER,00-0037664,RESOLVED_GSIS,True,11.0,stats_table,35.713793109935736,33.5,false,UNDER,LOSS,-1.0,WR
50bc247030707d823b9c3581d7eb5760,Emmett Johnson,emmettjohnson,KC,IND,rec_yards,player_reception_yds,6.5,14.22899100117484,13.314196039823424,12.349999113390892,25000,14.22899100117484,calibrated,nonnegative_oos_linear_blend_v2,0.659889,0.292427,0.0476839999999999,4413,15.393165406616028,1,hist_gradient_boosting_lagged_player_history_v2,2026-W02 pregame,19.749230565625684,1,first_order_markov_outcome_regime_v2,2026-W02 pregame,1,prior+current,1,,0,,,,,,,,0,,,,,0,2026,2,draftkings,DraftKings,-113.0,-111.0,OVER,0.68144,0.5021058838394474,-113.0,-213.9126067302864,0.1793341161605526,0.1793341161605526,,,,,,,,,,,,0,,,,,,,,2026-09-22T14:30:15Z,35282021679,ca5a001bb817e495ca2d74b1e03ce43886493f43,7,OVER,00-0041013,RESOLVED_GSIS,True,20.0,stats_table,-5.77100899882516,-13.5,true,OVER,WIN,0.8849557522123894,RB
50bc247030707d823b9c3581d7eb5760,Jonathan Taylor,jonathantaylor,IND,KC,rec_yards,player_reception_yds,16.5,15.48656823374098,12.714968797958312,12.274933799112851,25000,15.48656823374098,calibrated,nonnegative_oos_linear_blend_v2,0.659889,0.292427,0.0476839999999999,4413,21.04586060224868,1,hist_gradient_boosting_lagged_player_history_v2,2026-W02 pregame,19.749230565625684,1,first_order_markov_outcome_regime_v2,2026-W02 pregame,1,prior+current,1,,0,,,,,,,,0,,,,,0,2026,2,draftkings,DraftKings,-111.0,-113.0,UNDER,0.5775600000000001,0.5021058838394474,-113.0,-136.72000757504028,0.0754541161605526,0.0754541161605526,,,,,,,,,,,,0,,,,,,,,2026-09-22T14:30:15Z,35282021679,ca5a001bb817e495ca2d74b1e03ce43886493f43,17,UNDER,00-0036223,RESOLVED_GSIS,True,40.0,stats_table,-24.513431766259018,-23.5,false,OVER,LOSS,-1.0,RB
50bc247030707d823b9c3581d7eb5760,Josh Downs,joshdowns,IND,KC,rec_yards,player_reception_yds,41.5,30.009637346685057,24.72877303842008,18.39852146604505,25000,30.009637346685054,calibrated,nonnegative_oos_linear_blend_v2,0.659889,0.292427,0.0476839999999999,4413,40.97078614421106,1,hist_gradient_boosting_lagged_player_history_v2,2026-W02 pregame,35.870060299930074,1,first_order_markov_outcome_regime_v2,2026-W02 pregame,1,prior+current,1,,0,,,,,,,,0,,,,,0,2026,2,draftkings,DraftKings,-113.0,-111.0,UNDER,0.75776,0.4978941161605525,-111.0,-312.8137384412153,0.2598658838394474,0.2598658838394474,,,,,,,,,,,,0,,,,,,,,2026-09-22T14:30:15Z,35282021679,ca5a001bb817e495ca2d74b1e03ce43886493f43,41,UNDER,00-0038997,RESOLVED_GSIS,True,72.0,stats_table,-41.990362653314946,-30.5,false,OVER,LOSS,-1.0,WR
50bc247030707d823b9c3581d7eb5760,Keenan Allen,keenanallen,IND,KC,rec_yards,player_reception_yds,30.5,39.24862628530633,38.3167193305634,19.032021033427093,25000,39.24862628530632,calibrated,nonnegative_oos_linear_blend_v2,0.659889,0.292427,0.0476839999999999,4413,41.902480713608206,1,hist_gradient_boosting_lagged_player_history_v2,2026-W02 pregame,35.870060299930074,1,first_order_markov_outcome_regime_v2,2026-W02 pregame,1,prior+current,1,WR1,0,,,,,,,,0,,,,,0,2026,2,draftkings,DraftKings,-109.0,-115.0,OVER,0.65124,0.4936802190857384,-109.0,-186.73012960201865,0.1575597809142616,0.1575597809142616,,,,,,,,,,,,0,,,,,,,,2026-09-22T14:30:15Z,35282021679,ca5a001bb817e495ca2d74b1e03ce43886493f43,30.5,OVER,00-0030279,RESOLVED_GSIS,True,5.0,stats_table,34.24862628530633,25.5,false,UNDER,LOSS,-1.0,WR
50bc247030707d823b9c3581d7eb5760,Kenneth Walker III,kennethwalkeriii,KC,IND,rec_yards,player_reception_yds,19.5,15.03129891643572,13.051301064988277,12.123779241947055,25000,15.03129891643572,calibrated,nonnegative_oos_linear_blend_v2,0.659889,0.292427,0.0476839999999999,4413,18.730030392783075,1,hist_gradient_boosting_lagged_player_history_v2,2026-W02 pregame,19.749230565625684,1,first_order_markov_outcome_regime_v2,2026-W02 pregame,1,prior+current,1,,0,,,,,,,,0,,,,,0,2026,2,draftkings,DraftKings,-111.0,-113.0,UNDER,0.6819999999999999,0.5021058838394474,-113.0,-214.46540880503136,0.1798941161605525,0.1798941161605525,,,,,,,,,,,,0,,,,,,,,2026-09-22T14:30:15Z,35282021679,ca5a001bb817e495ca2d74b1e03ce43886493f43,20,UNDER,00-0038134,RESOLVED_GSIS,True,61.0,stats_table,-45.968701083564284,-41.5,false,OVER,LOSS,-1.0,RB
50bc247030707d823b9c3581d7eb5760,Noah Gray,noahgray,KC,IND,rec_yards,player_reception_yds,10.5,14.032626649347288,11.434591501583752,11.344950571307542,25000,14.032626649347288,calibrated,nonnegative_oos_linear_blend_v2,0.659889,0.292427,0.0476839999999999,4413,18.875699964210828,1,hist_gradient_boosting_lagged_player_history_v2,2026-W02 pregame,20.28565524126348,1,first_order_markov_outcome_regime_v2,2026-W02 pregame,1,prior+current,1,,0,,,,,,,,0,,,,,0,2026,2,draftkings,DraftKings,-112.0,-112.0,OVER,0.56816,0.5,-112.0,-131.56724712856615,0.06816,0.06816,,,,,,,,,,,,0,,,,,,,,2026-09-22T14:30:15Z,35282021679,ca5a001bb817e495ca2d74b1e03ce43886493f43,11,OVER,00-0036637,RESOLVED_GSIS,True,0.0,stats_table,14.032626649347288,10.5,false,UNDER,LOSS,-1.0,TE
50bc247030707d823b9c3581d7eb5760,Rashee Rice,rasheerice,KC,IND,rec_yards,player_reception_yds,51.5,53.66277617048612,47.9868040822021,24.931151266977903,25000,53.66277617048612,calibrated,nonnegative_oos_linear_blend_v2,0.659889,0.292427,0.0476839999999999,4413,69.37247263810798,1,hist_gradient_boosting_lagged_player_history_v2,2026-W02 pregame,35.870060299930074,1,first_order_markov_outcome_regime_v2,2026-W02 pregame,1,prior+current,1,WR1,0,,,,,,,,0,,,,,0,2026,2,draftkings,DraftKings,-112.0,-112.0,OVER,0.4978,0.5,-112.0,100.8838891120932,-0.0021999999999999,0.0021999999999999,,,,,,,,,,,,0,,,,,,,,2026-09-22T14:30:15Z,35282021679,ca5a001bb817e495ca2d74b1e03ce43886493f43,52.5,OVER,00-0039067,RESOLVED_GSIS,True,83.0,stats_table,-29.33722382951388,-31.5,true,OVER,WIN,0.8928571428571429,WR
50bc247030707d823b9c3581d7eb5760,Travis Kelce,traviskelce,KC,IND,rec_yards,player_reception_yds,40.5,38.913683054604526,34.87847805330937,21.80636223631229,25000,38.913683054604526,calibrated,nonnegative_oos_linear_blend_v2,0.659889,0.292427,0.0476839999999999,4413,48.61457397230416,1,hist_gradient_boosting_lagged_player_history_v2,2026-W02 pregame,35.26434501059646,1,first_order_markov_outcome_regime_v2,2026-W02 pregame,1,prior+current,1,,0,,,,,,,,0,,,,,0,2026,2,draftkings,DraftKings,-114.0,-110.0,UNDER,0.57196,0.4957877000842461,-110.0,-133.62302588543128,0.0761722999157539,0.0761722999157539,,,,,,,,,,,,0,,,,,,,,2026-09-22T14:30:15Z,35282021679,ca5a001bb817e495ca2d74b1e03ce43886493f43,41.5,UNDER,00-0030506,RESOLVED_GSIS,True,101.0,stats_table,-62.086316945395474,-60.5,false,OVER,LOSS,-1.0,TE
50bc247030707d823b9c3581d7eb5760,Tyler Warren,tylerwarren,IND,KC,rec_yards,player_reception_yds,42.5,30.237195035793096,28.47224600546306,17.150650479302524,25000,30.2371950357931,calibrated,nonnegative_oos_linear_blend_v2,0.659889,0.292427,0.0476839999999999,4413,35.076587506946964,1,hist_gradient_boosting_lagged_player_history_v2,2026-W02 pregame,24.983890541903165,1,first_order_markov_outcome_regime_v2,2026-W02 pregame,1,prior+current,1,,0,,,,,,,,0,,,,,0,2026,2,draftkings,DraftKings,-110.0,-114.0,UNDER,0.7800400000000001,0.504212299915754,-114.0,-354.6281142025824,0.275827700084246,0.275827700084246,,,,,,,,,,,,0,,,,,,,,2026-09-22T14:30:15Z,35282021679,ca5a001bb817e495ca2d74b1e03ce43886493f43,42.5,UNDER,00-0040128,RESOLVED_GSIS,True,21.0,stats_table,9.237195035793096,21.5,true,UNDER,WIN,0.8771929824561403,TE
50bc247030707d823b9c3581d7eb5760,Tyquan Thornton,tyquanthornton,KC,IND,rec_yards,player_reception_yds,14.5,18.920949408641388,17.928275154841245,15.247361872027534,25000,18.92094940864139,calibrated,nonnegative_oos_linear_blend_v2,0.659889,0.292427,0.0476839999999999,4413,20.02486634180037,1,hist_gradient_boosting_lagged_player_history_v2,2026-W02 pregame,25.88847947434577,1,first_order_markov_outcome_regime_v2,2026-W02 pregame,1,prior+current,1,,0,,,,,,,,0,,,,,0,2026,2,draftkings,DraftKings,-111.0,-113.0,OVER,0.54804,0.4978941161605526,-111.0,-121.25851845296042,0.0501458838394473,0.0501458838394473,,,,,,,,,,,,0,,,,,,,,2026-09-22T14:30:15Z,35282021679,ca5a001bb817e495ca2d74b1e03ce43886493f43,14.5,OVER,00-0038104,RESOLVED_GSIS,True,86.0,stats_table,-67.07905059135861,-71.5,true,OVER,WIN,0.9009009009009009,WR
50bc247030707d823b9c3581d7eb5760,Xavier Worthy,xavierworthy,KC,IND,rec_yards,player_reception_yds,38.5,30.11491814957269,31.01908164780821,16.67279416704886,25000,30.114918149572688,calibrated,nonnegative_oos_linear_blend_v2,0.659889,0.292427,0.0476839999999999,4413,27.1361379925257,1,hist_gradient_boosting_lagged_player_history_v2,2026-W02 pregame,35.870060299930074,1,first_order_markov_outcome_regime_v2,2026-W02 pregame,1,prior+current,1,WR1_5,0,,,,,,,,0,,,,,0,2026,2,draftkings,DraftKings,-112.0,-112.0,UNDER,0.72252,0.5,-112.0,-260.3863341502091,0.22252,0.22252,,,,,,,,,,,,0,,,,,,,,2026-09-22T14:30:15Z,35282021679,ca5a001bb817e495ca2d74b1e03ce43886493f43,38,UNDER,00-0039894,RESOLVED_GSIS,True,25.0,stats_table,5.114918149572691,13.5,true,UNDER,WIN,0.8928571428571429,WR
56e8897681915f7ec92baeee952bb1ae,Amon-Ra St. Brown,amonrastbrown,DET,BUF,rec_yards,player_reception_yds,80.5,66.857250880861,62.186571329451446,27.597583329754965,25000,66.85725088086102,calibrated,nonnegative_oos_linear_blend_v2,0.659889,0.292427,0.0476839999999999,4413,80.5309916245448,1,hist_gradient_boosting_lagged_player_history_v2,2026-W02 pregame,47.638206212773085,1,first_order_markov_outcome_regime_v2,2026-W02 pregame,1,prior+current,1,WR1,0,,,,,,,,0,,,,,0,2026,2,draftkings,DraftKings,-113.0,-111.0,UNDER,0.71048,0.4978941161605525,-111.0,-245.39928156949435,0.2125858838394474,0.2125858838394474,,,,,,,,,,,,0,,,,,,,,2026-09-22T14:30:15Z,35282021679,ca5a001bb817e495ca2d74b1e03ce43886493f43,80,UNDER,00-0036963,RESOLVED_GSIS,True,142.0,stats_table,-75.142749119139,-61.5,false,OVER,LOSS,-1.0,WR
56e8897681915f7ec92baeee952bb1ae,Brock Wright,brockwright,DET,BUF,rec_yards,player_reception_yds,6.5,16.77532169633146,15.990975507120371,11.623985484739006,25000,16.775321696331456,calibrated,nonnegative_oos_linear_blend_v2,0.659889,0.292427,0.0476839999999999,4413,17.972867332321886,1,hist_gradient_boosting_lagged_player_history_v2,2026-W02 pregame,20.28565524126348,1,first_order_markov_outcome_regime_v2,2026-W02 pregame,1,prior+current,1,,0,,,,,,,,0,,,,,0,2026,2,draftkings,DraftKings,-108.0,-116.0,OVER,0.79236,0.4915711395819285,-108.0,-381.6027740319783,0.3007888604180714,0.3007888604180714,,,,,,,,,,,,0,,,,,,,,2026-09-22T14:30:15Z,35282021679,ca5a001bb817e495ca2d74b1e03ce43886493f43,6.5,OVER,00-0036754,RESOLVED_GSIS,True,0.0,stats_table,16.77532169633146,6.5,false,UNDER,LOSS,-1.0,TE
56e8897681915f7ec92baeee952bb1ae,DJ Moore,djmoore,BUF,DET,rec_yards,player_reception_yds,63.5,32.85950724094336,28.89061660532627,20.402919761280423,25000,32.85950724094336,calibrated,nonnegative_oos_linear_blend_v2,0.659889,0.292427,0.0476839999999999,4413,39.40582406830196,1,hist_gradient_boosting_lagged_player_history_v2,2026-W02 pregame,47.638206212773085,1,first_order_markov_outcome_regime_v2,2026-W02 pregame,1,prior+current,1,WR1_5,0,,,,,,,,0,,,,,0,2026,2,draftkings,DraftKings,-110.0,-114.0,UNDER,0.919,0.504212299915754,-114.0,-1134.5679012345686,0.414787700084246,0.414787700084246,,,,,,,,,,,,0,,,,,,,,2026-09-22T14:30:15Z,35282021679,ca5a001bb817e495ca2d74b1e03ce43886493f43,63.5,UNDER,00-0034827,RESOLVED_GSIS,True,0.0,stats_table,32.85950724094336,63.5,true,UNDER,WIN,0.8771929824561403,WR
56e8897681915f7ec92baeee952bb1ae,Dalton Kincaid,daltonkincaid,BUF,DET,rec_yards,player_reception_yds,53.5,38.41622458602069,38.89261627283203,23.10911499664863,25000,38.4162245860207,calibrated,nonnegative_oos_linear_blend_v2,0.659889,0.292427,0.0476839999999999,4413,37.85515666772413,1,hist_gradient_boosting_lagged_player_history_v2,2026-W02 pregame,35.26434501059646,1,first_order_markov_outcome_regime_v2,2026-W02 pregame,1,prior+current,1,,0,,,,,,,,0,,,,,0,2026,2,draftkings,DraftKings,-113.0,-111.0,UNDER,0.7626,0.4978941161605525,-111.0,-321.22999157540005,0.2647058838394474,0.2647058838394474,,,,,,,,,,,,0,,,,,,,,2026-09-22T14:30:15Z,35282021679,ca5a001bb817e495ca2d74b1e03ce43886493f43,53,UNDER,00-0038933,RESOLVED_GSIS,True,95.0,stats_table,-56.58377541397931,-41.5,false,OVER,LOSS,-1.0,TE
56e8897681915f7ec92baeee952bb1ae,Dawson Knox,dawsonknox,BUF,DET,rec_yards,player_reception_yds,12.5,21.727800473013687,21.02506530514606,15.00786007542047,25000,21.727800473013687,calibrated,nonnegative_oos_linear_blend_v2,0.659889,0.292427,0.0476839999999999,4413,23.548748813692825,1,hist_gradient_boosting_lagged_player_history_v2,2026-W02 pregame,20.28565524126348,1,first_order_markov_outcome_regime_v2,2026-W02 pregame,1,prior+current,1,,0,,,,,,,,0,,,,,0,2026,2,draftkings,DraftKings,-110.0,-114.0,OVER,0.6988,0.495787700084246,-110.0,-232.0053120849933,0.2030122999157539,0.2030122999157539,,,,,,,,,,,,0,,,,,,,,2026-09-22T14:30:15Z,35282021679,ca5a001bb817e495ca2d74b1e03ce43886493f43,12.5,OVER,00-0035689,RESOLVED_GSIS,True,5.0,stats_table,16.727800473013687,7.5,false,UNDER,LOSS,-1.0,TE
56e8897681915f7ec92baeee952bb1ae,Isaac TeSlaa,isaacteslaa,DET,BUF,rec_yards,player_reception_yds,17.5,18.331886498909267,15.95849020019375,14.607045162173158,25000,18.331886498909263,calibrated,nonnegative_oos_linear_blend_v2,0.659889,0.292427,0.0476839999999999,4413,22.45547813279522,1,hist_gradient_boosting_lagged_player_history_v2,2026-W02 pregame,25.88847947434577,1,first_order_markov_outcome_regime_v2,2026-W02 pregame,1,prior+current,1,,0,,,,,,,,0,,,,,0,2026,2,draftkings,DraftKings,-113.0,-111.0,OVER,0.46372,0.5021058838394474,-113.0,115.6473734149918,-0.0383858838394474,0.0383858838394474,,,,,,,,,,,,0,,,,,,,,2026-09-22T14:30:15Z,35282021679,ca5a001bb817e495ca2d74b1e03ce43886493f43,17.5,OVER,00-0040669,RESOLVED_GSIS,True,26.0,stats_table,-7.668113501090733,-8.5,true,OVER,WIN,0.8849557522123894,WR
56e8897681915f7ec92baeee952bb1ae,Jahmyr Gibbs,jahmyrgibbs,DET,BUF,rec_yards,player_reception_yds,31.5,24.060237743036016,21.07185858819757,14.96635242171618,25000,24.06023774303601,calibrated,nonnegative_oos_linear_blend_v2,0.659889,0.292427,0.0476839999999999,4413,31.506761485217183,1,hist_gradient_boosting_lagged_player_history_v2,2026-W02 pregame,19.749230565625684,1,first_order_markov_outcome_regime_v2,2026-W02 pregame,1,prior+current,1,,0,,,,,,,,0,,,,,0,2026,2,draftkings,DraftKings,-112.0,-112.0,UNDER,0.7212000000000001,0.5,-112.0,-258.68005738880925,0.2212,0.2212,,,,,,,,,,,,0,,,,,,,,2026-09-22T14:30:15Z,35282021679,ca5a001bb817e495ca2d74b1e03ce43886493f43,31,UNDER,00-0039139,RESOLVED_GSIS,True,61.0,stats_table,-36.93976225696399,-29.5,false,OVER,LOSS,-1.0,RB
56e8897681915f7ec92baeee952bb1ae,James Cook,jamescook,BUF,DET,rec_yards,player_reception_yds,19.5,15.998581427322314,13.689946686179326,12.30529069480895,25000,15.99858142732231,calibrated,nonnegative_oos_linear_blend_v2,0.659889,0.292427,0.0476839999999999,4413,21.115765880380167,1,hist_gradient_boosting_lagged_player_history_v2,2026-W02 pregame,16.565643180609705,1,first_order_markov_outcome_regime_v2,2026-W02 pregame,1,prior+current,1,,0,,,,,,,,0,,,,,0,2026,2,draftkings,DraftKings,-108.0,-116.0,UNDER,0.6502399999999999,0.5084288604180716,-116.0,-185.9103385178408,0.1418111395819283,0.1418111395819283,,,,,,,,,,,,0,,,,,,,,2026-09-22T14:30:15Z,35282021679,ca5a001bb817e495ca2d74b1e03ce43886493f43,19,UNDER,00-0037248,RESOLVED_GSIS,True,4.0,stats_table,11.998581427322314,15.5,true,UNDER,WIN,0.8620689655172413,RB
56e8897681915f7ec92baeee952bb1ae,Jameson Williams,jamesonwilliams,DET,BUF,rec_yards,player_reception_yds,56.5,47.89161338908875,50.72765234434988,23.99157993628016,25000,47.89161338908875,calibrated,nonnegative_oos_linear_blend_v2,0.659889,0.292427,0.0476839999999999,4413,41.533146344825134,1,hist_gradient_boosting_lagged_player_history_v2,2026-W02 pregame,47.638206212773085,1,first_order_markov_outcome_regime_v2,2026-W02 pregame,1,prior+current,1,WR1_5,0,,,,,,,,0,,,,,0,2026,2,draftkings,DraftKings,-114.0,-110.0,UNDER,0.67024,0.4957877000842461,-110.0,-203.25084910237743,0.1744522999157538,0.1744522999157538,,,,,,,,,,,,0,,,,,,,,2026-09-22T14:30:15Z,35282021679,ca5a001bb817e495ca2d74b1e03ce43886493f43,57,UNDER,00-0037240,RESOLVED_GSIS,True,33.0,stats_table,14.891613389088747,23.5,true,UNDER,WIN,0.9090909090909091,WR
56e8897681915f7ec92baeee952bb1ae,Keon Coleman,keoncoleman,BUF,DET,rec_yards,player_reception_yds,14.5,32.00246675596793,34.85135672770273,16.72253013875742,25000,32.00246675596794,calibrated,nonnegative_oos_linear_blend_v2,0.659889,0.292427,0.0476839999999999,4413,26.570643480342817,1,hist_gradient_boosting_lagged_player_history_v2,2026-W02 pregame,25.88847947434577,1,first_order_markov_outcome_regime_v2,2026-W02 pregame,1,prior+current,1,,0,,,,,,,,0,,,,,0,2026,2,draftkings,DraftKings,-109.0,-115.0,OVER,0.86008,0.4936802190857384,-109.0,-614.6941109205258,0.3663997809142615,0.3663997809142615,,,,,,,,,,,,0,,,,,,,,2026-09-22T14:30:15Z,35282021679,ca5a001bb817e495ca2d74b1e03ce43886493f43,14.5,OVER,00-0039901,RESOLVED_GSIS,True,63.0,stats_table,-30.99753324403207,-48.5,true,OVER,WIN,0.9174311926605505,WR
56e8897681915f7ec92baeee952bb1ae,Khalil Shakir,khalilshakir,BUF,DET,rec_yards,player_reception_yds,43.5,48.87376174419512,46.52467605612011,23.24110476318342,25000,48.87376174419511,calibrated,nonnegative_oos_linear_blend_v2,0.659889,0.292427,0.0476839999999999,4413,54.3761675944704,1,hist_gradient_boosting_lagged_player_history_v2,2026-W02 pregame,47.638206212773085,1,first_order_markov_outcome_regime_v2,2026-W02 pregame,1,prior+current,1,WR1,0,,,,,,,,0,,,,,0,2026,2,draftkings,DraftKings,-111.0,-113.0,OVER,0.55636,0.4978941161605526,-111.0,-125.40798845911095,0.0584658838394473,0.0584658838394473,,,,,,,,,,,,0,,,,,,,,2026-09-22T14:30:15Z,35282021679,ca5a001bb817e495ca2d74b1e03ce43886493f43,43.5,OVER,00-0037261,RESOLVED_GSIS,True,38.0,stats_table,10.873761744195122,5.5,false,UNDER,LOSS,-1.0,WR
56e8897681915f7ec92baeee952bb1ae,Sam LaPorta,samlaporta,DET,BUF,rec_yards,player_reception_yds,45.5,41.48864096528256,39.72988798380082,22.22176415392309,25000,41.48864096528256,calibrated,nonnegative_oos_linear_blend_v2,0.659889,0.292427,0.0476839999999999,4413,46.472384171280176,1,hist_gradient_boosting_lagged_player_history_v2,2026-W02 pregame,35.26434501059646,1,first_order_markov_outcome_regime_v2,2026-W02 pregame,1,prior+current,1,,0,,,,,,,,0,,,,,0,2026,2,draftkings,DraftKings,-114.0,-110.0,UNDER,0.6092,0.4957877000842461,-110.0,-155.88536335721594,0.1134122999157538,0.1134122999157538,,,,,,,,,,,,0,,,,,,,,2026-09-22T14:30:15Z,35282021679,ca5a001bb817e495ca2d74b1e03ce43886493f43,46,UNDER,00-0039065,RESOLVED_GSIS,True,52.0,stats_table,-10.511359034717437,-6.5,false,OVER,LOSS,-1.0,TE
68bc55903f50af4af4766adcc89fcc61,Caleb Douglas,calebdouglas,MIA,SF,rec_yards,player_reception_yds,38.5,46.06831181965611,42.29315108839738,24.57413996139661,25000,46.0683118196561,calibrated,nonnegative_oos_linear_blend_v2,0.659889,0.292427,0.0476839999999999,4413,54.3313251376746,1,hist_gradient_boosting_lagged_player_history_v2,2026-W02 pregame,47.638206212773085,1,first_order_markov_outcome_regime_v2,2026-W02 pregame,1,prior+current,1,WR1,0,,,,,,,,0,,,,,0,2026,2,draftkings,DraftKings,-111.0,-113.0,OVER,0.58284,0.4978941161605526,-111.0,-139.7161760475597,0.0849458838394474,0.0849458838394474,,,,,,,,,,,,0,,,,,,,,2026-09-22T14:30:15Z,35282021679,ca5a001bb817e495ca2d74b1e03ce43886493f43,38.5,OVER,00-0041523,RESOLVED_GSIS,True,19.0,stats_table,27.06831181965611,19.5,false,UNDER,LOSS,-1.0,WR
68bc55903f50af4af4766adcc89fcc61,Chris Bell,chrisbell,MIA,SF,rec_yards,player_reception_yds,19.5,18.3296212456637,14.224670108555708,16.051444110044798,25000,18.329621245663706,calibrated,nonnegative_oos_linear_blend_v2,0.659889,0.292427,0.0476839999999999,4413,24.73263398064174,1,hist_gradient_boosting_lagged_player_history_v2,2026-W02 pregame,35.870060299930074,1,first_order_markov_outcome_regime_v2,2026-W02 pregame,1,prior+current,1,,0,,,,,,,,0,,,,,0,2026,2,draftkings,DraftKings,-116.0,-108.0,UNDER,0.6009599999999999,0.4915711395819285,-108.0,-150.60144346431431,0.1093888604180713,0.1093888604180713,,,,,,,,,,,,0,,,,,,,,2026-09-22T14:30:15Z,35282021679,ca5a001bb817e495ca2d74b1e03ce43886493f43,20.5,UNDER,00-0041525,RESOLVED_GSIS,True,0.0,stats_table,18.3296212456637,19.5,true,UNDER,WIN,0.9259259259259259,WR
68bc55903f50af4af4766adcc89fcc61,Christian McCaffrey,christianmccaffrey,SF,MIA,rec_yards,player_reception_yds,40.5,23.66429940747996,23.220703670597725,14.0772372601179,25000,23.66429940747997,calibrated,nonnegative_oos_linear_blend_v2,0.659889,0.292427,0.0476839999999999,4413,25.30371741563404,1,hist_gradient_boosting_lagged_player_history_v2,2026-W02 pregame,19.749230565625684,1,first_order_markov_outcome_regime_v2,2026-W02 pregame,1,prior+current,1,,0,,,,,,,,0,,,,,0,2026,2,draftkings,DraftKings,-115.0,-109.0,UNDER,0.87876,0.4936802190857383,-109.0,-724.8102936324644,0.3850797809142616,0.3850797809142616,,,,,,,,,,,,0,,,,,,,,2026-09-22T14:30:15Z,35282021679,ca5a001bb817e495ca2d74b1e03ce43886493f43,41.5,UNDER,00-0033280,RESOLVED_GSIS,True,43.0,stats_table,-19.33570059252004,-2.5,false,OVER,LOSS,-1.0,RB
68bc55903f50af4af4766adcc89fcc61,De'Von Achane,devonachane,MIA,SF,rec_yards,player_reception_yds,25.5,18.11204124803517,18.0123026114904,11.60491300072911,25000,18.11204124803517,calibrated,nonnegative_oos_linear_blend_v2,0.659889,0.292427,0.0476839999999999,4413,18.07014598429725,1,hist_gradient_boosting_lagged_player_history_v2,2026-W02 pregame,19.749230565625684,1,first_order_markov_outcome_regime_v2,2026-W02 pregame,1,prior+current,1,,0,,,,,,,,0,,,,,0,2026,2,draftkings,DraftKings,-116.0,-108.0,UNDER,0.7574,0.4915711395819285,-108.0,-312.2011541632316,0.2658288604180714,0.2658288604180714,,,,,,,,,,,,0,,,,,,,,2026-09-22T14:30:15Z,35282021679,ca5a001bb817e495ca2d74b1e03ce43886493f43,26.5,UNDER,00-0039040,RESOLVED_GSIS,True,19.0,stats_table,-0.8879587519648311,6.5,true,UNDER,WIN,0.9259259259259259,RB
68bc55903f50af4af4766adcc89fcc61,Deebo Samuel Sr.,deebosamuelsr,SF,MIA,rec_yards,player_reception_yds,34.5,39.56950784412919,40.48763077372809,19.797321701119408,25000,39.56950784412919,calibrated,nonnegative_oos_linear_blend_v2,0.659889,0.292427,0.0476839999999999,4413,36.18197169014716,1,hist_gradient_boosting_lagged_player_history_v2,2026-W02 pregame,47.638206212773085,1,first_order_markov_outcome_regime_v2,2026-W02 pregame,1,prior+current,1,WR1,0,,,,,,,,0,,,,,0,2026,2,draftkings,DraftKings,-110.0,-114.0,OVER,0.56456,0.495787700084246,-110.0,-129.6527650192908,0.0687722999157539,0.0687722999157539,,,,,,,,,,,,0,,,,,,,,2026-09-22T14:30:15Z,35282021679,ca5a001bb817e495ca2d74b1e03ce43886493f43,35,OVER,00-0035719,RESOLVED_GSIS,True,31.0,stats_table,8.569507844129191,3.5,false,UNDER,LOSS,-1.0,WR
68bc55903f50af4af4766adcc89fcc61,Demarcus Robinson,demarcusrobinson,SF,MIA,rec_yards,player_reception_yds,25.5,25.881130576855018,22.548676943852016,18.16090200863312,25000,25.88113057685502,calibrated,nonnegative_oos_linear_blend_v2,0.659889,0.292427,0.0476839999999999,4413,29.85335304880736,1,hist_gradient_boosting_lagged_player_history_v2,2026-W02 pregame,47.638206212773085,1,first_order_markov_outcome_regime_v2,2026-W02 pregame,1,prior+current,1,,0,,,,,,,,0,,,,,0,2026,2,draftkings,DraftKings,-110.0,-114.0,OVER,0.4508,0.495787700084246,-110.0,121.8278615794144,-0.044987700084246,0.044987700084246,,,,,,,,,,,,0,,,,,,,,2026-09-22T14:30:15Z,35282021679,ca5a001bb817e495ca2d74b1e03ce43886493f43,25.5,OVER,00-0032775,RESOLVED_GSIS,True,34.0,stats_table,-8.118869423144982,-8.5,true,OVER,WIN,0.9090909090909091,WR
68bc55903f50af4af4766adcc89fcc61,George Kittle,georgekittle,SF,MIA,rec_yards,player_reception_yds,41.5,40.716453383097495,37.634729257267054,21.404356363178263,25000,40.7164533830975,calibrated,nonnegative_oos_linear_blend_v2,0.659889,0.292427,0.0476839999999999,4413,50.23605102007918,1,hist_gradient_boosting_lagged_player_history_v2,2026-W02 pregame,24.983890541903165,1,first_order_markov_outcome_regime_v2,2026-W02 pregame,1,prior+current,1,,0,,,,,,,,0,,,,,0,2026,2,draftkings,DraftKings,-111.0,-113.0,UNDER,0.55228,0.5021058838394474,-113.0,-123.35388189046726,0.0501741161605525,0.0501741161605525,,,,,,,,,,,,0,,,,,,,,2026-09-22T14:30:15Z,35282021679,ca5a001bb817e495ca2d74b1e03ce43886493f43,41.5,UNDER,00-0033288,RESOLVED_GSIS,True,80.0,stats_table,-39.283546616902505,-38.5,false,OVER,LOSS,-1.0,TE
68bc55903f50af4af4766adcc89fcc61,Greg Dulcich,gregdulcich,MIA,SF,rec_yards,player_reception_yds,22.5,29.99183850295303,29.530049962299085,18.771786103584,25000,29.991838502953023,calibrated,nonnegative_oos_linear_blend_v2,0.659889,0.292427,0.0476839999999999,4413,31.850518340581875,1,hist_gradient_boosting_lagged_player_history_v2,2026-W02 pregame,24.983890541903165,1,first_order_markov_outcome_regime_v2,2026-W02 pregame,1,prior+current,1,,0,,,,,,,,0,,,,,0,2026,2,draftkings,DraftKings,-111.0,-113.0,OVER,0.61056,0.4978941161605526,-111.0,-156.77896466721444,0.1126658838394473,0.1126658838394473,,,,,,,,,,,,0,,,,,,,,2026-09-22T14:30:15Z,35282021679,ca5a001bb817e495ca2d74b1e03ce43886493f43,23,OVER,00-0037252,RESOLVED_GSIS,True,17.0,stats_table,12.99183850295303,5.5,false,UNDER,LOSS,-1.0,TE
68bc55903f50af4af4766adcc89fcc61,Malik Washington,malikwashington,MIA,SF,rec_yards,player_reception_yds,33.5,29.66747101779543,30.85408561626632,15.39613970454512,25000,29.66747101779544,calibrated,nonnegative_oos_linear_blend_v2,0.659889,0.292427,0.0476839999999999,4413,24.059403165621525,1,hist_gradient_boosting_lagged_player_history_v2,2026-W02 pregame,47.638206212773085,1,first_order_markov_outcome_regime_v2,2026-W02 pregame,1,prior+current,1,WR1_5,0,,,,,,,,0,,,,,0,2026,2,draftkings,DraftKings,-112.0,-112.0,UNDER,0.6312,0.5,-112.0,-171.14967462039044,0.1311999999999999,0.1311999999999999,,,,,,,,,,,,0,,,,,,,,2026-09-22T14:30:15Z,35282021679,ca5a001bb817e495ca2d74b1e03ce43886493f43,33.5,UNDER,00-0039880,RESOLVED_GSIS,True,43.0,stats_table,-13.332528982204568,-9.5,false,OVER,LOSS,-1.0,WR
68bc55903f50af4af4766adcc89fcc61,Mike Evans,mikeevans,SF,MIA,rec_yards,player_reception_yds,51.5,31.527992576279367,21.92474226697214,20.26331681404044,25000,31.52799257627937,calibrated,nonnegative_oos_linear_blend_v2,0.659889,0.292427,0.0476839999999999,4413,50.57165070742279,1,hist_gradient_boosting_lagged_player_history_v2,2026-W02 pregame,47.638206212773085,1,first_order_markov_outcome_regime_v2,2026-W02 pregame,1,prior+current,1,WR1_5,0,,,,,,,,0,,,,,0,2026,2,draftkings,DraftKings,-111.0,-113.0,UNDER,0.8396399999999999,0.5021058838394474,-113.0,-523.5969069593413,0.3375341161605525,0.3375341161605525,,,,,,,,,,,,0,,,,,,,,2026-09-22T14:30:15Z,35282021679,ca5a001bb817e495ca2d74b1e03ce43886493f43,49.5,UNDER,00-0031408,RESOLVED_GSIS,True,54.0,stats_table,-22.472007423720633,-2.5,false,OVER,LOSS,-1.0,WR
71b3b83747589efdc5baef2c5cf811bf,Ashton Jeanty,ashtonjeanty,LV,LAC,rec_yards,player_reception_yds,26.5,18.292104660523872,16.08212967280681,12.063890189941798,25000,18.29210466052388,calibrated,nonnegative_oos_linear_blend_v2,0.659889,0.292427,0.0476839999999999,4413,23.04151765252104,1,hist_gradient_boosting_lagged_player_history_v2,2026-W02 pregame,19.749230565625684,1,first_order_markov_outcome_regime_v2,2026-W02 pregame,1,prior+current,1,,0,,,,,,,,0,,,,,0,2026,2,draftkings,DraftKings,-115.0,-109.0,UNDER,0.76604,0.4936802190857383,-109.0,-327.42349119507617,0.2723597809142617,0.2723597809142617,,,,,,,,,,,,0,,,,,,,,2026-09-22T14:30:15Z,35282021679,ca5a001bb817e495ca2d74b1e03ce43886493f43,26.5,UNDER,00-0040122,RESOLVED_GSIS,True,15.0,stats_table,3.292104660523872,11.5,true,UNDER,WIN,0.9174311926605505,RB
71b3b83747589efdc5baef2c5cf811bf,Omarion Hampton,omarionhampton,LAC,LV,rec_yards,player_reception_yds,10.5,13.865755945851772,12.015789435288967,10.83640167124171,25000,13.865755945851772,calibrated,nonnegative_oos_linear_blend_v2,0.659889,0.292427,0.0476839999999999,4413,17.08100264646245,1,hist_gradient_boosting_lagged_player_history_v2,2026-W02 pregame,19.749230565625684,1,first_order_markov_outcome_regime_v2,2026-W02 pregame,1,prior+current,1,,0,,,,,,,,0,,,,,0,2026,2,draftkings,DraftKings,-110.0,-114.0,OVER,0.57304,0.495787700084246,-110.0,-134.21397789020048,0.077252299915754,0.077252299915754,,,,,,,,,,,,0,,,,,,,,2026-09-22T14:30:15Z,35282021679,ca5a001bb817e495ca2d74b1e03ce43886493f43,10.5,OVER,00-0040666,RESOLVED_GSIS,True,21.0,stats_table,-7.134244054148228,-10.5,true,OVER,WIN,0.9090909090909091,RB
85ef85098ddd22fe4ecf45e7e3c0a9c0,Antonio Williams,antoniowilliams,WAS,DAL,rec_yards,player_reception_yds,27.5,28.201458272248924,23.447601898178416,20.34080094306947,25000,28.201458272248924,calibrated,nonnegative_oos_linear_blend_v2,0.659889,0.292427,0.0476839999999999,4413,35.75956898033354,1,hist_gradient_boosting_lagged_player_history_v2,2026-W02 pregame,47.638206212773085,1,first_order_markov_outcome_regime_v2,2026-W02 pregame,1,prior+current,1,,0,,,,,,,,0,,,,,0,2026,2,draftkings,DraftKings,-112.0,-112.0,OVER,0.452,0.5,-112.0,121.23893805309736,-0.0479999999999999,0.0479999999999999,,,,,,,,,,,,0,,,,,,,,2026-09-22T14:30:15Z,35282021679,ca5a001bb817e495ca2d74b1e03ce43886493f43,27,OVER,00-0041040,RESOLVED_GSIS,True,24.0,stats_table,4.201458272248924,3.5,false,UNDER,LOSS,-1.0,WR
85ef85098ddd22fe4ecf45e7e3c0a9c0,CeeDee Lamb,ceedeelamb,DAL,WAS,rec_yards,player_reception_yds,76.5,54.40581353370836,61.19196323288772,23.809736910671788,25000,54.40581353370837,calibrated,nonnegative_oos_linear_blend_v2,0.659889,0.292427,0.0476839999999999,4413,40.19577495536135,1,hist_gradient_boosting_lagged_player_history_v2,2026-W02 pregame,47.638206212773085,1,first_order_markov_outcome_regime_v2,2026-W02 pregame,1,prior+current,1,WR1,0,,,,,,,,0,,,,,0,2026,2,draftkings,DraftKings,-113.0,-111.0,UNDER,0.82596,0.4978941161605525,-111.0,-474.5805561939785,0.3280658838394474,0.3280658838394474,,,,,,,,,,,,0,,,,,,,,2026-09-22T14:30:15Z,35282021679,ca5a001bb817e495ca2d74b1e03ce43886493f43,76,UNDER,00-0036358,RESOLVED_GSIS,True,153.0,stats_table,-98.59418646629163,-76.5,false,OVER,LOSS,-1.0,WR
85ef85098ddd22fe4ecf45e7e3c0a9c0,George Pickens,georgepickens,DAL,WAS,rec_yards,player_reception_yds,61.5,38.54211063468561,37.625344065558046,22.22250538886708,25000,38.542110634685606,calibrated,nonnegative_oos_linear_blend_v2,0.659889,0.292427,0.0476839999999999,4413,41.04659285656493,1,hist_gradient_boosting_lagged_player_history_v2,2026-W02 pregame,35.870060299930074,1,first_order_markov_outcome_regime_v2,2026-W02 pregame,1,prior+current,1,WR1_5,0,,,,,,,,0,,,,,0,2026,2,draftkings,DraftKings,-114.0,-110.0,UNDER,0.85116,0.4957877000842461,-110.0,-571.8624025799518,0.3553722999157539,0.3553722999157539,,,,,,,,,,,,0,,,,,,,,2026-09-22T14:30:15Z,35282021679,ca5a001bb817e495ca2d74b1e03ce43886493f43,62,UNDER,00-0037247,RESOLVED_GSIS,True,40.0,stats_table,-1.4578893653143865,21.5,true,UNDER,WIN,0.9090909090909091,WR
85ef85098ddd22fe4ecf45e7e3c0a9c0,Jake Ferguson,jakeferguson,DAL,WAS,rec_yards,player_reception_yds,25.5,23.26380819483375,26.46222194828404,13.030428820673398,25000,23.26380819483376,calibrated,nonnegative_oos_linear_blend_v2,0.659889,0.292427,0.0476839999999999,4413,16.531913370099694,1,hist_gradient_boosting_lagged_player_history_v2,2026-W02 pregame,20.28565524126348,1,first_order_markov_outcome_regime_v2,2026-W02 pregame,1,prior+current,1,,0,,,,,,,,0,,,,,0,2026,2,draftkings,DraftKings,-115.0,-109.0,UNDER,0.61452,0.4936802190857383,-109.0,-159.4168309639929,0.1208397809142616,0.1208397809142616,,,,,,,,,,,,0,,,,,,,,2026-09-22T14:30:15Z,35282021679,ca5a001bb817e495ca2d74b1e03ce43886493f43,26,UNDER,00-0038041,RESOLVED_GSIS,True,43.0,stats_table,-19.73619180516625,-17.5,false,OVER,LOSS,-1.0,TE
85ef85098ddd22fe4ecf45e7e3c0a9c0,Javonte Williams,javontewilliams,DAL,WAS,rec_yards,player_reception_yds,13.5,12.744957968379191,9.855876657235418,10.09389131128458,25000,12.744957968379197,calibrated,nonnegative_oos_linear_blend_v2,0.659889,0.292427,0.0476839999999999,4413,18.122304255836426,1,hist_gradient_boosting_lagged_player_history_v2,2026-W02 pregame,19.749230565625684,1,first_order_markov_outcome_regime_v2,2026-W02 pregame,1,prior+current,1,,0,,,,,,,,0,,,,,0,2026,2,fanduel,FanDuel,-114.0,-114.0,UNDER,0.56412,0.5,-114.0,-129.42094154354407,0.0641199999999999,0.0641199999999999,,,,,,,,,,,,0,,,,,,,,2026-09-22T14:30:15Z,35282021679,ca5a001bb817e495ca2d74b1e03ce43886493f43,13,UNDER,00-0036997,RESOLVED_GSIS,True,20.0,stats_table,-7.255042031620809,-6.5,false,OVER,LOSS,-1.0,RB
85ef85098ddd22fe4ecf45e7e3c0a9c0,Rachaad White,rachaadwhite,WAS,DAL,rec_yards,player_reception_yds,11.5,10.66048555005412,9.097449370660996,9.216985523336572,25000,10.660485550054124,calibrated,nonnegative_oos_linear_blend_v2,0.659889,0.292427,0.0476839999999999,4413,13.66666285180051,1,hist_gradient_boosting_lagged_player_history_v2,2026-W02 pregame,13.85533018485322,1,first_order_markov_outcome_regime_v2,2026-W02 pregame,1,prior+current,1,,0,,,,,,,,0,,,,,0,2026,2,draftkings,DraftKings,-116.0,-109.0,UNDER,0.58456,0.4926759856030801,-109.0,-140.70864625457344,0.0918840143969198,0.0918840143969198,,,,,,,,,,,,0,,,,,,,,2026-09-22T14:30:15Z,35282021679,ca5a001bb817e495ca2d74b1e03ce43886493f43,11.5,UNDER,00-0037256,RESOLVED_GSIS,True,40.0,stats_table,-29.33951444994588,-28.5,false,OVER,LOSS,-1.0,RB
85ef85098ddd22fe4ecf45e7e3c0a9c0,Ryan Flournoy,ryanflournoy,DAL,WAS,rec_yards,player_reception_yds,29.5,35.1039658180102,31.07863976692645,20.84664935699476,25000,35.1039658180102,calibrated,nonnegative_oos_linear_blend_v2,0.659889,0.292427,0.0476839999999999,4413,44.06257064330932,1,hist_gradient_boosting_lagged_player_history_v2,2026-W02 pregame,35.870060299930074,1,first_order_markov_outcome_regime_v2,2026-W02 pregame,1,prior+current,1,,0,,,,,,,,0,,,,,0,2026,2,draftkings,DraftKings,-111.0,-113.0,OVER,0.5572,0.4978941161605526,-111.0,-125.83559168925024,0.0593058838394474,0.0593058838394474,,,,,,,,,,,,0,,,,,,,,2026-09-22T14:30:15Z,35282021679,ca5a001bb817e495ca2d74b1e03ce43886493f43,30,OVER,00-0039410,RESOLVED_GSIS,True,23.0,stats_table,12.103965818010202,6.5,false,UNDER,LOSS,-1.0,WR
85ef85098ddd22fe4ecf45e7e3c0a9c0,Stefon Diggs,stefondiggs,WAS,DAL,rec_yards,player_reception_yds,47.5,50.79384607526486,51.44910748654491,24.65109625763448,25000,50.79384607526488,calibrated,nonnegative_oos_linear_blend_v2,0.659889,0.292427,0.0476839999999999,4413,49.82975498167532,1,hist_gradient_boosting_lagged_player_history_v2,2026-W02 pregame,47.638206212773085,1,first_order_markov_outcome_regime_v2,2026-W02 pregame,1,prior+current,1,WR1,0,,,,,,,,0,,,,,0,2026,2,draftkings,DraftKings,-109.0,-115.0,OVER,0.51248,0.4936802190857384,-109.0,-105.1197899573351,0.0187997809142616,0.0187997809142616,,,,,,,,,,,,0,,,,,,,,2026-09-22T14:30:15Z,35282021679,ca5a001bb817e495ca2d74b1e03ce43886493f43,47,OVER,00-0031588,RESOLVED_GSIS,True,47.0,stats_table,3.7938460752648595,0.5,false,UNDER,LOSS,-1.0,WR
85ef85098ddd22fe4ecf45e7e3c0a9c0,Terry McLaurin,terrymclaurin,WAS,DAL,rec_yards,player_reception_yds,53.5,42.39698423796455,40.59248951086207,22.862392566567152,25000,42.39698423796456,calibrated,nonnegative_oos_linear_blend_v2,0.659889,0.292427,0.0476839999999999,4413,49.16092109099571,1,hist_gradient_boosting_lagged_player_history_v2,2026-W02 pregame,25.88847947434577,1,first_order_markov_outcome_regime_v2,2026-W02 pregame,1,prior+current,1,WR1_5,0,,,,,,,,0,,,,,0,2026,2,draftkings,DraftKings,-111.0,-113.0,UNDER,0.71216,0.5021058838394474,-113.0,-247.4152306837132,0.2100541161605525,0.2100541161605525,,,,,,,,,,,,0,,,,,,,,2026-09-22T14:30:15Z,35282021679,ca5a001bb817e495ca2d74b1e03ce43886493f43,53.5,UNDER,00-0035659,RESOLVED_GSIS,True,50.0,stats_table,-7.603015762035447,3.5,false,UNDER,WIN,0.8849557522123894,WR
9d14f87600f6edc74dbcb5c74edf6246,DK Metcalf,dkmetcalf,PIT,NE,rec_yards,player_reception_yds,51.5,44.674585161218296,44.30429029621995,22.327916298406898,25000,44.674585161218296,calibrated,nonnegative_oos_linear_blend_v2,0.659889,0.292427,0.0476839999999999,4413,46.94588183236891,1,hist_gradient_boosting_lagged_player_history_v2,2026-W02 pregame,35.870060299930074,1,first_order_markov_outcome_regime_v2,2026-W02 pregame,1,prior+current,1,WR1,0,,,,,,,,0,,,,,0,2026,2,draftkings,DraftKings,-110.0,-114.0,UNDER,0.65404,0.504212299915754,-114.0,-189.05075731298413,0.1498277000842459,0.1498277000842459,,,,,,,,,,,,0,,,,,,,,2026-09-22T14:30:15Z,35282021679,ca5a001bb817e495ca2d74b1e03ce43886493f43,53,UNDER,00-0035640,RESOLVED_GSIS,True,27.0,stats_table,17.674585161218296,24.5,true,UNDER,WIN,0.8771929824561403,WR
9d14f87600f6edc74dbcb5c74edf6246,Darnell Washington,darnellwashington,PIT,NE,rec_yards,player_reception_yds,15.5,17.645735440677505,16.598883297272863,13.677947700208806,25000,17.645735440677505,calibrated,nonnegative_oos_linear_blend_v2,0.659889,0.292427,0.0476839999999999,4413,18.81147467204911,1,hist_gradient_boosting_lagged_player_history_v2,2026-W02 pregame,24.983890541903165,1,first_order_markov_outcome_regime_v2,2026-W02 pregame,1,prior+current,1,,0,,,,,,,,0,,,,,0,2026,2,draftkings,DraftKings,-113.0,-111.0,OVER,0.50252,0.5021058838394474,-113.0,-101.01310605451474,0.0004141161605525,0.0004141161605525,,,,,,,,,,,,0,,,,,,,,2026-09-22T14:30:15Z,35282021679,ca5a001bb817e495ca2d74b1e03ce43886493f43,15.5,OVER,00-0038558,RESOLVED_GSIS,True,7.0,stats_table,10.645735440677505,8.5,false,UNDER,LOSS,-1.0,TE
9d14f87600f6edc74dbcb5c74edf6246,DeMario Douglas,demariodouglas,NE,PIT,rec_yards,player_reception_yds,35.5,20.97739043452257,18.14415067598133,16.324388893583198,25000,20.977390434522576,calibrated,nonnegative_oos_linear_blend_v2,0.659889,0.292427,0.0476839999999999,4413,24.942419933036533,1,hist_gradient_boosting_lagged_player_history_v2,2026-W02 pregame,35.870060299930074,1,first_order_markov_outcome_regime_v2,2026-W02 pregame,1,prior+current,1,,0,,,,,,,,0,,,,,0,2026,2,draftkings,DraftKings,-115.0,-109.0,UNDER,0.8228800000000001,0.4936802190857383,-109.0,-464.58897922312576,0.3291997809142617,0.3291997809142617,,,,,,,,,,,,0,,,,,,,,2026-09-22T14:30:15Z,35282021679,ca5a001bb817e495ca2d74b1e03ce43886493f43,35,UNDER,00-0038621,RESOLVED_GSIS,True,9.0,stats_table,11.977390434522569,26.5,true,UNDER,WIN,0.9174311926605505,WR
9d14f87600f6edc74dbcb5c74edf6246,Hunter Henry,hunterhenry,NE,PIT,rec_yards,player_reception_yds,37.5,37.23873725117008,38.27572765311797,19.762210134136065,25000,37.23873725117008,calibrated,nonnegative_oos_linear_blend_v2,0.659889,0.292427,0.0476839999999999,4413,36.89698204776442,1,hist_gradient_boosting_lagged_player_history_v2,2026-W02 pregame,24.983890541903165,1,first_order_markov_outcome_regime_v2,2026-W02 pregame,1,prior+current,1,,0,,,,,,,,0,,,,,0,2026,2,draftkings,DraftKings,-115.0,-109.0,UNDER,0.54244,0.4936802190857383,-109.0,-118.55057260250022,0.0487597809142617,0.0487597809142617,,,,,,,,,,,,0,,,,,,,,2026-09-22T14:30:15Z,35282021679,ca5a001bb817e495ca2d74b1e03ce43886493f43,38.5,UNDER,00-0033090,RESOLVED_GSIS,True,40.0,stats_table,-2.761262748829921,-2.5,false,OVER,LOSS,-1.0,TE
9d14f87600f6edc74dbcb5c74edf6246,Jaylen Warren,jaylenwarren,PIT,NE,rec_yards,player_reception_yds,19.5,15.22941527847942,14.194619276490291,11.606924494124742,25000,15.229415278479417,calibrated,nonnegative_oos_linear_blend_v2,0.659889,0.292427,0.0476839999999999,4413,16.82751540878311,1,hist_gradient_boosting_lagged_player_history_v2,2026-W02 pregame,19.749230565625684,1,first_order_markov_outcome_regime_v2,2026-W02 pregame,1,prior+current,1,,0,,,,,,,,0,,,,,0,2026,2,draftkings,DraftKings,-113.0,-111.0,UNDER,0.6808799999999999,0.4978941161605525,-111.0,-213.36174479819496,0.1829858838394473,0.1829858838394473,,,,,,,,,,,,0,,,,,,,,2026-09-22T14:30:15Z,35282021679,ca5a001bb817e495ca2d74b1e03ce43886493f43,19.5,UNDER,00-0037228,RESOLVED_GSIS,True,34.0,stats_table,-18.770584721520578,-14.5,false,OVER,LOSS,-1.0,RB
9d14f87600f6edc74dbcb5c74edf6246,Mack Hollins,mackhollins,NE,PIT,rec_yards,player_reception_yds,36.5,36.68384884422331,32.25106644196106,21.711839438343898,25000,36.683848844223306,calibrated,nonnegative_oos_linear_blend_v2,0.659889,0.292427,0.0476839999999999,4413,44.90058932948802,1,hist_gradient_boosting_lagged_player_history_v2,2026-W02 pregame,47.638206212773085,1,first_order_markov_outcome_regime_v2,2026-W02 pregame,1,prior+current,1,WR1_5,0,,,,,,,,0,,,,,0,2026,2,draftkings,DraftKings,-112.0,-112.0,OVER,0.45492,0.5,-112.0,119.81886925173656,-0.04508,0.04508,,,,,,,,,,,,0,,,,,,,,2026-09-22T14:30:15Z,35282021679,ca5a001bb817e495ca2d74b1e03ce43886493f43,36,OVER,00-0033555,RESOLVED_GSIS,True,18.0,stats_table,18.683848844223313,18.5,false,UNDER,LOSS,-1.0,WR
9d14f87600f6edc74dbcb5c74edf6246,Michael Pittman Jr.,michaelpittmanjr,PIT,NE,rec_yards,player_reception_yds,35.5,22.73904507170393,22.73904507170393,15.828905015915646,25000,22.73904507170393,calibrated,nonnegative_oos_linear_blend_v2,1.0,0.0,0.0,4413,,0,,,,0,,,0,,0,,0,,,,,,,,0,,,,,0,2026,2,draftkings,DraftKings,-110.0,-114.0,UNDER,0.8042400000000001,0.504212299915754,-114.0,-410.8295872496937,0.300027700084246,0.300027700084246,,,,,,,,,,,,0,,,,,,,,2026-09-22T14:30:15Z,35282021679,ca5a001bb817e495ca2d74b1e03ce43886493f43,35,UNDER,00-0036252,RESOLVED_GSIS,True,0.0,roster_confirmed_verified_zero,22.73904507170393,35.5,true,UNDER,WIN,0.8771929824561403,WR
9d14f87600f6edc74dbcb5c74edf6246,Pat Freiermuth,patfreiermuth,PIT,NE,rec_yards,player_reception_yds,27.5,27.62107657593877,25.406014900166262,18.05404754931328,25000,27.62107657593877,calibrated,nonnegative_oos_linear_blend_v2,0.659889,0.292427,0.0476839999999999,4413,31.37323770376083,1,hist_gradient_boosting_lagged_player_history_v2,2026-W02 pregame,35.26434501059646,1,first_order_markov_outcome_regime_v2,2026-W02 pregame,1,prior+current,1,,0,,,,,,,,0,,,,,0,2026,2,draftkings,DraftKings,-112.0,-112.0,OVER,0.45116,0.5,-112.0,121.6508555723025,-0.0488399999999999,0.0488399999999999,,,,,,,,,,,,0,,,,,,,,2026-09-22T14:30:15Z,35282021679,ca5a001bb817e495ca2d74b1e03ce43886493f43,26.5,OVER,00-0036894,RESOLVED_GSIS,True,32.0,stats_table,-4.378923424061231,-4.5,true,OVER,WIN,0.8928571428571429,TE
9d14f87600f6edc74dbcb5c74edf6246,Rhamondre Stevenson,rhamondrestevenson,NE,PIT,rec_yards,player_reception_yds,17.5,20.17157350591944,19.05796392165108,14.646541918228776,25000,20.17157350591944,calibrated,nonnegative_oos_linear_blend_v2,0.659889,0.292427,0.0476839999999999,4413,22.75340663253988,1,hist_gradient_boosting_lagged_player_history_v2,2026-W02 pregame,19.749230565625684,1,first_order_markov_outcome_regime_v2,2026-W02 pregame,1,prior+current,1,,0,,,,,,,,0,,,,,0,2026,2,draftkings,DraftKings,-113.0,-111.0,OVER,0.51796,0.5021058838394474,-113.0,-107.45166376234336,0.0158541161605525,0.0158541161605525,,,,,,,,,,,,0,,,,,,,,2026-09-22T14:30:15Z,35282021679,ca5a001bb817e495ca2d74b1e03ce43886493f43,17.5,OVER,00-0036875,RESOLVED_GSIS,True,3.0,stats_table,17.17157350591944,14.5,false,UNDER,LOSS,-1.0,RB
9d14f87600f6edc74dbcb5c74edf6246,Rico Dowdle,ricodowdle,PIT,NE,rec_yards,player_reception_yds,13.5,15.035326537091928,12.857970782817851,11.308118960973854,25000,15.035326537091931,calibrated,nonnegative_oos_linear_blend_v2,0.659889,0.292427,0.0476839999999999,4413,20.141148015246543,1,hist_gradient_boosting_lagged_player_history_v2,2026-W02 pregame,13.85533018485322,1,first_order_markov_outcome_regime_v2,2026-W02 pregame,1,prior+current,1,,0,,,,,,,,0,,,,,0,2026,2,draftkings,DraftKings,-106.0,-118.0,OVER,0.51036,0.4873460435296103,-106.0,-104.23168041826648,0.0230139564703897,0.0230139564703897,,,,,,,,,,,,0,,,,,,,,2026-09-22T14:30:15Z,35282021679,ca5a001bb817e495ca2d74b1e03ce43886493f43,13,OVER,00-0036139,RESOLVED_GSIS,True,22.0,stats_table,-6.964673462908072,-8.5,true,OVER,WIN,0.9433962264150944,RB
9d14f87600f6edc74dbcb5c74edf6246,Roman Wilson,romanwilson,PIT,NE,rec_yards,player_reception_yds,26.5,23.549876395074083,24.3162576648672,15.28819627260353,25000,23.549876395074087,calibrated,nonnegative_oos_linear_blend_v2,0.659889,0.292427,0.0476839999999999,4413,19.81149991457926,1,hist_gradient_boosting_lagged_player_history_v2,2026-W02 pregame,35.870060299930074,1,first_order_markov_outcome_regime_v2,2026-W02 pregame,1,prior+current,1,,0,,,,,,,,0,,,,,0,2026,2,draftkings,DraftKings,-113.0,-111.0,UNDER,0.62388,0.4978941161605525,-111.0,-165.87259385302562,0.1259858838394474,0.1259858838394474,,,,,,,,,,,,0,,,,,,,,2026-09-22T14:30:15Z,35282021679,ca5a001bb817e495ca2d74b1e03ce43886493f43,26,UNDER,00-0039739,RESOLVED_GSIS,True,28.0,stats_table,-4.450123604925917,-1.5,false,OVER,LOSS,-1.0,WR
9d14f87600f6edc74dbcb5c74edf6246,Romeo Doubs,romeodoubs,NE,PIT,rec_yards,player_reception_yds,40.5,37.80672107255507,39.55768621451889,19.25558861579931,25000,37.80672107255507,calibrated,nonnegative_oos_linear_blend_v2,0.659889,0.292427,0.0476839999999999,4413,35.79892697626318,1,hist_gradient_boosting_lagged_player_history_v2,2026-W02 pregame,25.88847947434577,1,first_order_markov_outcome_regime_v2,2026-W02 pregame,1,prior+current,1,WR1,0,,,,,,,,0,,,,,0,2026,2,draftkings,DraftKings,-110.0,-114.0,UNDER,0.5916,0.504212299915754,-114.0,-144.85798237022527,0.087387700084246,0.087387700084246,,,,,,,,,,,,0,,,,,,,,2026-09-22T14:30:15Z,35282021679,ca5a001bb817e495ca2d74b1e03ce43886493f43,40,UNDER,00-0037816,RESOLVED_GSIS,True,96.0,stats_table,-58.19327892744493,-55.5,false,OVER,LOSS,-1.0,WR
aee7eae1849ebb103b9bf233e9741392,Bijan Robinson,bijanrobinson,ATL,CAR,rec_yards,player_reception_yds,41.5,39.40869041921909,34.11570896589778,20.879207058814693,25000,39.4086904192191,calibrated,nonnegative_oos_linear_blend_v2,0.659889,0.292427,0.0476839999999999,4413,54.558529257320586,1,hist_gradient_boosting_lagged_player_history_v2,2026-W02 pregame,19.749230565625684,1,first_order_markov_outcome_regime_v2,2026-W02 pregame,1,prior+current,1,,0,,,,,,,,0,,,,,0,2026,2,draftkings,DraftKings,-113.0,-111.0,UNDER,0.5816399999999999,0.4978941161605525,-111.0,-139.02858781910314,0.0837458838394473,0.0837458838394473,,,,,,,,,,,,0,,,,,,,,2026-09-22T14:30:15Z,35282021679,ca5a001bb817e495ca2d74b1e03ce43886493f43,42,UNDER,00-0038542,RESOLVED_GSIS,True,9.0,stats_table,30.40869041921909,32.5,true,UNDER,WIN,0.9009009009009009,RB
aee7eae1849ebb103b9bf233e9741392,Drake London,drakelondon,ATL,CAR,rec_yards,player_reception_yds,57.5,57.73516860991315,60.08734949323919,24.87180544540097,25000,57.73516860991315,calibrated,nonnegative_oos_linear_blend_v2,0.659889,0.292427,0.0476839999999999,4413,55.99263982062934,1,hist_gradient_boosting_lagged_player_history_v2,2026-W02 pregame,35.870060299930074,1,first_order_markov_outcome_regime_v2,2026-W02 pregame,1,prior+current,1,WR1,0,,,,,,,,0,,,,,0,2026,2,draftkings,DraftKings,-114.0,-110.0,OVER,0.47144,0.5042122999157539,-114.0,112.11606991345664,-0.0327722999157538,0.0327722999157538,,,,,,,,,,,,0,,,,,,,,2026-09-22T14:30:15Z,35282021679,ca5a001bb817e495ca2d74b1e03ce43886493f43,57,OVER,00-0037238,RESOLVED_GSIS,True,51.0,stats_table,6.735168609913153,6.5,false,UNDER,LOSS,-1.0,WR
aee7eae1849ebb103b9bf233e9741392,Jalen Coker,jalencoker,CAR,ATL,rec_yards,player_reception_yds,50.5,49.92058817292077,46.42751500529291,25.805506709554543,25000,49.92058817292078,calibrated,nonnegative_oos_linear_blend_v2,0.659889,0.292427,0.0476839999999999,4413,58.17520782466453,1,hist_gradient_boosting_lagged_player_history_v2,2026-W02 pregame,47.638206212773085,1,first_order_markov_outcome_regime_v2,2026-W02 pregame,1,prior+current,1,WR1_5,0,,,,,,,,0,,,,,0,2026,2,fanduel,FanDuel,-114.0,-114.0,UNDER,0.54992,0.5,-114.0,-122.18272307145396,0.0499199999999999,0.0499199999999999,,,,,,,,,,,,0,,,,,,,,2026-09-22T14:30:15Z,35282021679,ca5a001bb817e495ca2d74b1e03ce43886493f43,50,UNDER,00-0039491,RESOLVED_GSIS,True,66.0,stats_table,-16.079411827079227,-15.5,false,OVER,LOSS,-1.0,WR
aee7eae1849ebb103b9bf233e9741392,Tetairoa McMillan,tetairoamcmillan,CAR,ATL,rec_yards,player_reception_yds,58.5,52.46660410369111,55.24363352463052,23.753780233497448,25000,52.46660410369111,calibrated,nonnegative_oos_linear_blend_v2,0.659889,0.292427,0.0476839999999999,4413,46.987308954735134,1,hist_gradient_boosting_lagged_player_history_v2,2026-W02 pregame,47.638206212773085,1,first_order_markov_outcome_regime_v2,2026-W02 pregame,1,prior+current,1,WR1,0,,,,,,,,0,,,,,0,2026,2,draftkings,DraftKings,-112.0,-112.0,UNDER,0.6300399999999999,0.5,-112.0,-170.2994918369553,0.1300399999999999,0.1300399999999999,,,,,,,,,,,,0,,,,,,,,2026-09-22T14:30:15Z,35282021679,ca5a001bb817e495ca2d74b1e03ce43886493f43,58,UNDER,00-0040124,RESOLVED_GSIS,True,101.0,stats_table,-48.53339589630889,-42.5,false,OVER,LOSS,-1.0,WR
fafc649c455e32a0f2ba1bd06e2039bc,Carnell Tate,carnelltate,TEN,PHI,rec_yards,player_reception_yds,39.5,29.47186040522433,20.58475168792315,20.839286040365664,25000,29.471860405224326,calibrated,nonnegative_oos_linear_blend_v2,0.659889,0.292427,0.0476839999999999,4413,48.48314705307836,1,hist_gradient_boosting_lagged_player_history_v2,2026-W02 pregame,35.870060299930074,1,first_order_markov_outcome_regime_v2,2026-W02 pregame,1,prior+current,1,WR1_5,0,,,,,,,,0,,,,,0,2026,2,draftkings,DraftKings,-115.0,-109.0,UNDER,0.72012,0.4936802190857383,-109.0,-257.2959839931399,0.2264397809142616,0.2264397809142616,,,,,,,,,,,,0,,,,,,,,2026-09-22T14:30:15Z,35282021679,ca5a001bb817e495ca2d74b1e03ce43886493f43,40.5,UNDER,00-0041438,RESOLVED_GSIS,True,27.0,stats_table,2.47186040522433,12.5,true,UNDER,WIN,0.9174311926605505,WR
fafc649c455e32a0f2ba1bd06e2039bc,Dallas Goedert,dallasgoedert,PHI,TEN,rec_yards,player_reception_yds,37.5,38.20684579011662,35.61703130125183,20.546330644016376,25000,38.206845790116624,calibrated,nonnegative_oos_linear_blend_v2,0.659889,0.292427,0.0476839999999999,4413,44.530818270130936,1,hist_gradient_boosting_lagged_player_history_v2,2026-W02 pregame,35.26434501059646,1,first_order_markov_outcome_regime_v2,2026-W02 pregame,1,prior+current,1,,0,,,,,,,,0,,,,,0,2026,2,draftkings,DraftKings,-113.0,-111.0,OVER,0.47184,0.5021058838394474,-113.0,111.9362495761275,-0.0302658838394474,0.0302658838394474,,,,,,,,,,,,0,,,,,,,,2026-09-22T14:30:15Z,35282021679,ca5a001bb817e495ca2d74b1e03ce43886493f43,37.5,OVER,00-0034351,RESOLVED_GSIS,True,4.0,stats_table,34.20684579011662,33.5,false,UNDER,LOSS,-1.0,TE
fafc649c455e32a0f2ba1bd06e2039bc,DeVonta Smith,devontasmith,PHI,TEN,rec_yards,player_reception_yds,60.5,47.3792896235012,51.359593761556326,22.52737469891157,25000,47.3792896235012,calibrated,nonnegative_oos_linear_blend_v2,0.659889,0.292427,0.0476839999999999,4413,38.355139678387005,1,hist_gradient_boosting_lagged_player_history_v2,2026-W02 pregame,47.638206212773085,1,first_order_markov_outcome_regime_v2,2026-W02 pregame,1,prior+current,1,WR1,0,,,,,,,,0,,,,,0,2026,2,draftkings,DraftKings,-114.0,-110.0,UNDER,0.7429600000000001,0.4957877000842461,-110.0,-289.04450669156563,0.2471722999157539,0.2471722999157539,,,,,,,,,,,,0,,,,,,,,2026-09-22T14:30:15Z,35282021679,ca5a001bb817e495ca2d74b1e03ce43886493f43,60.5,UNDER,00-0036912,RESOLVED_GSIS,True,117.0,stats_table,-69.6207103764988,-56.5,false,OVER,LOSS,-1.0,WR
fafc649c455e32a0f2ba1bd06e2039bc,Dontayvion Wicks,dontayvionwicks,PHI,TEN,rec_yards,player_reception_yds,30.5,22.142181890319087,17.397670376898088,17.358860542365264,25000,22.142181890319083,calibrated,nonnegative_oos_linear_blend_v2,0.659889,0.292427,0.0476839999999999,4413,28.691161752944527,1,hist_gradient_boosting_lagged_player_history_v2,2026-W02 pregame,47.638206212773085,1,first_order_markov_outcome_regime_v2,2026-W02 pregame,1,prior+current,1,,0,,,,,,,,0,,,,,0,2026,2,draftkings,DraftKings,-112.0,-112.0,UNDER,0.72692,0.5,-112.0,-266.1930569796397,0.22692,0.22692,,,,,,,,,,,,0,,,,,,,,2026-09-22T14:30:15Z,35282021679,ca5a001bb817e495ca2d74b1e03ce43886493f43,30.5,UNDER,00-0038393,RESOLVED_GSIS,True,74.0,stats_table,-51.85781810968091,-43.5,false,OVER,LOSS,-1.0,WR
fafc649c455e32a0f2ba1bd06e2039bc,Gunnar Helm,gunnarhelm,TEN,PHI,rec_yards,player_reception_yds,22.5,21.945742253280223,20.399915638296005,14.455347627897488,25000,21.945742253280223,calibrated,nonnegative_oos_linear_blend_v2,0.659889,0.292427,0.0476839999999999,4413,24.938635919530704,1,hist_gradient_boosting_lagged_player_history_v2,2026-W02 pregame,24.983890541903165,1,first_order_markov_outcome_regime_v2,2026-W02 pregame,1,prior+current,1,,0,,,,,,,,0,,,,,0,2026,2,draftkings,DraftKings,-113.0,-111.0,UNDER,0.56648,0.4978941161605525,-111.0,-130.66986528879866,0.0685858838394474,0.0685858838394474,,,,,,,,,,,,0,,,,,,,,2026-09-22T14:30:15Z,35282021679,ca5a001bb817e495ca2d74b1e03ce43886493f43,22.5,UNDER,00-0040584,RESOLVED_GSIS,True,13.0,stats_table,8.945742253280223,9.5,true,UNDER,WIN,0.9009009009009009,TE
fafc649c455e32a0f2ba1bd06e2039bc,Saquon Barkley,saquonbarkley,PHI,TEN,rec_yards,player_reception_yds,11.5,12.297761975965663,10.890327461285068,9.75168616117686,25000,12.297761975965663,calibrated,nonnegative_oos_linear_blend_v2,0.659889,0.292427,0.0476839999999999,4413,15.219788574007124,1,hist_gradient_boosting_lagged_player_history_v2,2026-W02 pregame,13.85533018485322,1,first_order_markov_outcome_regime_v2,2026-W02 pregame,1,prior+current,1,,0,,,,,,,,0,,,,,0,2026,2,draftkings,DraftKings,-110.0,-114.0,OVER,0.48204,0.495787700084246,-110.0,107.45166376234336,-0.0137477000842459,0.0137477000842459,,,,,,,,,,,,0,,,,,,,,2026-09-22T14:30:15Z,35282021679,ca5a001bb817e495ca2d74b1e03ce43886493f43,11,OVER,00-0034844,RESOLVED_GSIS,True,11.0,stats_table,1.2977619759656633,0.5,false,UNDER,LOSS,-1.0,RB
fafc649c455e32a0f2ba1bd06e2039bc,Tony Pollard,tonypollard,TEN,PHI,rec_yards,player_reception_yds,8.5,11.615747544114662,9.170875989112774,9.98774598630908,25000,11.615747544114662,calibrated,nonnegative_oos_linear_blend_v2,0.659889,0.292427,0.0476839999999999,4413,16.767637030781977,1,hist_gradient_boosting_lagged_player_history_v2,2026-W02 pregame,13.85533018485322,1,first_order_markov_outcome_regime_v2,2026-W02 pregame,1,prior+current,1,,0,,,,,,,,0,,,,,0,2026,2,draftkings,DraftKings,-109.0,-115.0,OVER,0.56028,0.4936802190857384,-109.0,-127.41744746656964,0.0665997809142616,0.0665997809142616,,,,,,,,,,,,0,,,,,,,,2026-09-22T14:30:15Z,35282021679,ca5a001bb817e495ca2d74b1e03ce43886493f43,9,OVER,00-0035261,RESOLVED_GSIS,True,1.0,stats_table,10.615747544114662,7.5,false,UNDER,LOSS,-1.0,RB
fafc649c455e32a0f2ba1bd06e2039bc,Tyjae Spears,tyjaespears,TEN,PHI,rec_yards,player_reception_yds,15.5,16.34709332381058,13.519237071075388,11.843073808665894,25000,16.34709332381058,calibrated,nonnegative_oos_linear_blend_v2,0.659889,0.292427,0.0476839999999999,4413,22.69277926727533,1,hist_gradient_boosting_lagged_player_history_v2,2026-W02 pregame,16.565643180609705,1,first_order_markov_outcome_regime_v2,2026-W02 pregame,1,prior+current,1,,0,,,,,,,,0,,,,,0,2026,2,draftkings,DraftKings,-111.0,-113.0,OVER,0.48656,0.4978941161605526,-111.0,105.52449852022362,-0.0113341161605526,0.0113341161605526,,,,,,,,,,,,0,,,,,,,,2026-09-22T14:30:15Z,35282021679,ca5a001bb817e495ca2d74b1e03ce43886493f43,16,OVER,00-0039032,RESOLVED_GSIS,True,29.0,stats_table,-12.65290667618942,-13.5,true,OVER,WIN,0.9009009009009009,RB
fafc649c455e32a0f2ba1bd06e2039bc,Wan'Dale Robinson,wandalerobinson,TEN,PHI,rec_yards,player_reception_yds,36.5,56.69080555967841,52.21692545311275,25.06932799668512,25000,56.69080555967842,calibrated,nonnegative_oos_linear_blend_v2,0.659889,0.292427,0.0476839999999999,4413,70.18162783876808,1,hist_gradient_boosting_lagged_player_history_v2,2026-W02 pregame,35.870060299930074,1,first_order_markov_outcome_regime_v2,2026-W02 pregame,1,prior+current,1,WR1,0,,,,,,,,0,,,,,0,2026,2,draftkings,DraftKings,-109.0,-115.0,OVER,0.7812,0.4936802190857384,-109.0,-357.0383912248629,0.2875197809142616,0.2875197809142616,,,,,,,,,,,,0,,,,,,,,2026-09-22T14:30:15Z,35282021679,ca5a001bb817e495ca2d74b1e03ce43886493f43,37,OVER,00-0038117,RESOLVED_GSIS,True,9.0,stats_table,47.69080555967841,27.5,false,UNDER,LOSS,-1.0,WR
17885cb8dcade8f6c3bce14b2de805e8,Chig Okonkwo,chigokonkwo,WAS,PHI,receptions,player_receptions,2.5,2.06188,2.06188,1.4243777657913603,25000,2.06188,uncalibrated_mc_only,mc_fallback_no_oos_weights,1.0,0.0,0.0,0,4.115459460720032,1,hist_gradient_boosting_lagged_player_history_v2,2026-W01 pregame,2.2700868035699497,1,first_order_markov_outcome_regime_v2,2026-W01 pregame,1,prior_only,1,,0,,,,,,,,0,,,,,0,2026,1,draftkings,DraftKings,-141.0,111.0,UNDER,0.661,0.4475311507678595,111.0,-194.9852507374632,0.2134688492321405,0.2134688492321405,chigokonkwo,False,,,False,chigokonkwo,False,,,,,0,,,,,,,,2026-09-20T15:36:11Z,35520068364,a71609590d6f2247c2cc08210b077c34ab339d30,2.5,UNDER,00-0037809,RESOLVED_GSIS,True,2.0,stats_table,0.061879999999999935,0.5,true,UNDER,WIN,1.11,TE
17885cb8dcade8f6c3bce14b2de805e8,Dallas Goedert,dallasgoedert,PHI,WAS,receptions,player_receptions,3.5,3.53008,3.53008,1.8569957272232045,25000,3.53008,uncalibrated_mc_only,mc_fallback_no_oos_weights,1.0,0.0,0.0,0,4.346038133441853,1,hist_gradient_boosting_lagged_player_history_v2,2026-W01 pregame,3.3976549397819324,1,first_order_markov_outcome_regime_v2,2026-W01 pregame,1,prior_only,1,,0,,,,,,,,0,,,,,0,2026,1,draftkings,DraftKings,-110.0,-116.0,OVER,0.47164,0.4937655860349127,-110.0,112.02612161818334,-0.0221255860349127,0.0221255860349127,dallasgoedert,False,,,False,dallasgoedert,False,,,,,0,,,,,,,,2026-09-20T15:36:11Z,35520068364,a71609590d6f2247c2cc08210b077c34ab339d30,3.5,OVER,00-0034351,RESOLVED_GSIS,True,4.0,stats_table,-0.4699200000000001,-0.5,true,OVER,WIN,0.9090909090909091,TE
17885cb8dcade8f6c3bce14b2de805e8,DeVonta Smith,devontasmith,PHI,WAS,receptions,player_receptions,5.5,4.0304,4.0304,1.9803516636467544,25000,4.0304,uncalibrated_mc_only,mc_fallback_no_oos_weights,1.0,0.0,0.0,0,3.454407892375266,1,hist_gradient_boosting_lagged_player_history_v2,2026-W01 pregame,3.6142615717552737,1,first_order_markov_outcome_regime_v2,2026-W01 pregame,1,prior_only,1,WR1,0,,,,,,,,0,,,,,0,2026,1,draftkings,DraftKings,102.0,-130.0,UNDER,0.78216,0.5330897279740154,-130.0,-359.05251560778544,0.2490702720259845,0.2490702720259845,devontasmith,False,,,False,devontasmith,False,,,,,0,,,,,,,,2026-09-20T15:36:11Z,35520068364,a71609590d6f2247c2cc08210b077c34ab339d30,5.5,UNDER,00-0036912,RESOLVED_GSIS,True,3.0,stats_table,1.0304000000000002,2.5,true,UNDER,WIN,0.7692307692307693,WR
17885cb8dcade8f6c3bce14b2de805e8,Dontayvion Wicks,dontayvionwicks,PHI,WAS,receptions,player_receptions,2.5,1.33052,1.33052,1.1578472066754577,25000,1.33052,uncalibrated_mc_only,mc_fallback_no_oos_weights,1.0,0.0,0.0,0,2.1045502200608075,1,hist_gradient_boosting_lagged_player_history_v2,2026-W01 pregame,2.0559642320116414,1,first_order_markov_outcome_regime_v2,2026-W01 pregame,1,prior_only,1,WR1_5,0,,,,,,,,0,,,,,0,2026,1,draftkings,DraftKings,-115.0,-111.0,UNDER,0.8486,0.4958445875753169,-111.0,-560.5019815059446,0.3527554124246831,0.3527554124246831,dontayvionwicks,False,,,False,dontayvionwicks,False,,,,,0,,,,,,,,2026-09-20T15:36:11Z,35520068364,a71609590d6f2247c2cc08210b077c34ab339d30,2.5,UNDER,00-0038393,RESOLVED_GSIS,True,2.0,stats_table,-0.6694800000000001,0.5,false,UNDER,WIN,0.9009009009009009,WR
17885cb8dcade8f6c3bce14b2de805e8,Makai Lemon,makailemon,PHI,WAS,receptions,player_receptions,2.5,1.38148,1.38148,1.166673671040102,25000,1.38148,uncalibrated_mc_only,mc_fallback_no_oos_weights,1.0,0.0,0.0,0,1.4547198296685635,1,hist_gradient_boosting_lagged_player_history_v2,2026-W01 pregame,,0,first_order_markov_outcome_regime_v2,2026-W01 pregame,1,position_prior_only,1,,0,,,,,,,,0,,,,,0,2026,1,draftkings,DraftKings,132.0,-168.0,UNDER,0.839,0.5925565555825834,-168.0,-521.11801242236,0.2464434444174166,0.2464434444174166,makailemon,False,,,False,makailemon,False,,,,,0,,,,,,,,2026-09-20T15:36:11Z,35520068364,a71609590d6f2247c2cc08210b077c34ab339d30,2.5,UNDER,00-0040867,RESOLVED_GSIS,True,3.0,stats_table,-1.61852,-0.5,false,OVER,LOSS,-1.0,WR
17885cb8dcade8f6c3bce14b2de805e8,Rachaad White,rachaadwhite,WAS,PHI,receptions,player_receptions,2.5,1.37304,1.37304,1.1572098875264385,25000,1.37304,uncalibrated_mc_only,mc_fallback_no_oos_weights,1.0,0.0,0.0,0,1.9105457652441065,1,hist_gradient_boosting_lagged_player_history_v2,2026-W01 pregame,2.482323579333676,1,first_order_markov_outcome_regime_v2,2026-W01 pregame,1,prior_only,1,,0,,,,,,,,0,,,,,0,2026,1,draftkings,DraftKings,128.0,-163.0,UNDER,0.8429599999999999,0.5855918315895625,-163.0,-536.7804381049411,0.2573681684104374,0.2573681684104374,rachaadwhite,False,,,False,rachaadwhite,True,RB_R26_WEEK1_RECEPTIONS_PRODUCTION_V1,1.39468,1.37304,-0.0216399999999998,0,,,,,,,,2026-09-20T15:36:11Z,35520068364,a71609590d6f2247c2cc08210b077c34ab339d30,2.5,UNDER,00-0037256,RESOLVED_GSIS,True,2.0,stats_table,-0.62696,0.5,false,UNDER,WIN,0.6134969325153374,RB
17885cb8dcade8f6c3bce14b2de805e8,Saquon Barkley,saquonbarkley,PHI,WAS,receptions,player_receptions,2.5,2.48408,2.48408,1.5628705180437203,25000,2.48408,uncalibrated_mc_only,mc_fallback_no_oos_weights,1.0,0.0,0.0,0,2.0689278871380474,1,hist_gradient_boosting_lagged_player_history_v2,2026-W01 pregame,1.8399854119191623,1,first_order_markov_outcome_regime_v2,2026-W01 pregame,1,prior_only,1,,0,,,,,,,,0,,,,,0,2026,1,draftkings,DraftKings,-102.0,-125.0,UNDER,0.54416,0.5238589211618258,-125.0,-119.37521937521936,0.0203010788381742,0.0203010788381742,saquonbarkley,False,,,False,saquonbarkley,True,RB_R26_WEEK1_RECEPTIONS_PRODUCTION_V1,1.79164,2.48408,0.6924400000000002,0,,,,,,,,2026-09-20T15:36:11Z,35520068364,a71609590d6f2247c2cc08210b077c34ab339d30,2.5,UNDER,00-0034844,RESOLVED_GSIS,True,1.0,stats_table,1.48408,1.5,true,UNDER,WIN,0.8,RB
17885cb8dcade8f6c3bce14b2de805e8,Stefon Diggs,stefondiggs,WAS,PHI,receptions,player_receptions,3.5,2.38916,2.38916,1.5196469548795533,25000,2.38916,uncalibrated_mc_only,mc_fallback_no_oos_weights,1.0,0.0,0.0,0,4.465239691367628,1,hist_gradient_boosting_lagged_player_history_v2,2026-W01 pregame,3.6142615717552737,1,first_order_markov_outcome_regime_v2,2026-W01 pregame,1,prior_only,1,WR1_5,0,,,,,,,,0,,,,,0,2026,1,draftkings,DraftKings,-144.0,113.0,UNDER,0.78268,0.4430563625798953,113.0,-360.1509295048777,0.3396236374201047,0.3396236374201047,stefondiggs,False,,,False,stefondiggs,False,,,,,0,,,,,,,,2026-09-20T15:36:11Z,35520068364,a71609590d6f2247c2cc08210b077c34ab339d30,3.5,UNDER,00-0031588,RESOLVED_GSIS,True,4.0,stats_table,-1.61084,-0.5,false,OVER,LOSS,-1.0,WR
17885cb8dcade8f6c3bce14b2de805e8,Terry McLaurin,terrymclaurin,WAS,PHI,receptions,player_receptions,3.5,3.40048,3.40048,1.827913953220122,25000,3.40048,uncalibrated_mc_only,mc_fallback_no_oos_weights,1.0,0.0,0.0,0,4.139451537421335,1,hist_gradient_boosting_lagged_player_history_v2,2026-W01 pregame,3.6142615717552737,1,first_order_markov_outcome_regime_v2,2026-W01 pregame,1,prior_only,1,WR1,0,,,,,,,,0,,,,,0,2026,1,draftkings,DraftKings,-155.0,122.0,UNDER,0.5558799999999999,0.4256384576865297,122.0,-125.16436999009274,0.1302415423134701,0.1302415423134701,terrymclaurin,False,,,False,terrymclaurin,False,,,,,0,,,,,,,,2026-09-20T15:36:11Z,35520068364,a71609590d6f2247c2cc08210b077c34ab339d30,3.5,UNDER,00-0035659,RESOLVED_GSIS,True,2.0,stats_table,1.40048,1.5,true,UNDER,WIN,1.22,WR
1edfa5ceaa1ad2cb57df1c1b908731f6,Charlie Kolar,charliekolar,LAC,ARI,receptions,player_receptions,1.5,1.36596,1.36596,1.1661250671805714,25000,1.36596,uncalibrated_mc_only,mc_fallback_no_oos_weights,1.0,0.0,0.0,0,1.4562788320654745,1,hist_gradient_boosting_lagged_player_history_v2,2026-W01 pregame,1.9717362162783365,1,first_order_markov_outcome_regime_v2,2026-W01 pregame,1,prior_only,1,,0,,,,,,,,0,,,,,0,2026,1,draftkings,DraftKings,-169.0,132.0,UNDER,0.6046,0.406909905003933,132.0,-152.90844714213455,0.197690094996067,0.197690094996067,charliekolar,False,,,False,charliekolar,False,,,,,0,,,,,,,,2026-09-20T15:36:11Z,35520068364,a71609590d6f2247c2cc08210b077c34ab339d30,1.5,UNDER,00-0038046,RESOLVED_GSIS,True,0.0,stats_table,1.36596,1.5,true,UNDER,WIN,1.32,TE
1edfa5ceaa1ad2cb57df1c1b908731f6,Jeremiyah Love,jeremiyahlove,ARI,LAC,receptions,player_receptions,2.5,0.63312,0.63312,0.7949744303899333,25000,0.63312,uncalibrated_mc_only,mc_fallback_no_oos_weights,1.0,0.0,0.0,0,1.4608249195491787,1,hist_gradient_boosting_lagged_player_history_v2,2026-W01 pregame,,0,first_order_markov_outcome_regime_v2,2026-W01 pregame,1,position_prior_only,1,,0,,,,,,,,0,,,,,0,2026,1,draftkings,DraftKings,119.0,-152.0,UNDER,0.97436,0.5691423881821911,-152.0,-3800.1560062402505,0.4052176118178089,0.4052176118178089,jeremiyahlove,False,,,False,jeremiyahlove,True,RB_R26_WEEK1_RECEPTIONS_PRODUCTION_V1,1.13376,0.63312,-0.5006400000000001,0,,,,,,,,2026-09-20T15:36:11Z,35520068364,a71609590d6f2247c2cc08210b077c34ab339d30,2.5,UNDER,00-0041027,RESOLVED_GSIS,True,2.0,stats_table,-1.36688,0.5,false,UNDER,WIN,0.6578947368421053,RB
1edfa5ceaa1ad2cb57df1c1b908731f6,Kendrick Bourne,kendrickbourne,ARI,LAC,receptions,player_receptions,2.5,1.56712,1.56712,1.244394168370236,25000,1.56712,uncalibrated_mc_only,mc_fallback_no_oos_weights,1.0,0.0,0.0,0,1.506693132175286,1,hist_gradient_boosting_lagged_player_history_v2,2026-W01 pregame,2.0559642320116414,1,first_order_markov_outcome_regime_v2,2026-W01 pregame,1,prior_only,1,,0,,,,,,,,0,,,,,0,2026,1,draftkings,DraftKings,148.0,-190.0,UNDER,0.79204,0.6190225959012086,-190.0,-380.8617041738795,0.1730174040987914,0.1730174040987914,kendrickbourne,False,,,False,kendrickbourne,False,,,,,0,,,,,,,,2026-09-20T15:36:11Z,35520068364,a71609590d6f2247c2cc08210b077c34ab339d30,2.5,UNDER,00-0033307,RESOLVED_GSIS,True,8.0,stats_table,-6.43288,-5.5,false,OVER,LOSS,-1.0,WR
1edfa5ceaa1ad2cb57df1c1b908731f6,Ladd McConkey,laddmcconkey,LAC,ARI,receptions,player_receptions,4.5,3.2978,3.2978,1.7912575203303869,25000,3.2978,uncalibrated_mc_only,mc_fallback_no_oos_weights,1.0,0.0,0.0,0,2.8505423587311145,1,hist_gradient_boosting_lagged_player_history_v2,2026-W01 pregame,2.0559642320116414,1,first_order_markov_outcome_regime_v2,2026-W01 pregame,1,prior_only,1,WR1,0,,,,,,,,0,,,,,0,2026,1,draftkings,DraftKings,-135.0,106.0,UNDER,0.764,0.4580003897875657,106.0,-323.7288135593221,0.3059996102124342,0.3059996102124342,laddmcconkey,False,,,False,laddmcconkey,False,,,,,0,,,,,,,,2026-09-20T15:36:11Z,35520068364,a71609590d6f2247c2cc08210b077c34ab339d30,4.5,UNDER,00-0039915,RESOLVED_GSIS,True,5.0,stats_table,-1.7022,-0.5,false,OVER,LOSS,-1.0,WR
1edfa5ceaa1ad2cb57df1c1b908731f6,Marvin Harrison Jr.,marvinharrisonjr,ARI,LAC,receptions,player_receptions,3.5,1.5796,1.5796,1.252152768420139,25000,1.5796,uncalibrated_mc_only,mc_fallback_no_oos_weights,1.0,0.0,0.0,0,,0,,,,0,,,0,,0,,0,,,,,,,,0,,,,,0,2026,1,draftkings,DraftKings,-137.0,107.0,UNDER,0.9242,0.4552526940586642,107.0,-1219.261213720317,0.4689473059413358,0.4689473059413358,marvinharrison,False,,,False,marvinharrison,False,,,,,0,,,,,,,,2026-09-20T15:36:11Z,35520068364,a71609590d6f2247c2cc08210b077c34ab339d30,3.5,UNDER,00-0039849,RESOLVED_GSIS,True,1.0,stats_table,0.5795999999999999,2.5,true,UNDER,WIN,1.07,WR
1edfa5ceaa1ad2cb57df1c1b908731f6,Michael Wilson,michaelwilson,ARI,LAC,receptions,player_receptions,3.5,2.97884,2.97884,1.703721914261375,25000,2.97884,uncalibrated_mc_only,mc_fallback_no_oos_weights,1.0,0.0,0.0,0,4.872867019660541,1,hist_gradient_boosting_lagged_player_history_v2,2026-W01 pregame,3.6142615717552737,1,first_order_markov_outcome_regime_v2,2026-W01 pregame,1,prior_only,1,WR1,0,,,,,,,,0,,,,,0,2026,1,draftkings,DraftKings,-126.0,-102.0,UNDER,0.65176,0.475259772389906,-102.0,-187.15828164484265,0.1765002276100939,0.1765002276100939,michaelwilson,False,,,False,michaelwilson,False,,,,,0,,,,,,,,2026-09-20T15:36:11Z,35520068364,a71609590d6f2247c2cc08210b077c34ab339d30,3.5,UNDER,00-0038559,RESOLVED_GSIS,True,5.0,stats_table,-2.02116,-1.5,false,OVER,LOSS,-1.0,WR
1edfa5ceaa1ad2cb57df1c1b908731f6,Omarion Hampton,omarionhampton,LAC,ARI,receptions,player_receptions,2.5,3.23708,3.23708,1.789514226835518,25000,3.23708,uncalibrated_mc_only,mc_fallback_no_oos_weights,1.0,0.0,0.0,0,2.6780192946710515,1,hist_gradient_boosting_lagged_player_history_v2,2026-W01 pregame,2.482323579333676,1,first_order_markov_outcome_regime_v2,2026-W01 pregame,1,prior_only,1,,0,,,,,,,,0,,,,,0,2026,1,draftkings,DraftKings,116.0,-148.0,OVER,0.63144,0.4368658399098084,116.0,-171.32624267419143,0.1945741600901916,0.1945741600901916,omarionhampton,False,,,False,omarionhampton,True,RB_R26_WEEK1_RECEPTIONS_PRODUCTION_V1,2.1312,3.23708,1.10588,0,,,,,,,,2026-09-20T15:36:11Z,35520068364,a71609590d6f2247c2cc08210b077c34ab339d30,2.5,OVER,00-0040666,RESOLVED_GSIS,True,0.0,stats_table,3.23708,2.5,false,UNDER,LOSS,-1.0,RB
1edfa5ceaa1ad2cb57df1c1b908731f6,Quentin Johnston,quentinjohnston,LAC,ARI,receptions,player_receptions,3.5,2.2634,2.2634,1.4907009517583003,25000,2.2634,uncalibrated_mc_only,mc_fallback_no_oos_weights,1.0,0.0,0.0,0,3.0397839247749525,1,hist_gradient_boosting_lagged_player_history_v2,2026-W01 pregame,3.6142615717552737,1,first_order_markov_outcome_regime_v2,2026-W01 pregame,1,prior_only,1,WR1_5,0,,,,,,,,0,,,,,0,2026,1,draftkings,DraftKings,-106.0,-120.0,UNDER,0.80916,0.5145711906744379,-120.0,-423.9991616013414,0.2945888093255621,0.2945888093255621,quentinjohnston,False,,,False,quentinjohnston,False,,,,,0,,,,,,,,2026-09-20T15:36:11Z,35520068364,a71609590d6f2247c2cc08210b077c34ab339d30,3.5,UNDER,00-0038544,RESOLVED_GSIS,True,2.0,stats_table,0.26339999999999986,1.5,true,UNDER,WIN,0.8333333333333334,WR
1edfa5ceaa1ad2cb57df1c1b908731f6,Tre Harris,treharris,LAC,ARI,receptions,player_receptions,2.5,1.72076,1.72076,1.302448800266288,25000,1.72076,uncalibrated_mc_only,mc_fallback_no_oos_weights,1.0,0.0,0.0,0,2.452621631393624,1,hist_gradient_boosting_lagged_player_history_v2,2026-W01 pregame,2.626403303976744,1,first_order_markov_outcome_regime_v2,2026-W01 pregame,1,prior_only,1,,0,,,,,,,,0,,,,,0,2026,1,draftkings,DraftKings,103.0,-132.0,UNDER,0.75528,0.5359628770301623,-132.0,-308.6302713305001,0.2193171229698376,0.2193171229698376,treharris,False,,,False,treharris,False,,,,,0,,,,,,,,2026-09-20T15:36:11Z,35520068364,a71609590d6f2247c2cc08210b077c34ab339d30,2.5,UNDER,00-0040727,RESOLVED_GSIS,True,3.0,stats_table,-1.27924,-0.5,false,OVER,LOSS,-1.0,WR
1edfa5ceaa1ad2cb57df1c1b908731f6,Trey McBride,treymcbride,ARI,LAC,receptions,player_receptions,6.5,3.71044,3.71044,1.8961695137178507,25000,3.71044,uncalibrated_mc_only,mc_fallback_no_oos_weights,1.0,0.0,0.0,0,6.97083438514999,1,hist_gradient_boosting_lagged_player_history_v2,2026-W01 pregame,3.3976549397819324,1,first_order_markov_outcome_regime_v2,2026-W01 pregame,1,prior_only,1,,0,,,,,,,,0,,,,,0,2026,1,draftkings,DraftKings,115.0,-147.0,UNDER,0.92064,0.5613178225734836,-147.0,-1160.0806451612907,0.3593221774265164,0.3593221774265164,treymcbride,False,,,False,treymcbride,False,,,,,0,,,,,,,,2026-09-20T15:36:11Z,35520068364,a71609590d6f2247c2cc08210b077c34ab339d30,6.5,UNDER,00-0037744,RESOLVED_GSIS,True,9.0,stats_table,-5.28956,-2.5,false,OVER,LOSS,-1.0,TE
3e646c7479c57f5d9752d8c7dfe7059b,Cam Skattebo,camskattebo,NYG,DAL,receptions,player_receptions,2.5,3.46388,3.46388,1.828296762662477,25000,3.46388,uncalibrated_mc_only,mc_fallback_no_oos_weights,1.0,0.0,0.0,0,2.665846257612688,1,hist_gradient_boosting_lagged_player_history_v2,2026-W01 pregame,1.8399854119191623,1,first_order_markov_outcome_regime_v2,2026-W01 pregame,1,prior_only,1,,0,,,,,,,,0,,,,,0,2026,1,draftkings,DraftKings,110.0,-141.0,OVER,0.67688,0.448706013777695,110.0,-209.4825451844516,0.228173986222305,0.228173986222305,camskattebo,False,,,False,camskattebo,True,RB_R26_WEEK1_RECEPTIONS_PRODUCTION_V1,2.06448,3.46388,1.3994,0,,,,,,,,2026-09-20T15:36:11Z,35520068364,a71609590d6f2247c2cc08210b077c34ab339d30,2.5,OVER,00-0040715,RESOLVED_GSIS,True,0.0,stats_table,3.46388,2.5,false,UNDER,LOSS,-1.0,RB
3e646c7479c57f5d9752d8c7dfe7059b,CeeDee Lamb,ceedeelamb,DAL,NYG,receptions,player_receptions,5.5,4.28716,4.28716,2.024584671512576,25000,4.28716,uncalibrated_mc_only,mc_fallback_no_oos_weights,1.0,0.0,0.0,0,4.270365020080923,1,hist_gradient_boosting_lagged_player_history_v2,2026-W01 pregame,2.0559642320116414,1,first_order_markov_outcome_regime_v2,2026-W01 pregame,1,prior_only,1,WR1,0,,,,,,,,0,,,,,0,2026,1,draftkings,DraftKings,-153.0,120.0,UNDER,0.74336,0.4291044776119402,120.0,-289.65087281795513,0.3142555223880597,0.3142555223880597,ceedeelamb,False,,,False,ceedeelamb,False,,,,,0,,,,,,,,2026-09-20T15:36:11Z,35520068364,a71609590d6f2247c2cc08210b077c34ab339d30,6,UNDER,00-0036358,RESOLVED_GSIS,True,5.0,stats_table,-0.7128399999999999,0.5,false,UNDER,WIN,1.2,WR
3e646c7479c57f5d9752d8c7dfe7059b,Darnell Mooney,darnellmooney,NYG,DAL,receptions,player_receptions,1.5,1.90868,1.90868,1.3598877267573142,25000,1.90868,uncalibrated_mc_only,mc_fallback_no_oos_weights,1.0,0.0,0.0,0,2.89766995843038,1,hist_gradient_boosting_lagged_player_history_v2,2026-W01 pregame,3.6142615717552737,1,first_order_markov_outcome_regime_v2,2026-W01 pregame,1,prior_only,1,WR1_5,0,,,,,,,,0,,,,,0,2026,1,draftkings,DraftKings,100.0,-128.0,OVER,0.57568,0.4710743801652893,100.0,-135.67119155354447,0.1046056198347106,0.1046056198347106,darnellmooney,False,,,False,darnellmooney,False,,,,,0,,,,,,,,2026-09-20T15:36:11Z,35520068364,a71609590d6f2247c2cc08210b077c34ab339d30,1.5,OVER,00-0036309,RESOLVED_GSIS,True,2.0,stats_table,-0.09132000000000007,-0.5,true,OVER,WIN,1,WR
3e646c7479c57f5d9752d8c7dfe7059b,George Pickens,georgepickens,DAL,NYG,receptions,player_receptions,4.5,2.59128,2.59128,1.590524804071315,25000,2.59128,uncalibrated_mc_only,mc_fallback_no_oos_weights,1.0,0.0,0.0,0,4.431245522661006,1,hist_gradient_boosting_lagged_player_history_v2,2026-W01 pregame,2.0559642320116414,1,first_order_markov_outcome_regime_v2,2026-W01 pregame,1,prior_only,1,WR1_5,0,,,,,,,,0,,,,,0,2026,1,draftkings,DraftKings,-155.0,122.0,UNDER,0.881,0.4256384576865297,122.0,-740.3361344537815,0.4553615423134702,0.4553615423134702,georgepickens,False,,,False,georgepickens,False,,,,,0,,,,,,,,2026-09-20T15:36:11Z,35520068364,a71609590d6f2247c2cc08210b077c34ab339d30,4.5,UNDER,00-0037247,RESOLVED_GSIS,True,3.0,stats_table,-0.4087200000000002,1.5,true,UNDER,WIN,1.22,WR
3e646c7479c57f5d9752d8c7dfe7059b,Isaiah Likely,isaiahlikely,NYG,DAL,receptions,player_receptions,3.5,2.40596,2.40596,1.5439338806027632,25000,2.40596,uncalibrated_mc_only,mc_fallback_no_oos_weights,1.0,0.0,0.0,0,3.066376244400555,1,hist_gradient_boosting_lagged_player_history_v2,2026-W01 pregame,2.2700868035699497,1,first_order_markov_outcome_regime_v2,2026-W01 pregame,1,prior_only,1,,0,,,,,,,,0,,,,,0,2026,1,draftkings,DraftKings,111.0,-142.0,UNDER,0.78032,0.5531922750267715,-142.0,-355.2075746540423,0.2271277249732285,0.2271277249732285,isaiahlikely,False,,,False,isaiahlikely,False,,,,,0,,,,,,,,2026-09-20T15:36:11Z,35520068364,a71609590d6f2247c2cc08210b077c34ab339d30,3.5,UNDER,00-0037838,RESOLVED_GSIS,True,8.0,stats_table,-5.59404,-4.5,false,OVER,LOSS,-1.0,TE
3e646c7479c57f5d9752d8c7dfe7059b,Jake Ferguson,jakeferguson,DAL,NYG,receptions,player_receptions,3.5,3.45676,3.45676,1.821741763291956,25000,3.45676,uncalibrated_mc_only,mc_fallback_no_oos_weights,1.0,0.0,0.0,0,2.0248493260377862,1,hist_gradient_boosting_lagged_player_history_v2,2026-W01 pregame,1.9717362162783365,1,first_order_markov_outcome_regime_v2,2026-W01 pregame,1,prior_only,1,,0,,,,,,,,0,,,,,0,2026,1,draftkings,DraftKings,-112.0,-114.0,UNDER,0.54396,0.5020774472328403,-114.0,-119.27901061310412,0.0418825527671596,0.0418825527671596,jakeferguson,False,,,False,jakeferguson,False,,,,,0,,,,,,,,2026-09-20T15:36:11Z,35520068364,a71609590d6f2247c2cc08210b077c34ab339d30,3.5,UNDER,00-0038041,RESOLVED_GSIS,True,2.0,stats_table,1.45676,1.5,true,UNDER,WIN,0.8771929824561403,TE
3e646c7479c57f5d9752d8c7dfe7059b,Javonte Williams,javontewilliams,DAL,NYG,receptions,player_receptions,2.5,2.6898,2.6898,1.6183450564168522,25000,2.6898,uncalibrated_mc_only,mc_fallback_no_oos_weights,1.0,0.0,0.0,0,1.572774855439872,1,hist_gradient_boosting_lagged_player_history_v2,2026-W01 pregame,1.8399854119191623,1,first_order_markov_outcome_regime_v2,2026-W01 pregame,1,prior_only,1,,0,,,,,,,,0,,,,,0,2026,1,draftkings,DraftKings,120.0,-153.0,OVER,0.50408,0.4291044776119403,120.0,-101.64542668172284,0.0749755223880596,0.0749755223880596,javontewilliams,False,,,False,javontewilliams,True,RB_R26_WEEK1_RECEPTIONS_PRODUCTION_V1,1.50236,2.6898,1.18744,0,,,,,,,,2026-09-20T15:36:11Z,35520068364,a71609590d6f2247c2cc08210b077c34ab339d30,2.5,OVER,00-0036997,RESOLVED_GSIS,True,5.0,stats_table,-2.3102,-2.5,true,OVER,WIN,1.2,RB
3e646c7479c57f5d9752d8c7dfe7059b,KaVontae Turpin,kavontaeturpin,DAL,NYG,receptions,player_receptions,0.5,1.05804,1.05804,1.028121412939926,25000,1.05804,uncalibrated_mc_only,mc_fallback_no_oos_weights,1.0,0.0,0.0,0,1.6841016530459616,1,hist_gradient_boosting_lagged_player_history_v2,2026-W01 pregame,2.0559642320116414,1,first_order_markov_outcome_regime_v2,2026-W01 pregame,1,prior_only,1,,0,,,,,,,,0,,,,,0,2026,1,draftkings,DraftKings,-241.0,186.0,OVER,0.65272,0.6690155882980996,-241.0,-187.9520847730937,-0.0162955882980996,0.0162955882980996,kavontaeturpin,False,,,False,kavontaeturpin,False,,,,,0,,,,,,,,2026-09-20T15:36:11Z,35520068364,a71609590d6f2247c2cc08210b077c34ab339d30,1,OVER,00-0037801,RESOLVED_GSIS,True,1.0,stats_table,0.05804000000000009,-0.5,true,OVER,WIN,0.4149377593360996,WR
3e646c7479c57f5d9752d8c7dfe7059b,Malachi Fields,malachifields,NYG,DAL,receptions,player_receptions,2.5,1.68784,1.68784,1.2912562983827511,25000,1.68784,uncalibrated_mc_only,mc_fallback_no_oos_weights,1.0,0.0,0.0,0,1.4547198296685635,1,hist_gradient_boosting_lagged_player_history_v2,2026-W01 pregame,,0,first_order_markov_outcome_regime_v2,2026-W01 pregame,1,position_prior_only,1,,0,,,,,,,,0,,,,,0,2026,1,fanduel,FanDuel,134.0,-180.0,UNDER,0.7626,0.6006845407872219,-180.0,-321.22999157540005,0.161915459212778,0.161915459212778,malachifields,False,,,False,malachifields,False,,,,,0,,,,,,,,2026-09-20T15:36:11Z,35520068364,a71609590d6f2247c2cc08210b077c34ab339d30,2,UNDER,00-0041042,RESOLVED_GSIS,True,2.0,stats_table,-0.31216,0.5,true,UNDER,WIN,0.5555555555555556,WR
3e646c7479c57f5d9752d8c7dfe7059b,Malik Nabers,maliknabers,NYG,DAL,receptions,player_receptions,5.5,3.6398,3.6398,1.8804567010958235,25000,3.6398,uncalibrated_mc_only,mc_fallback_no_oos_weights,1.0,0.0,0.0,0,4.615599085390882,1,hist_gradient_boosting_lagged_player_history_v2,2026-W01 pregame,2.626403303976744,1,first_order_markov_outcome_regime_v2,2026-W01 pregame,1,prior_only,1,WR1,0,,,,,,,,0,,,,,0,2026,1,draftkings,DraftKings,121.0,-154.0,UNDER,0.84028,0.5726351919776559,-154.0,-526.0956674179816,0.2676448080223441,0.2676448080223441,maliknabers,False,,,False,maliknabers,False,,,,,0,,,,,,,,2026-09-20T15:36:11Z,35520068364,a71609590d6f2247c2cc08210b077c34ab339d30,5.5,UNDER,00-0039337,RESOLVED_GSIS,True,6.0,stats_table,-2.3602,-0.5,false,OVER,LOSS,-1.0,WR
3e646c7479c57f5d9752d8c7dfe7059b,Odell Beckham Jr.,odellbeckhamjr,NYG,DAL,receptions,player_receptions,1.5,1.5364,1.5364,1.229412663925311,25000,1.5364,uncalibrated_mc_only,mc_fallback_no_oos_weights,1.0,0.0,0.0,0,,0,,,,0,,,0,,0,,0,,,,,,,,0,,,,,0,2026,1,draftkings,DraftKings,111.0,-142.0,OVER,0.45916,0.4468077249732284,111.0,117.78900601097656,0.0123522750267715,0.0123522750267715,odellbeckham,False,,,False,odellbeckham,False,,,,,0,,,,,,,,2026-09-20T15:36:11Z,35520068364,a71609590d6f2247c2cc08210b077c34ab339d30,1.5,OVER,00-0031235,RESOLVED_GSIS,True,0.0,roster_confirmed_verified_zero,1.5364,1.5,false,UNDER,LOSS,-1.0,WR
3e646c7479c57f5d9752d8c7dfe7059b,Ryan Flournoy,ryanflournoy,DAL,NYG,receptions,player_receptions,2.5,2.52496,2.52496,1.5732628530033324,25000,2.52496,uncalibrated_mc_only,mc_fallback_no_oos_weights,1.0,0.0,0.0,0,3.920001473619792,1,hist_gradient_boosting_lagged_player_history_v2,2026-W01 pregame,3.6142615717552737,1,first_order_markov_outcome_regime_v2,2026-W01 pregame,1,prior_only,1,,0,,,,,,,,0,,,,,0,2026,1,draftkings,DraftKings,134.0,-172.0,OVER,0.46352,0.4032736330209939,134.0,115.74042112530206,0.060246366979006,0.060246366979006,ryanflournoy,False,,,False,ryanflournoy,False,,,,,0,,,,,,,,2026-09-20T15:36:11Z,35520068364,a71609590d6f2247c2cc08210b077c34ab339d30,2.5,OVER,00-0039410,RESOLVED_GSIS,True,2.0,stats_table,0.5249600000000001,0.5,false,UNDER,LOSS,-1.0,WR
3e646c7479c57f5d9752d8c7dfe7059b,Theo Johnson,theojohnson,NYG,DAL,receptions,player_receptions,1.5,2.92172,2.92172,1.682315502222446,25000,2.92172,uncalibrated_mc_only,mc_fallback_no_oos_weights,1.0,0.0,0.0,0,3.431976698393758,1,hist_gradient_boosting_lagged_player_history_v2,2026-W01 pregame,1.9717362162783365,1,first_order_markov_outcome_regime_v2,2026-W01 pregame,1,prior_only,1,,0,,,,,,,,0,,,,,0,2026,1,draftkings,DraftKings,-119.0,-107.0,OVER,0.79656,0.512482836100362,-119.0,-391.54541879669694,0.284077163899638,0.284077163899638,theojohnson,False,,,False,theojohnson,False,,,,,0,,,,,,,,2026-09-20T15:36:11Z,35520068364,a71609590d6f2247c2cc08210b077c34ab339d30,1.5,OVER,00-0039847,RESOLVED_GSIS,True,1.0,stats_table,1.92172,0.5,false,UNDER,LOSS,-1.0,TE
5ad8135dc2b5f27de0b777acd317855a,Adam Trautman,adamtrautman,DEN,KC,receptions,player_receptions,1.5,1.82048,1.82048,1.3391057828909227,25000,1.82048,uncalibrated_mc_only,mc_fallback_no_oos_weights,1.0,0.0,0.0,0,1.7590875410508129,1,hist_gradient_boosting_lagged_player_history_v2,2026-W01 pregame,2.2700868035699497,1,first_order_markov_outcome_regime_v2,2026-W01 pregame,1,prior_only,1,,0,,,,,,,,0,,,,,0,2026,1,draftkings,DraftKings,176.0,-228.0,OVER,0.5472,0.3426374728397125,176.0,-120.84805653710248,0.2045625271602875,0.2045625271602875,adamtrautman,False,,,False,adamtrautman,False,,,,,0,,,,,,,,2026-09-20T15:36:11Z,35520068364,a71609590d6f2247c2cc08210b077c34ab339d30,1.5,OVER,00-0036422,RESOLVED_GSIS,True,2.0,stats_table,-0.1795199999999999,-0.5,true,OVER,WIN,1.76,TE
5ad8135dc2b5f27de0b777acd317855a,Courtland Sutton,courtlandsutton,DEN,KC,receptions,player_receptions,4.5,2.8124,2.8124,1.6414974933154247,25000,2.8124,uncalibrated_mc_only,mc_fallback_no_oos_weights,1.0,0.0,0.0,0,3.6057926895467833,1,hist_gradient_boosting_lagged_player_history_v2,2026-W01 pregame,2.0559642320116414,1,first_order_markov_outcome_regime_v2,2026-W01 pregame,1,prior_only,1,WR1_5,0,,,,,,,,0,,,,,0,2026,1,draftkings,DraftKings,123.0,-157.0,UNDER,0.85184,0.5766829734315033,-157.0,-574.9460043196545,0.2751570265684967,0.2751570265684967,courtlandsutton,False,,,False,courtlandsutton,False,,,,,0,,,,,,,,2026-09-20T15:36:11Z,35520068364,a71609590d6f2247c2cc08210b077c34ab339d30,4.5,UNDER,00-0034348,RESOLVED_GSIS,True,2.0,stats_table,0.8123999999999998,2.5,true,UNDER,WIN,0.6369426751592356,WR
5ad8135dc2b5f27de0b777acd317855a,Evan Engram,evanengram,DEN,KC,receptions,player_receptions,2.5,2.14976,2.14976,1.4574144587852105,25000,2.14976,uncalibrated_mc_only,mc_fallback_no_oos_weights,1.0,0.0,0.0,0,2.3888042093766506,1,hist_gradient_boosting_lagged_player_history_v2,2026-W01 pregame,3.3976549397819324,1,first_order_markov_outcome_regime_v2,2026-W01 pregame,1,prior_only,1,,0,,,,,,,,0,,,,,0,2026,1,draftkings,DraftKings,-142.0,111.0,UNDER,0.6392,0.4468077249732284,111.0,-177.16186252771618,0.1923922750267716,0.1923922750267716,evanengram,False,,,False,evanengram,False,,,,,0,,,,,,,,2026-09-20T15:36:11Z,35520068364,a71609590d6f2247c2cc08210b077c34ab339d30,2.5,UNDER,00-0033881,RESOLVED_GSIS,True,4.0,stats_table,-1.8502399999999999,-1.5,false,OVER,LOSS,-1.0,TE
5ad8135dc2b5f27de0b777acd317855a,Jaylen Waddle,jaylenwaddle,DEN,KC,receptions,player_receptions,4.5,3.80188,3.80188,1.9224505970900605,25000,3.80188,uncalibrated_mc_only,mc_fallback_no_oos_weights,1.0,0.0,0.0,0,3.009278486347553,1,hist_gradient_boosting_lagged_player_history_v2,2026-W01 pregame,2.0559642320116414,1,first_order_markov_outcome_regime_v2,2026-W01 pregame,1,prior_only,1,WR1,0,,,,,,,,0,,,,,0,2026,1,draftkings,DraftKings,-116.0,-110.0,UNDER,0.6690400000000001,0.4937655860349127,-110.0,-202.15131737974383,0.1752744139650873,0.1752744139650873,jaylenwaddle,False,,,False,jaylenwaddle,False,,,,,0,,,,,,,,2026-09-20T15:36:11Z,35520068364,a71609590d6f2247c2cc08210b077c34ab339d30,4.5,UNDER,00-0036613,RESOLVED_GSIS,True,1.0,stats_table,2.80188,3.5,true,UNDER,WIN,0.9090909090909091,WR
5ad8135dc2b5f27de0b777acd317855a,Kenneth Walker III,kennethwalkeriii,KC,DEN,receptions,player_receptions,3.5,1.1268,1.1268,1.0483347367271625,25000,1.1268,uncalibrated_mc_only,mc_fallback_no_oos_weights,1.0,0.0,0.0,0,,0,,,,0,,,0,,0,,0,,,,,,,,0,,,,,0,2026,1,draftkings,DraftKings,115.0,-147.0,UNDER,0.97388,0.5613178225734836,-147.0,-3728.4839203675297,0.4125621774265163,0.4125621774265163,kennethwalker,False,,,False,kennethwalker,True,RB_R26_WEEK1_RECEPTIONS_PRODUCTION_V1,1.41952,1.1268,-0.2927199999999998,0,,,,,,,,2026-09-20T15:36:11Z,35520068364,a71609590d6f2247c2cc08210b077c34ab339d30,3.5,UNDER,00-0038134,RESOLVED_GSIS,True,3.0,stats_table,-1.8732,0.5,false,UNDER,WIN,0.6802721088435374,RB
5ad8135dc2b5f27de0b777acd317855a,Noah Gray,noahgray,KC,DEN,receptions,player_receptions,1.5,1.3762,1.3762,1.1590717397520809,25000,1.3762,uncalibrated_mc_only,mc_fallback_no_oos_weights,1.0,0.0,0.0,0,2.666255162057804,1,hist_gradient_boosting_lagged_player_history_v2,2026-W01 pregame,3.3976549397819324,1,first_order_markov_outcome_regime_v2,2026-W01 pregame,1,prior_only,1,,0,,,,,,,,0,,,,,0,2026,1,draftkings,DraftKings,154.0,-198.0,UNDER,0.6006,0.6279278829346251,-198.0,-150.37556334501755,-0.027327882934625,0.027327882934625,noahgray,False,,,False,noahgray,False,,,,,0,,,,,,,,2026-09-20T15:36:11Z,35520068364,a71609590d6f2247c2cc08210b077c34ab339d30,1.5,UNDER,00-0036637,RESOLVED_GSIS,True,1.0,stats_table,0.3762000000000001,0.5,true,UNDER,WIN,0.5050505050505051,TE
5ad8135dc2b5f27de0b777acd317855a,Pat Bryant,patbryant,DEN,KC,receptions,player_receptions,2.5,1.66412,1.66412,1.2804726510193023,25000,1.66412,uncalibrated_mc_only,mc_fallback_no_oos_weights,1.0,0.0,0.0,0,3.6678941066705057,1,hist_gradient_boosting_lagged_player_history_v2,2026-W01 pregame,3.6142615717552737,1,first_order_markov_outcome_regime_v2,2026-W01 pregame,1,prior_only,1,,0,,,,,,,,0,,,,,0,2026,1,draftkings,DraftKings,119.0,-152.0,UNDER,0.76668,0.5691423881821911,-152.0,-328.5959197668439,0.1975376118178089,0.1975376118178089,patbryant,False,,,False,patbryant,False,,,,,0,,,,,,,,2026-09-20T15:36:11Z,35520068364,a71609590d6f2247c2cc08210b077c34ab339d30,2.5,UNDER,00-0040134,RESOLVED_GSIS,True,4.0,stats_table,-2.33588,-1.5,false,OVER,LOSS,-1.0,WR
5ad8135dc2b5f27de0b777acd317855a,RJ Harvey,rjharvey,DEN,KC,receptions,player_receptions,2.5,2.59136,2.59136,1.598147525549671,25000,2.59136,uncalibrated_mc_only,mc_fallback_no_oos_weights,1.0,0.0,0.0,0,3.1055773082186504,1,hist_gradient_boosting_lagged_player_history_v2,2026-W01 pregame,1.8399854119191623,1,first_order_markov_outcome_regime_v2,2026-W01 pregame,1,prior_only,1,,0,,,,,,,,0,,,,,0,2026,1,draftkings,DraftKings,-102.0,-125.0,OVER,0.48244,0.4761410788381742,-102.0,107.27966171959208,0.0062989211618257,0.0062989211618257,rjharvey,False,,,False,rjharvey,True,RB_R26_WEEK1_RECEPTIONS_PRODUCTION_V1,1.73132,2.59136,0.8600399999999999,0,,,,,,,,2026-09-20T15:36:11Z,35520068364,a71609590d6f2247c2cc08210b077c34ab339d30,2.5,OVER,00-0040730,RESOLVED_GSIS,True,4.0,stats_table,-1.4086400000000001,-1.5,true,OVER,WIN,0.9803921568627451,RB
5ad8135dc2b5f27de0b777acd317855a,Rashee Rice,rasheerice,KC,DEN,receptions,player_receptions,5.5,4.2492,4.2492,2.0353439672454874,25000,4.2492,uncalibrated_mc_only,mc_fallback_no_oos_weights,1.0,0.0,0.0,0,6.255101512593399,1,hist_gradient_boosting_lagged_player_history_v2,2026-W01 pregame,3.6142615717552737,1,first_order_markov_outcome_regime_v2,2026-W01 pregame,1,prior_only,1,WR1,0,,,,,,,,0,,,,,0,2026,1,draftkings,DraftKings,-105.0,-121.0,UNDER,0.74708,0.5166631951676735,-121.0,-295.38193895302857,0.2304168048323265,0.2304168048323265,rasheerice,False,,,False,rasheerice,False,,,,,0,,,,,,,,2026-09-20T15:36:11Z,35520068364,a71609590d6f2247c2cc08210b077c34ab339d30,5.5,UNDER,00-0039067,RESOLVED_GSIS,True,2.0,stats_table,2.2492,3.5,true,UNDER,WIN,0.8264462809917356,WR
5ad8135dc2b5f27de0b777acd317855a,Travis Kelce,traviskelce,KC,DEN,receptions,player_receptions,4.5,3.28528,3.28528,1.7765420247386847,25000,3.28528,uncalibrated_mc_only,mc_fallback_no_oos_weights,1.0,0.0,0.0,0,3.7500125165425406,1,hist_gradient_boosting_lagged_player_history_v2,2026-W01 pregame,3.3976549397819324,1,first_order_markov_outcome_regime_v2,2026-W01 pregame,1,prior_only,1,,0,,,,,,,,0,,,,,0,2026,1,draftkings,DraftKings,122.0,-155.0,UNDER,0.7706,0.5743615423134701,-155.0,-335.9197907585004,0.1962384576865298,0.1962384576865298,traviskelce,False,,,False,traviskelce,False,,,,,0,,,,,,,,2026-09-20T15:36:11Z,35520068364,a71609590d6f2247c2cc08210b077c34ab339d30,4,UNDER,00-0030506,RESOLVED_GSIS,True,3.0,stats_table,0.2852800000000002,1.5,true,UNDER,WIN,0.6451612903225806,TE
5ad8135dc2b5f27de0b777acd317855a,Tyquan Thornton,tyquanthornton,KC,DEN,receptions,player_receptions,1.5,1.03692,1.03692,1.0098305322717056,25000,1.03692,uncalibrated_mc_only,mc_fallback_no_oos_weights,1.0,0.0,0.0,0,1.50549982866497,1,hist_gradient_boosting_lagged_player_history_v2,2026-W01 pregame,2.626403303976744,1,first_order_markov_outcome_regime_v2,2026-W01 pregame,1,prior_only,1,,0,,,,,,,,0,,,,,0,2026,1,draftkings,DraftKings,110.0,-140.0,UNDER,0.72156,0.550561797752809,-140.0,-259.14380117799163,0.1709982022471909,0.1709982022471909,tyquanthornton,False,,,False,tyquanthornton,False,,,,,0,,,,,,,,2026-09-20T15:36:11Z,35520068364,a71609590d6f2247c2cc08210b077c34ab339d30,1.5,UNDER,00-0038104,RESOLVED_GSIS,True,0.0,stats_table,1.03692,1.5,true,UNDER,WIN,0.7142857142857143,WR
5ad8135dc2b5f27de0b777acd317855a,Xavier Worthy,xavierworthy,KC,DEN,receptions,player_receptions,3.5,2.2298,2.2298,1.4831722597183643,25000,2.2298,uncalibrated_mc_only,mc_fallback_no_oos_weights,1.0,0.0,0.0,0,3.4754824891439373,1,hist_gradient_boosting_lagged_player_history_v2,2026-W01 pregame,2.0559642320116414,1,first_order_markov_outcome_regime_v2,2026-W01 pregame,1,prior_only,1,WR1_5,0,,,,,,,,0,,,,,0,2026,1,draftkings,DraftKings,107.0,-137.0,UNDER,0.81416,0.5447473059413358,-137.0,-438.0972879896685,0.2694126940586642,0.2694126940586642,xavierworthy,False,,,False,xavierworthy,False,,,,,0,,,,,,,,2026-09-20T15:36:11Z,35520068364,a71609590d6f2247c2cc08210b077c34ab339d30,3.5,UNDER,00-0039894,RESOLVED_GSIS,True,3.0,stats_table,-0.7702,0.5,false,UNDER,WIN,0.7299270072992701,WR
7dddb296a42e7a41a774b24bd1709ce1,Adonai Mitchell,adonaimitchell,NYJ,TEN,receptions,player_receptions,2.5,1.43868,1.43868,1.1940757472939525,25000,1.43868,uncalibrated_mc_only,mc_fallback_no_oos_weights,1.0,0.0,0.0,0,3.3465440626461724,1,hist_gradient_boosting_lagged_player_history_v2,2026-W01 pregame,2.0559642320116414,1,first_order_markov_outcome_regime_v2,2026-W01 pregame,1,prior_only,1,WR1_5,0,,,,,,,,0,,,,,0,2026,1,draftkings,DraftKings,-130.0,102.0,UNDER,0.82268,0.4669102720259845,102.0,-463.95217685540257,0.3557697279740154,0.3557697279740154,adonaimitchell,False,,,False,adonaimitchell,False,,,,,0,,,,,,,,2026-09-20T15:36:11Z,35520068364,a71609590d6f2247c2cc08210b077c34ab339d30,2.5,UNDER,00-0039890,RESOLVED_GSIS,True,3.0,stats_table,-1.56132,-0.5,false,OVER,LOSS,-1.0,WR
7dddb296a42e7a41a774b24bd1709ce1,Breece Hall,breecehall,NYJ,TEN,receptions,player_receptions,2.5,2.3762,2.3762,1.5326994247735164,25000,2.3762,uncalibrated_mc_only,mc_fallback_no_oos_weights,1.0,0.0,0.0,0,2.161361371208752,1,hist_gradient_boosting_lagged_player_history_v2,2026-W01 pregame,2.482323579333676,1,first_order_markov_outcome_regime_v2,2026-W01 pregame,1,prior_only,1,,0,,,,,,,,0,,,,,0,2026,1,draftkings,DraftKings,-125.0,-102.0,UNDER,0.5771200000000001,0.4761410788381742,-102.0,-136.47370412410146,0.1009789211618258,0.1009789211618258,breecehall,False,,,False,breecehall,True,RB_R26_WEEK1_RECEPTIONS_PRODUCTION_V1,1.563,2.3762,0.8131999999999999,0,,,,,,,,2026-09-20T15:36:11Z,35520068364,a71609590d6f2247c2cc08210b077c34ab339d30,2.5,UNDER,00-0038120,RESOLVED_GSIS,True,2.0,stats_table,0.37619999999999987,0.5,true,UNDER,WIN,0.9803921568627451,RB
7dddb296a42e7a41a774b24bd1709ce1,Calvin Ridley,calvinridley,TEN,NYJ,receptions,player_receptions,2.5,0.85388,0.85388,0.9246854315527486,25000,0.85388,uncalibrated_mc_only,mc_fallback_no_oos_weights,1.0,0.0,0.0,0,2.154522540792956,1,hist_gradient_boosting_lagged_player_history_v2,2026-W01 pregame,2.0559642320116414,1,first_order_markov_outcome_regime_v2,2026-W01 pregame,1,prior_only,1,,0,,,,,,,,0,,,,,0,2026,1,draftkings,DraftKings,144.0,-185.0,UNDER,0.94364,0.6129820749592613,-185.0,-1674.308019872251,0.3306579250407387,0.3306579250407387,calvinridley,False,,,False,calvinridley,False,,,,,0,,,,,,,,2026-09-20T15:36:11Z,35520068364,a71609590d6f2247c2cc08210b077c34ab339d30,2.5,UNDER,00-0034837,RESOLVED_GSIS,True,0.0,roster_confirmed_verified_zero,0.85388,2.5,true,UNDER,WIN,0.5405405405405406,WR
7dddb296a42e7a41a774b24bd1709ce1,Carnell Tate,carnelltate,TEN,NYJ,receptions,player_receptions,3.5,1.18696,1.18696,1.0872227189171595,25000,1.18696,uncalibrated_mc_only,mc_fallback_no_oos_weights,1.0,0.0,0.0,0,1.4547198296685635,1,hist_gradient_boosting_lagged_player_history_v2,2026-W01 pregame,,0,first_order_markov_outcome_regime_v2,2026-W01 pregame,1,position_prior_only,1,,0,,,,,,,,0,,,,,0,2026,1,draftkings,DraftKings,113.0,-144.0,UNDER,0.96712,0.5569436374201046,-144.0,-2941.3625304136235,0.4101763625798954,0.4101763625798954,carnelltate,False,,,False,carnelltate,False,,,,,0,,,,,,,,2026-09-20T15:36:11Z,35520068364,a71609590d6f2247c2cc08210b077c34ab339d30,3.5,UNDER,00-0041438,RESOLVED_GSIS,True,4.0,stats_table,-2.81304,-0.5,false,OVER,LOSS,-1.0,WR
7dddb296a42e7a41a774b24bd1709ce1,Garrett Wilson,garrettwilson,NYJ,TEN,receptions,player_receptions,5.5,4.35176,4.35176,2.0530254501442395,25000,4.35176,uncalibrated_mc_only,mc_fallback_no_oos_weights,1.0,0.0,0.0,0,3.8133273225831497,1,hist_gradient_boosting_lagged_player_history_v2,2026-W01 pregame,2.0559642320116414,1,first_order_markov_outcome_regime_v2,2026-W01 pregame,1,prior_only,1,WR1,0,,,,,,,,0,,,,,0,2026,1,draftkings,DraftKings,-119.0,-107.0,UNDER,0.72904,0.4875171638996379,-107.0,-269.0581635665781,0.241522836100362,0.241522836100362,garrettwilson,False,,,False,garrettwilson,False,,,,,0,,,,,,,,2026-09-20T15:36:11Z,35520068364,a71609590d6f2247c2cc08210b077c34ab339d30,5.5,UNDER,00-0037740,RESOLVED_GSIS,True,6.0,stats_table,-1.6482400000000004,-0.5,false,OVER,LOSS,-1.0,WR
7dddb296a42e7a41a774b24bd1709ce1,Gunnar Helm,gunnarhelm,TEN,NYJ,receptions,player_receptions,2.5,2.12716,2.12716,1.4446431442237098,25000,2.12716,uncalibrated_mc_only,mc_fallback_no_oos_weights,1.0,0.0,0.0,0,2.620286067321114,1,hist_gradient_boosting_lagged_player_history_v2,2026-W01 pregame,1.9717362162783365,1,first_order_markov_outcome_regime_v2,2026-W01 pregame,1,prior_only,1,,0,,,,,,,,0,,,,,0,2026,1,draftkings,DraftKings,-107.0,-119.0,UNDER,0.6442399999999999,0.5124828361003619,-119.0,-181.08837418484364,0.1317571638996379,0.1317571638996379,gunnarhelm,False,,,False,gunnarhelm,False,,,,,0,,,,,,,,2026-09-20T15:36:11Z,35520068364,a71609590d6f2247c2cc08210b077c34ab339d30,2.5,UNDER,00-0040584,RESOLVED_GSIS,True,4.0,stats_table,-1.87284,-1.5,false,OVER,LOSS,-1.0,TE
7dddb296a42e7a41a774b24bd1709ce1,Kenyon Sadiq,kenyonsadiq,NYJ,TEN,receptions,player_receptions,1.5,1.88128,1.88128,1.367091920542569,25000,1.88128,uncalibrated_mc_only,mc_fallback_no_oos_weights,1.0,0.0,0.0,0,1.5995129941353672,1,hist_gradient_boosting_lagged_player_history_v2,2026-W01 pregame,,0,first_order_markov_outcome_regime_v2,2026-W01 pregame,1,position_prior_only,1,,0,,,,,,,,0,,,,,0,2026,1,draftkings,DraftKings,-118.0,-108.0,OVER,0.55916,0.510397604391948,-118.0,-126.83966972144088,0.0487623956080519,0.0487623956080519,kenyonsadiq,False,,,False,kenyonsadiq,False,,,,,0,,,,,,,,2026-09-20T15:36:11Z,35520068364,a71609590d6f2247c2cc08210b077c34ab339d30,1.5,OVER,00-0041032,RESOLVED_GSIS,True,3.0,stats_table,-1.11872,-1.5,true,OVER,WIN,0.847457627118644,TE
7dddb296a42e7a41a774b24bd1709ce1,Mason Taylor,masontaylor,NYJ,TEN,receptions,player_receptions,2.5,2.7726,2.7726,1.6462920916732986,25000,2.7726,uncalibrated_mc_only,mc_fallback_no_oos_weights,1.0,0.0,0.0,0,3.678669075140016,1,hist_gradient_boosting_lagged_player_history_v2,2026-W01 pregame,3.3976549397819324,1,first_order_markov_outcome_regime_v2,2026-W01 pregame,1,prior_only,1,,0,,,,,,,,0,,,,,0,2026,1,draftkings,DraftKings,-102.0,-124.0,OVER,0.52504,0.4770335727409387,-102.0,-110.54404581438436,0.0480064272590612,0.0480064272590612,masontaylor,False,,,False,masontaylor,False,,,,,0,,,,,,,,2026-09-20T15:36:11Z,35520068364,a71609590d6f2247c2cc08210b077c34ab339d30,2.5,OVER,00-0040736,RESOLVED_GSIS,True,2.0,stats_table,0.7726000000000002,0.5,false,UNDER,LOSS,-1.0,TE
7dddb296a42e7a41a774b24bd1709ce1,Tony Pollard,tonypollard,TEN,NYJ,receptions,player_receptions,1.5,1.46332,1.46332,1.207606272804346,25000,1.46332,uncalibrated_mc_only,mc_fallback_no_oos_weights,1.0,0.0,0.0,0,2.574246406958427,1,hist_gradient_boosting_lagged_player_history_v2,2026-W01 pregame,2.482323579333676,1,first_order_markov_outcome_regime_v2,2026-W01 pregame,1,prior_only,1,,0,,,,,,,,0,,,,,0,2026,1,draftkings,DraftKings,-120.0,-106.0,UNDER,0.5694,0.4854288093255621,-106.0,-132.23409196470044,0.0839711906744379,0.0839711906744379,tonypollard,False,,,False,tonypollard,True,RB_R26_WEEK1_RECEPTIONS_PRODUCTION_V1,1.33544,1.46332,0.12788,0,,,,,,,,2026-09-20T15:36:11Z,35520068364,a71609590d6f2247c2cc08210b077c34ab339d30,1.5,UNDER,00-0035261,RESOLVED_GSIS,True,1.0,stats_table,0.46331999999999995,0.5,true,UNDER,WIN,0.9433962264150944,RB
7dddb296a42e7a41a774b24bd1709ce1,Tyjae Spears,tyjaespears,TEN,NYJ,receptions,player_receptions,2.5,2.74908,2.74908,1.6371152553972423,25000,2.74908,uncalibrated_mc_only,mc_fallback_no_oos_weights,1.0,0.0,0.0,0,2.8444406074912423,1,hist_gradient_boosting_lagged_player_history_v2,2026-W01 pregame,2.482323579333676,1,first_order_markov_outcome_regime_v2,2026-W01 pregame,1,prior_only,1,,0,,,,,,,,0,,,,,0,2026,1,draftkings,DraftKings,-137.0,107.0,OVER,0.521,0.5447473059413358,-137.0,-108.76826722338204,-0.0237473059413357,0.0237473059413357,tyjaespears,False,,,False,tyjaespears,True,RB_R26_WEEK1_RECEPTIONS_PRODUCTION_V1,1.97068,2.74908,0.7784000000000002,0,,,,,,,,2026-09-20T15:36:11Z,35520068364,a71609590d6f2247c2cc08210b077c34ab339d30,2.5,OVER,00-0039032,RESOLVED_GSIS,True,2.0,stats_table,0.7490800000000002,0.5,false,UNDER,LOSS,-1.0,RB
7dddb296a42e7a41a774b24bd1709ce1,Wan'Dale Robinson,wandalerobinson,TEN,NYJ,receptions,player_receptions,4.5,4.23708,4.23708,2.00875943760798,25000,4.23708,uncalibrated_mc_only,mc_fallback_no_oos_weights,1.0,0.0,0.0,0,7.765584673017072,1,hist_gradient_boosting_lagged_player_history_v2,2026-W01 pregame,3.6142615717552737,1,first_order_markov_outcome_regime_v2,2026-W01 pregame,1,prior_only,1,WR1,0,,,,,,,,0,,,,,0,2026,1,draftkings,DraftKings,-101.0,-126.0,UNDER,0.58372,0.5259594617046021,-126.0,-140.22292687614106,0.0577605382953979,0.0577605382953979,wandalerobinson,False,,,False,wandalerobinson,False,,,,,0,,,,,,,,2026-09-20T15:36:11Z,35520068364,a71609590d6f2247c2cc08210b077c34ab339d30,4.5,UNDER,00-0038117,RESOLVED_GSIS,True,5.0,stats_table,-0.7629200000000003,-0.5,false,OVER,LOSS,-1.0,WR
7e09efed7e12c659b82740b67ce2f9a1,DJ Moore,djmoore,BUF,HOU,receptions,player_receptions,3.5,1.52632,1.52632,1.228367865545385,25000,1.52632,uncalibrated_mc_only,mc_fallback_no_oos_weights,1.0,0.0,0.0,0,1.8963510970939608,1,hist_gradient_boosting_lagged_player_history_v2,2026-W01 pregame,2.0559642320116414,1,first_order_markov_outcome_regime_v2,2026-W01 pregame,1,prior_only,1,,0,,,,,,,,0,,,,,0,2026,1,draftkings,DraftKings,-136.0,106.0,UNDER,0.93416,0.4572225666460012,106.0,-1418.8335358444713,0.4769374333539987,0.4769374333539987,djmoore,False,,,False,djmoore,False,,,,,0,,,,,,,,2026-09-20T15:36:11Z,35520068364,a71609590d6f2247c2cc08210b077c34ab339d30,3.5,UNDER,00-0034827,RESOLVED_GSIS,True,5.0,stats_table,-3.47368,-1.5,false,OVER,LOSS,-1.0,WR
7e09efed7e12c659b82740b67ce2f9a1,Dalton Kincaid,daltonkincaid,BUF,HOU,receptions,player_receptions,3.5,2.73716,2.73716,1.636881886298577,25000,2.73716,uncalibrated_mc_only,mc_fallback_no_oos_weights,1.0,0.0,0.0,0,2.176794293280558,1,hist_gradient_boosting_lagged_player_history_v2,2026-W01 pregame,3.3976549397819324,1,first_order_markov_outcome_regime_v2,2026-W01 pregame,1,prior_only,1,,0,,,,,,,,0,,,,,0,2026,1,draftkings,DraftKings,102.0,-130.0,UNDER,0.7050000000000001,0.5330897279740154,-130.0,-238.9830508474577,0.1719102720259846,0.1719102720259846,daltonkincaid,False,,,False,daltonkincaid,False,,,,,0,,,,,,,,2026-09-20T15:36:11Z,35520068364,a71609590d6f2247c2cc08210b077c34ab339d30,3.5,UNDER,00-0038933,RESOLVED_GSIS,True,5.0,stats_table,-2.26284,-1.5,false,OVER,LOSS,-1.0,TE
7e09efed7e12c659b82740b67ce2f9a1,Dalton Schultz,daltonschultz,HOU,BUF,receptions,player_receptions,3.5,3.93752,3.93752,1.944388715123347,25000,3.93752,uncalibrated_mc_only,mc_fallback_no_oos_weights,1.0,0.0,0.0,0,4.298671598871601,1,hist_gradient_boosting_lagged_player_history_v2,2026-W01 pregame,3.3976549397819324,1,first_order_markov_outcome_regime_v2,2026-W01 pregame,1,prior_only,1,,0,,,,,,,,0,,,,,0,2026,1,draftkings,DraftKings,-114.0,-112.0,OVER,0.5578,0.5020774472328402,-114.0,-126.14201718679328,0.0557225527671597,0.0557225527671597,daltonschultz,False,,,False,daltonschultz,False,,,,,0,,,,,,,,2026-09-20T15:36:11Z,35520068364,a71609590d6f2247c2cc08210b077c34ab339d30,3.5,OVER,00-0034383,RESOLVED_GSIS,True,4.0,stats_table,-0.06247999999999987,-0.5,true,OVER,WIN,0.8771929824561403,TE
7e09efed7e12c659b82740b67ce2f9a1,David Montgomery,davidmontgomery,HOU,BUF,receptions,player_receptions,1.5,0.71112,0.71112,0.8391522583300997,25000,0.71112,uncalibrated_mc_only,mc_fallback_no_oos_weights,1.0,0.0,0.0,0,1.482269363706046,1,hist_gradient_boosting_lagged_player_history_v2,2026-W01 pregame,1.8399854119191623,1,first_order_markov_outcome_regime_v2,2026-W01 pregame,1,prior_only,1,,0,,,,,,,,0,,,,,0,2026,1,draftkings,DraftKings,-127.0,100.0,UNDER,0.84072,0.471933471933472,100.0,-527.8252134605726,0.368786528066528,0.368786528066528,davidmontgomery,False,,,False,davidmontgomery,True,RB_R26_WEEK1_RECEPTIONS_PRODUCTION_V1,1.31444,0.71112,-0.6033200000000001,0,,,,,,,,2026-09-20T15:36:11Z,35520068364,a71609590d6f2247c2cc08210b077c34ab339d30,1.5,UNDER,00-0035685,RESOLVED_GSIS,True,3.0,stats_table,-2.28888,-1.5,false,OVER,LOSS,-1.0,RB
7e09efed7e12c659b82740b67ce2f9a1,Dawson Knox,dawsonknox,BUF,HOU,receptions,player_receptions,1.5,2.125,2.125,1.4424209590576966,25000,2.125,uncalibrated_mc_only,mc_fallback_no_oos_weights,1.0,0.0,0.0,0,2.8099722924036827,1,hist_gradient_boosting_lagged_player_history_v2,2026-W01 pregame,2.2700868035699497,1,first_order_markov_outcome_regime_v2,2026-W01 pregame,1,prior_only,1,,0,,,,,,,,0,,,,,0,2026,1,draftkings,DraftKings,106.0,-135.0,OVER,0.63136,0.4580003897875657,106.0,-171.26736111111114,0.1733596102124343,0.1733596102124343,dawsonknox,False,,,False,dawsonknox,False,,,,,0,,,,,,,,2026-09-20T15:36:11Z,35520068364,a71609590d6f2247c2cc08210b077c34ab339d30,1.5,OVER,00-0035689,RESOLVED_GSIS,True,1.0,stats_table,1.125,0.5,false,UNDER,LOSS,-1.0,TE
7e09efed7e12c659b82740b67ce2f9a1,James Cook,jamescook,BUF,HOU,receptions,player_receptions,2.5,2.03628,2.03628,1.4128282291008338,25000,2.03628,uncalibrated_mc_only,mc_fallback_no_oos_weights,1.0,0.0,0.0,0,1.7442837316877542,1,hist_gradient_boosting_lagged_player_history_v2,2026-W01 pregame,1.8399854119191623,1,first_order_markov_outcome_regime_v2,2026-W01 pregame,1,prior_only,1,,0,,,,,,,,0,,,,,0,2026,1,draftkings,DraftKings,-147.0,115.0,UNDER,0.66568,0.4386821774265163,115.0,-199.114620722661,0.2269978225734837,0.2269978225734837,jamescook,False,,,False,jamescook,True,RB_R26_WEEK1_RECEPTIONS_PRODUCTION_V1,1.63536,2.03628,0.4009200000000001,0,,,,,,,,2026-09-20T15:36:11Z,35520068364,a71609590d6f2247c2cc08210b077c34ab339d30,2.5,UNDER,00-0037248,RESOLVED_GSIS,True,3.0,stats_table,-0.9637199999999999,-0.5,false,OVER,LOSS,-1.0,RB
7e09efed7e12c659b82740b67ce2f9a1,Jaylin Noel,jaylinnoel,HOU,BUF,receptions,player_receptions,1.5,1.05624,1.05624,1.0187043598330725,25000,1.05624,uncalibrated_mc_only,mc_fallback_no_oos_weights,1.0,0.0,0.0,0,1.843517799793312,1,hist_gradient_boosting_lagged_player_history_v2,2026-W01 pregame,2.0559642320116414,1,first_order_markov_outcome_regime_v2,2026-W01 pregame,1,prior_only,1,,0,,,,,,,,0,,,,,0,2026,1,draftkings,DraftKings,-107.0,-119.0,UNDER,0.71424,0.5124828361003619,-119.0,-249.9440089585666,0.201757163899638,0.201757163899638,jaylinnoel,False,,,False,jaylinnoel,False,,,,,0,,,,,,,,2026-09-20T15:36:11Z,35520068364,a71609590d6f2247c2cc08210b077c34ab339d30,1.5,UNDER,00-0040138,RESOLVED_GSIS,True,2.0,stats_table,-0.9437599999999999,-0.5,false,OVER,LOSS,-1.0,WR
7e09efed7e12c659b82740b67ce2f9a1,Kayshon Boutte,kayshonboutte,HOU,BUF,receptions,player_receptions,2.5,1.74572,1.74572,1.3149033578303837,25000,1.74572,uncalibrated_mc_only,mc_fallback_no_oos_weights,1.0,0.0,0.0,0,1.805924466637912,1,hist_gradient_boosting_lagged_player_history_v2,2026-W01 pregame,2.626403303976744,1,first_order_markov_outcome_regime_v2,2026-W01 pregame,1,prior_only,1,WR1_5,0,,,,,,,,0,,,,,0,2026,1,fanduel,FanDuel,124.0,-166.0,UNDER,0.7445200000000001,0.5829675153643548,-166.0,-291.4200720212934,0.1615524846356453,0.1615524846356453,kayshonboutte,False,,,False,kayshonboutte,False,,,,,0,,,,,,,,2026-09-20T15:36:11Z,35520068364,a71609590d6f2247c2cc08210b077c34ab339d30,2,UNDER,00-0038608,RESOLVED_GSIS,True,1.0,stats_table,0.7457199999999999,1.5,true,UNDER,WIN,0.6024096385542169,WR
7e09efed7e12c659b82740b67ce2f9a1,Khalil Shakir,khalilshakir,BUF,HOU,receptions,player_receptions,3.5,4.154,4.154,1.9900860327374563,25000,4.154,uncalibrated_mc_only,mc_fallback_no_oos_weights,1.0,0.0,0.0,0,4.047598247567182,1,hist_gradient_boosting_lagged_player_history_v2,2026-W01 pregame,3.6142615717552737,1,first_order_markov_outcome_regime_v2,2026-W01 pregame,1,prior_only,1,WR1,0,,,,,,,,0,,,,,0,2026,1,draftkings,DraftKings,-128.0,101.0,OVER,0.60296,0.5301681503461919,-128.0,-151.86379206125332,0.0727918496538081,0.0727918496538081,khalilshakir,False,,,False,khalilshakir,False,,,,,0,,,,,,,,2026-09-20T15:36:11Z,35520068364,a71609590d6f2247c2cc08210b077c34ab339d30,3.5,OVER,00-0037261,RESOLVED_GSIS,True,4.0,stats_table,0.15399999999999991,-0.5,true,OVER,WIN,0.78125,WR
7e09efed7e12c659b82740b67ce2f9a1,Nico Collins,nicocollins,HOU,BUF,receptions,player_receptions,5.5,4.1408,4.1408,2.0040598818998423,25000,4.1408,uncalibrated_mc_only,mc_fallback_no_oos_weights,1.0,0.0,0.0,0,3.905486492712131,1,hist_gradient_boosting_lagged_player_history_v2,2026-W01 pregame,3.6142615717552737,1,first_order_markov_outcome_regime_v2,2026-W01 pregame,1,prior_only,1,WR1,0,,,,,,,,0,,,,,0,2026,1,draftkings,DraftKings,121.0,-155.0,UNDER,0.7647200000000001,0.5732574679943101,-155.0,-325.025501530092,0.1914625320056899,0.1914625320056899,nicocollins,False,,,False,nicocollins,False,,,,,0,,,,,,,,2026-09-20T15:36:11Z,35520068364,a71609590d6f2247c2cc08210b077c34ab339d30,5.5,UNDER,00-0036554,RESOLVED_GSIS,True,7.0,stats_table,-2.8592000000000004,-1.5,false,OVER,LOSS,-1.0,WR
7e09efed7e12c659b82740b67ce2f9a1,Woody Marks,woodymarks,HOU,BUF,receptions,player_receptions,1.5,2.18672,2.18672,1.4615680240219933,25000,2.18672,uncalibrated_mc_only,mc_fallback_no_oos_weights,1.0,0.0,0.0,0,1.8317392156867696,1,hist_gradient_boosting_lagged_player_history_v2,2026-W01 pregame,2.482323579333676,1,first_order_markov_outcome_regime_v2,2026-W01 pregame,1,prior_only,1,,0,,,,,,,,0,,,,,0,2026,1,draftkings,DraftKings,-107.0,-119.0,OVER,0.64488,0.487517163899638,-107.0,-181.5949538184276,0.157362836100362,0.157362836100362,woodymarks,False,,,False,woodymarks,True,RB_R26_WEEK1_RECEPTIONS_PRODUCTION_V1,1.34124,2.18672,0.8454800000000002,0,,,,,,,,2026-09-20T15:36:11Z,35520068364,a71609590d6f2247c2cc08210b077c34ab339d30,1.5,OVER,00-0040583,RESOLVED_GSIS,True,1.0,stats_table,1.1867200000000002,0.5,false,UNDER,LOSS,-1.0,RB
7e09efed7e12c659b82740b67ce2f9a1,Xavier Hutchinson,xavierhutchinson,HOU,BUF,receptions,player_receptions,1.5,2.15552,2.15552,1.4509506331745392,25000,2.15552,uncalibrated_mc_only,mc_fallback_no_oos_weights,1.0,0.0,0.0,0,2.2341563147689683,1,hist_gradient_boosting_lagged_player_history_v2,2026-W01 pregame,3.6142615717552737,1,first_order_markov_outcome_regime_v2,2026-W01 pregame,1,prior_only,1,,0,,,,,,,,0,,,,,0,2026,1,draftkings,DraftKings,-194.0,151.0,OVER,0.63944,0.6235306169488053,-194.0,-177.34635012203242,0.0159093830511947,0.0159093830511947,xavierhutchinson,False,,,False,xavierhutchinson,False,,,,,0,,,,,,,,2026-09-20T15:36:11Z,35520068364,a71609590d6f2247c2cc08210b077c34ab339d30,2,OVER,00-0038618,RESOLVED_GSIS,True,3.0,stats_table,-0.8444799999999999,-1.5,true,OVER,WIN,0.5154639175257731,WR
95c01d1bb797d6df14824b106c5a9130,Bijan Robinson,bijanrobinson,ATL,PIT,receptions,player_receptions,4.5,3.4382,3.4382,1.8153767057289647,25000,3.4382,uncalibrated_mc_only,mc_fallback_no_oos_weights,1.0,0.0,0.0,0,4.537128262866124,1,hist_gradient_boosting_lagged_player_history_v2,2026-W01 pregame,2.482323579333676,1,first_order_markov_outcome_regime_v2,2026-W01 pregame,1,prior_only,1,,0,,,,,,,,0,,,,,0,2026,1,draftkings,DraftKings,108.0,-137.0,UNDER,0.7380800000000001,0.545942217794467,-137.0,-281.7959682345755,0.192137782205533,0.192137782205533,bijanrobinson,False,,,False,bijanrobinson,True,RB_R26_WEEK1_RECEPTIONS_PRODUCTION_V1,2.90216,3.4382,0.5360400000000003,0,,,,,,,,2026-09-20T15:36:11Z,35520068364,a71609590d6f2247c2cc08210b077c34ab339d30,4.5,UNDER,00-0038542,RESOLVED_GSIS,True,8.0,stats_table,-4.5618,-3.5,false,OVER,LOSS,-1.0,RB
95c01d1bb797d6df14824b106c5a9130,DK Metcalf,dkmetcalf,PIT,ATL,receptions,player_receptions,3.5,3.229,3.229,1.775535159044743,25000,3.229,uncalibrated_mc_only,mc_fallback_no_oos_weights,1.0,0.0,0.0,0,4.078539791147759,1,hist_gradient_boosting_lagged_player_history_v2,2026-W01 pregame,3.6142615717552737,1,first_order_markov_outcome_regime_v2,2026-W01 pregame,1,prior_only,1,WR1,0,,,,,,,,0,,,,,0,2026,1,draftkings,DraftKings,-141.0,111.0,UNDER,0.5968,0.4475311507678595,111.0,-148.015873015873,0.1492688492321404,0.1492688492321404,dkmetcalf,False,,,False,dkmetcalf,False,,,,,0,,,,,,,,2026-09-20T15:36:11Z,35520068364,a71609590d6f2247c2cc08210b077c34ab339d30,3.5,UNDER,00-0035640,RESOLVED_GSIS,True,4.0,stats_table,-0.7709999999999999,-0.5,false,OVER,LOSS,-1.0,WR
95c01d1bb797d6df14824b106c5a9130,Darnell Washington,darnellwashington,PIT,ATL,receptions,player_receptions,1.5,1.58804,1.58804,1.249284349880152,25000,1.58804,uncalibrated_mc_only,mc_fallback_no_oos_weights,1.0,0.0,0.0,0,2.3282601848451607,1,hist_gradient_boosting_lagged_player_history_v2,2026-W01 pregame,2.2700868035699497,1,first_order_markov_outcome_regime_v2,2026-W01 pregame,1,prior_only,1,,0,,,,,,,,0,,,,,0,2026,1,draftkings,DraftKings,-163.0,127.0,OVER,0.47204,0.584524731046903,-163.0,111.84645369036522,-0.1124847310469029,0.1124847310469029,darnellwashington,False,,,False,darnellwashington,False,,,,,0,,,,,,,,2026-09-20T15:36:11Z,35520068364,a71609590d6f2247c2cc08210b077c34ab339d30,1.5,OVER,00-0038558,RESOLVED_GSIS,True,2.0,stats_table,-0.4119600000000001,-0.5,true,OVER,WIN,0.6134969325153374,TE
95c01d1bb797d6df14824b106c5a9130,Drake London,drakelondon,ATL,PIT,receptions,player_receptions,4.5,4.39976,4.39976,2.070952316240006,25000,4.39976,uncalibrated_mc_only,mc_fallback_no_oos_weights,1.0,0.0,0.0,0,3.857439714614269,1,hist_gradient_boosting_lagged_player_history_v2,2026-W01 pregame,3.6142615717552737,1,first_order_markov_outcome_regime_v2,2026-W01 pregame,1,prior_only,1,WR1,0,,,,,,,,0,,,,,0,2026,1,draftkings,DraftKings,-148.0,116.0,UNDER,0.54972,0.4368658399098083,116.0,-122.08403659944923,0.1128541600901916,0.1128541600901916,drakelondon,False,,,False,drakelondon,False,,,,,0,,,,,,,,2026-09-20T15:36:11Z,35520068364,a71609590d6f2247c2cc08210b077c34ab339d30,4.5,UNDER,00-0037238,RESOLVED_GSIS,True,2.0,stats_table,2.3997599999999997,2.5,true,UNDER,WIN,1.16,WR
95c01d1bb797d6df14824b106c5a9130,Jahan Dotson,jahandotson,ATL,PIT,receptions,player_receptions,1.5,1.13876,1.13876,1.0607689058540817,25000,1.13876,uncalibrated_mc_only,mc_fallback_no_oos_weights,1.0,0.0,0.0,0,2.367636421545968,1,hist_gradient_boosting_lagged_player_history_v2,2026-W01 pregame,3.6142615717552737,1,first_order_markov_outcome_regime_v2,2026-W01 pregame,1,prior_only,1,,0,,,,,,,,0,,,,,0,2026,1,draftkings,DraftKings,-115.0,-111.0,UNDER,0.68504,0.4958445875753169,-111.0,-217.50063500127,0.189195412424683,0.189195412424683,jahandotson,False,,,False,jahandotson,False,,,,,0,,,,,,,,2026-09-20T15:36:11Z,35520068364,a71609590d6f2247c2cc08210b077c34ab339d30,1.5,UNDER,00-0037741,RESOLVED_GSIS,True,1.0,stats_table,0.13876,0.5,true,UNDER,WIN,0.9009009009009009,WR
95c01d1bb797d6df14824b106c5a9130,Jaylen Warren,jaylenwarren,PIT,ATL,receptions,player_receptions,2.5,2.51992,2.51992,1.5791716008457712,25000,2.51992,uncalibrated_mc_only,mc_fallback_no_oos_weights,1.0,0.0,0.0,0,2.570120013307973,1,hist_gradient_boosting_lagged_player_history_v2,2026-W01 pregame,2.482323579333676,1,first_order_markov_outcome_regime_v2,2026-W01 pregame,1,prior_only,1,,0,,,,,,,,0,,,,,0,2026,1,draftkings,DraftKings,-128.0,101.0,OVER,0.46308,0.5301681503461919,-128.0,115.94540900060468,-0.0670881503461919,0.0670881503461919,jaylenwarren,False,,,False,jaylenwarren,True,RB_R26_WEEK1_RECEPTIONS_PRODUCTION_V1,1.5384,2.51992,0.98152,0,,,,,,,,2026-09-20T15:36:11Z,35520068364,a71609590d6f2247c2cc08210b077c34ab339d30,2.5,OVER,00-0037228,RESOLVED_GSIS,True,5.0,stats_table,-2.48008,-2.5,true,OVER,WIN,0.78125,RB
95c01d1bb797d6df14824b106c5a9130,Kyle Pitts,kylepitts,ATL,PIT,receptions,player_receptions,3.5,4.11524,4.11524,2.0027481575094,25000,4.11524,uncalibrated_mc_only,mc_fallback_no_oos_weights,1.0,0.0,0.0,0,6.452489471801707,1,hist_gradient_boosting_lagged_player_history_v2,2026-W01 pregame,3.3976549397819324,1,first_order_markov_outcome_regime_v2,2026-W01 pregame,1,prior_only,1,,0,,,,,,,,0,,,,,0,2026,1,draftkings,DraftKings,-165.0,129.0,OVER,0.591,0.587773197479972,-165.0,-144.49877750611245,0.0032268025200279,0.0032268025200279,kylepitts,False,,,False,kylepitts,False,,,,,0,,,,,,,,2026-09-20T15:36:11Z,35520068364,a71609590d6f2247c2cc08210b077c34ab339d30,4,OVER,00-0036970,RESOLVED_GSIS,True,0.0,stats_table,4.11524,3.5,false,UNDER,LOSS,-1.0,TE
95c01d1bb797d6df14824b106c5a9130,Michael Pittman Jr.,michaelpittmanjr,PIT,ATL,receptions,player_receptions,3.5,1.9412,1.9412,1.3791224163016007,25000,1.9412,uncalibrated_mc_only,mc_fallback_no_oos_weights,1.0,0.0,0.0,0,,0,,,,0,,,0,,0,,0,,,,,,,,0,,,,,0,2026,1,draftkings,DraftKings,-165.0,129.0,UNDER,0.87064,0.4122268025200279,129.0,-673.0364873222014,0.458413197479972,0.458413197479972,michaelpittman,False,,,False,michaelpittman,False,,,,,0,,,,,,,,2026-09-20T15:36:11Z,35520068364,a71609590d6f2247c2cc08210b077c34ab339d30,3.5,UNDER,00-0036252,RESOLVED_GSIS,True,3.0,stats_table,-1.0588,0.5,false,UNDER,WIN,1.29,WR
95c01d1bb797d6df14824b106c5a9130,Pat Freiermuth,patfreiermuth,PIT,ATL,receptions,player_receptions,2.5,2.30132,2.30132,1.500658634284782,25000,2.30132,uncalibrated_mc_only,mc_fallback_no_oos_weights,1.0,0.0,0.0,0,3.355886352702573,1,hist_gradient_boosting_lagged_player_history_v2,2026-W01 pregame,3.3976549397819324,1,first_order_markov_outcome_regime_v2,2026-W01 pregame,1,prior_only,1,,0,,,,,,,,0,,,,,0,2026,1,draftkings,DraftKings,-128.0,101.0,UNDER,0.5949599999999999,0.4698318496538081,101.0,-146.88919612877737,0.1251281503461918,0.1251281503461918,patfreiermuth,False,,,False,patfreiermuth,False,,,,,0,,,,,,,,2026-09-20T15:36:11Z,35520068364,a71609590d6f2247c2cc08210b077c34ab339d30,2.5,UNDER,00-0036894,RESOLVED_GSIS,True,5.0,stats_table,-2.69868,-2.5,false,OVER,LOSS,-1.0,TE
95c01d1bb797d6df14824b106c5a9130,Rico Dowdle,ricodowdle,PIT,ATL,receptions,player_receptions,1.5,1.21336,1.21336,1.0945160706984438,25000,1.21336,uncalibrated_mc_only,mc_fallback_no_oos_weights,1.0,0.0,0.0,0,3.3112321930115063,1,hist_gradient_boosting_lagged_player_history_v2,2026-W01 pregame,2.482323579333676,1,first_order_markov_outcome_regime_v2,2026-W01 pregame,1,prior_only,1,,0,,,,,,,,0,,,,,0,2026,1,draftkings,DraftKings,-151.0,118.0,UNDER,0.6559200000000001,0.4326243579578751,118.0,-190.63008602650552,0.2232956420421249,0.2232956420421249,ricodowdle,False,,,False,ricodowdle,True,RB_R26_WEEK1_RECEPTIONS_PRODUCTION_V1,1.56824,1.21336,-0.3548800000000001,0,,,,,,,,2026-09-20T15:36:11Z,35520068364,a71609590d6f2247c2cc08210b077c34ab339d30,1.5,UNDER,00-0036139,RESOLVED_GSIS,True,2.0,stats_table,-0.78664,-0.5,false,OVER,LOSS,-1.0,RB
b6cfdcbafa61ce220ba87dc2d9b80c77,Alec Pierce,alecpierce,IND,BAL,receptions,player_receptions,3.5,2.38728,2.38728,1.5339453448975442,25000,2.38728,uncalibrated_mc_only,mc_fallback_no_oos_weights,1.0,0.0,0.0,0,3.4082367274247702,1,hist_gradient_boosting_lagged_player_history_v2,2026-W01 pregame,3.6142615717552737,1,first_order_markov_outcome_regime_v2,2026-W01 pregame,1,prior_only,1,WR1_5,0,,,,,,,,0,,,,,0,2026,1,draftkings,DraftKings,134.0,-172.0,UNDER,0.7804,0.596726366979006,-172.0,-355.37340619307827,0.1836736330209939,0.1836736330209939,alecpierce,False,,,False,alecpierce,False,,,,,0,,,,,,,,2026-09-20T15:36:11Z,35520068364,a71609590d6f2247c2cc08210b077c34ab339d30,3,UNDER,00-0037664,RESOLVED_GSIS,True,4.0,stats_table,-1.61272,-0.5,false,OVER,LOSS,-1.0,WR
b6cfdcbafa61ce220ba87dc2d9b80c77,Derrick Henry,derrickhenry,BAL,IND,receptions,player_receptions,1.5,0.73756,0.73756,0.8524754043212032,25000,0.73756,uncalibrated_mc_only,mc_fallback_no_oos_weights,1.0,0.0,0.0,0,1.634311208342777,1,hist_gradient_boosting_lagged_player_history_v2,2026-W01 pregame,1.8399854119191623,1,first_order_markov_outcome_regime_v2,2026-W01 pregame,1,prior_only,1,,0,,,,,,,,0,,,,,0,2026,1,draftkings,DraftKings,185.0,-240.0,UNDER,0.83128,0.66796875,-240.0,-492.6979611190138,0.16331125,0.16331125,derrickhenry,False,,,False,derrickhenry,True,RB_R26_WEEK1_RECEPTIONS_PRODUCTION_V1,0.90728,0.73756,-0.1697199999999999,0,,,,,,,,2026-09-20T15:36:11Z,35520068364,a71609590d6f2247c2cc08210b077c34ab339d30,1.5,UNDER,00-0032764,RESOLVED_GSIS,True,1.0,stats_table,-0.26244,0.5,true,UNDER,WIN,0.4166666666666667,RB
b6cfdcbafa61ce220ba87dc2d9b80c77,Jonathan Taylor,jonathantaylor,IND,BAL,receptions,player_receptions,2.5,2.5634,2.5634,1.5815184121658277,25000,2.5634,uncalibrated_mc_only,mc_fallback_no_oos_weights,1.0,0.0,0.0,0,3.1892781369724927,1,hist_gradient_boosting_lagged_player_history_v2,2026-W01 pregame,2.482323579333676,1,first_order_markov_outcome_regime_v2,2026-W01 pregame,1,prior_only,1,,0,,,,,,,,0,,,,,0,2026,1,draftkings,DraftKings,-162.0,126.0,OVER,0.47804,0.5828822517990193,-162.0,109.18751568906367,-0.1048422517990192,0.1048422517990192,jonathantaylor,False,,,False,jonathantaylor,True,RB_R26_WEEK1_RECEPTIONS_PRODUCTION_V1,1.57996,2.5634,0.98344,0,,,,,,,,2026-09-20T15:36:11Z,35520068364,a71609590d6f2247c2cc08210b077c34ab339d30,2.5,OVER,00-0036223,RESOLVED_GSIS,True,3.0,stats_table,-0.4365999999999999,-0.5,true,OVER,WIN,0.6172839506172839,RB
b6cfdcbafa61ce220ba87dc2d9b80c77,Josh Downs,joshdowns,IND,BAL,receptions,player_receptions,4.5,2.11692,2.11692,1.4457846746085714,25000,2.11692,uncalibrated_mc_only,mc_fallback_no_oos_weights,1.0,0.0,0.0,0,3.89443193068772,1,hist_gradient_boosting_lagged_player_history_v2,2026-W01 pregame,3.6142615717552737,1,first_order_markov_outcome_regime_v2,2026-W01 pregame,1,prior_only,1,,0,,,,,,,,0,,,,,0,2026,1,draftkings,DraftKings,123.0,-157.0,UNDER,0.93648,0.5766829734315033,-157.0,-1474.3073047858936,0.3597970265684966,0.3597970265684966,joshdowns,False,,,False,joshdowns,False,,,,,0,,,,,,,,2026-09-20T15:36:11Z,35520068364,a71609590d6f2247c2cc08210b077c34ab339d30,4.5,UNDER,00-0038997,RESOLVED_GSIS,True,2.0,stats_table,0.11691999999999991,2.5,true,UNDER,WIN,0.6369426751592356,WR
b6cfdcbafa61ce220ba87dc2d9b80c77,Justice Hill,justicehill,BAL,IND,receptions,player_receptions,1.5,2.15012,2.15012,1.450540640011831,25000,2.15012,uncalibrated_mc_only,mc_fallback_no_oos_weights,1.0,0.0,0.0,0,1.910308468875965,1,hist_gradient_boosting_lagged_player_history_v2,2026-W01 pregame,1.8399854119191623,1,first_order_markov_outcome_regime_v2,2026-W01 pregame,1,prior_only,1,,0,,,,,,,,0,,,,,0,2026,1,draftkings,DraftKings,-186.0,144.0,OVER,0.63656,0.6134299307958478,-186.0,-175.148580233326,0.0231300692041521,0.0231300692041521,justicehill,False,,,False,justicehill,True,RB_R26_WEEK1_RECEPTIONS_PRODUCTION_V1,1.65936,2.15012,0.4907599999999998,0,,,,,,,,2026-09-20T15:36:11Z,35520068364,a71609590d6f2247c2cc08210b077c34ab339d30,2,OVER,00-0034975,RESOLVED_GSIS,True,1.0,stats_table,1.1501199999999998,0.5,false,UNDER,LOSS,-1.0,RB
b6cfdcbafa61ce220ba87dc2d9b80c77,Keenan Allen,keenanallen,IND,BAL,receptions,player_receptions,3.5,3.36464,3.36464,1.791593163260707,25000,3.36464,uncalibrated_mc_only,mc_fallback_no_oos_weights,1.0,0.0,0.0,0,4.153733298203906,1,hist_gradient_boosting_lagged_player_history_v2,2026-W01 pregame,3.6142615717552737,1,first_order_markov_outcome_regime_v2,2026-W01 pregame,1,prior_only,1,WR1,0,,,,,,,,0,,,,,0,2026,1,draftkings,DraftKings,114.0,-145.0,UNDER,0.5634399999999999,0.5587970466414551,-145.0,-129.06358805204323,0.0046429533585448,0.0046429533585448,keenanallen,False,,,False,keenanallen,False,,,,,0,,,,,,,,2026-09-20T15:36:11Z,35520068364,a71609590d6f2247c2cc08210b077c34ab339d30,3.5,UNDER,00-0030279,RESOLVED_GSIS,True,6.0,stats_table,-2.63536,-2.5,false,OVER,LOSS,-1.0,WR
b6cfdcbafa61ce220ba87dc2d9b80c77,Mark Andrews,markandrews,BAL,IND,receptions,player_receptions,3.5,2.60072,2.60072,1.5998368231524205,25000,2.60072,uncalibrated_mc_only,mc_fallback_no_oos_weights,1.0,0.0,0.0,0,3.198388082139496,1,hist_gradient_boosting_lagged_player_history_v2,2026-W01 pregame,2.2700868035699497,1,first_order_markov_outcome_regime_v2,2026-W01 pregame,1,prior_only,1,,0,,,,,,,,0,,,,,0,2026,1,draftkings,DraftKings,107.0,-137.0,UNDER,0.73736,0.5447473059413358,-137.0,-280.74931465123365,0.1926126940586642,0.1926126940586642,markandrews,False,,,False,markandrews,False,,,,,0,,,,,,,,2026-09-20T15:36:11Z,35520068364,a71609590d6f2247c2cc08210b077c34ab339d30,3.5,UNDER,00-0034753,RESOLVED_GSIS,True,4.0,stats_table,-1.39928,-0.5,false,OVER,LOSS,-1.0,TE
b6cfdcbafa61ce220ba87dc2d9b80c77,Rashod Bateman,rashodbateman,BAL,IND,receptions,player_receptions,1.5,1.50804,1.50804,1.2252001481456491,25000,1.50804,uncalibrated_mc_only,mc_fallback_no_oos_weights,1.0,0.0,0.0,0,1.4474043067428988,1,hist_gradient_boosting_lagged_player_history_v2,2026-W01 pregame,2.0559642320116414,1,first_order_markov_outcome_regime_v2,2026-W01 pregame,1,prior_only,1,WR1_5,0,,,,,,,,0,,,,,0,2026,1,draftkings,DraftKings,-187.0,146.0,OVER,0.44524,0.6158068057080132,-187.0,124.59796963435448,-0.1705668057080131,0.1705668057080131,rashodbateman,False,,,False,rashodbateman,False,,,,,0,,,,,,,,2026-09-20T15:36:11Z,35520068364,a71609590d6f2247c2cc08210b077c34ab339d30,1.5,OVER,00-0036550,RESOLVED_GSIS,True,0.0,stats_table,1.50804,1.5,false,UNDER,LOSS,-1.0,WR
b6cfdcbafa61ce220ba87dc2d9b80c77,Tyler Warren,tylerwarren,IND,BAL,receptions,player_receptions,4.5,3.1484,3.1484,1.7418435063897186,25000,3.1484,uncalibrated_mc_only,mc_fallback_no_oos_weights,1.0,0.0,0.0,0,4.0785900585249015,1,hist_gradient_boosting_lagged_player_history_v2,2026-W01 pregame,3.3976549397819324,1,first_order_markov_outcome_regime_v2,2026-W01 pregame,1,prior_only,1,,0,,,,,,,,0,,,,,0,2026,1,draftkings,DraftKings,-146.0,114.0,UNDER,0.7908,0.4405128572451831,114.0,-378.0114722753345,0.3502871427548168,0.3502871427548168,tylerwarren,False,,,False,tylerwarren,False,,,,,0,,,,,,,,2026-09-20T15:36:11Z,35520068364,a71609590d6f2247c2cc08210b077c34ab339d30,4.5,UNDER,00-0040128,RESOLVED_GSIS,True,3.0,stats_table,0.1484000000000001,1.5,true,UNDER,WIN,1.14,TE
b6cfdcbafa61ce220ba87dc2d9b80c77,Zay Flowers,zayflowers,BAL,IND,receptions,player_receptions,4.5,4.32264,4.32264,2.035777297733777,25000,4.32264,uncalibrated_mc_only,mc_fallback_no_oos_weights,1.0,0.0,0.0,0,3.986548732209724,1,hist_gradient_boosting_lagged_player_history_v2,2026-W01 pregame,3.6142615717552737,1,first_order_markov_outcome_regime_v2,2026-W01 pregame,1,prior_only,1,WR1,0,,,,,,,,0,,,,,0,2026,1,draftkings,DraftKings,-153.0,119.0,UNDER,0.56436,0.4302208920706718,119.0,-129.54733265999448,0.1341391079293281,0.1341391079293281,zayflowers,False,,,False,zayflowers,False,,,,,0,,,,,,,,2026-09-20T15:36:11Z,35520068364,a71609590d6f2247c2cc08210b077c34ab339d30,4.5,UNDER,00-0039064,RESOLVED_GSIS,True,5.0,stats_table,-0.6773600000000002,-0.5,false,OVER,LOSS,-1.0,WR
c1d3fcec25aaeb06ebd2244d33d338e0,Amon-Ra St. Brown,amonrastbrown,DET,NO,receptions,player_receptions,6.5,4.7994,4.7994,2.135598761772176,25000,4.7994,uncalibrated_mc_only,mc_fallback_no_oos_weights,1.0,0.0,0.0,0,6.119599432197508,1,hist_gradient_boosting_lagged_player_history_v2,2026-W01 pregame,3.6142615717552737,1,first_order_markov_outcome_regime_v2,2026-W01 pregame,1,prior_only,1,WR1,0,,,,,,,,0,,,,,0,2026,1,draftkings,DraftKings,-107.0,-119.0,UNDER,0.79516,0.5124828361003619,-119.0,-388.1859011911735,0.282677163899638,0.282677163899638,amonrastbrown,False,,,False,amonrastbrown,False,,,,,0,,,,,,,,2026-09-20T15:36:11Z,35520068364,a71609590d6f2247c2cc08210b077c34ab339d30,6.5,UNDER,00-0036963,RESOLVED_GSIS,True,10.0,stats_table,-5.2006,-3.5,false,OVER,LOSS,-1.0,WR
c1d3fcec25aaeb06ebd2244d33d338e0,Chris Olave,chrisolave,NO,DET,receptions,player_receptions,6.5,4.67456,4.67456,2.10495274042948,25000,4.67456,uncalibrated_mc_only,mc_fallback_no_oos_weights,1.0,0.0,0.0,0,6.427552446377451,1,hist_gradient_boosting_lagged_player_history_v2,2026-W01 pregame,3.6142615717552737,1,first_order_markov_outcome_regime_v2,2026-W01 pregame,1,prior_only,1,WR1,0,,,,,,,,0,,,,,0,2026,1,draftkings,DraftKings,100.0,-128.0,UNDER,0.81452,0.5289256198347108,-128.0,-439.1416864351952,0.2855943801652892,0.2855943801652892,chrisolave,False,,,False,chrisolave,False,,,,,0,,,,,,,,2026-09-20T15:36:11Z,35520068364,a71609590d6f2247c2cc08210b077c34ab339d30,6.5,UNDER,00-0037239,RESOLVED_GSIS,True,10.0,stats_table,-5.32544,-3.5,false,OVER,LOSS,-1.0,WR
c1d3fcec25aaeb06ebd2244d33d338e0,Devaughn Vele,devaughnvele,NO,DET,receptions,player_receptions,3.5,3.33464,3.33464,1.7913080197936009,25000,3.33464,uncalibrated_mc_only,mc_fallback_no_oos_weights,1.0,0.0,0.0,0,3.813836698735791,1,hist_gradient_boosting_lagged_player_history_v2,2026-W01 pregame,3.6142615717552737,1,first_order_markov_outcome_regime_v2,2026-W01 pregame,1,prior_only,1,WR1_5,0,,,,,,,,0,,,,,0,2026,1,draftkings,DraftKings,-109.0,-117.0,UNDER,0.57264,0.5083149711054754,-117.0,-133.99475851740922,0.0643250288945246,0.0643250288945246,devaughnvele,False,,,False,devaughnvele,False,,,,,0,,,,,,,,2026-09-20T15:36:11Z,35520068364,a71609590d6f2247c2cc08210b077c34ab339d30,3.5,UNDER,00-0039424,RESOLVED_GSIS,True,7.0,stats_table,-3.66536,-3.5,false,OVER,LOSS,-1.0,WR
c1d3fcec25aaeb06ebd2244d33d338e0,Isaac TeSlaa,isaacteslaa,DET,NO,receptions,player_receptions,1.5,1.1762,1.1762,1.080185276704548,25000,1.1762,uncalibrated_mc_only,mc_fallback_no_oos_weights,1.0,0.0,0.0,0,2.0279774464745106,1,hist_gradient_boosting_lagged_player_history_v2,2026-W01 pregame,2.0559642320116414,1,first_order_markov_outcome_regime_v2,2026-W01 pregame,1,prior_only,1,,0,,,,,,,,0,,,,,0,2026,1,draftkings,DraftKings,111.0,-141.0,UNDER,0.67052,0.5524688492321406,-141.0,-203.50855894136217,0.1180511507678594,0.1180511507678594,isaacteslaa,False,,,False,isaacteslaa,False,,,,,0,,,,,,,,2026-09-20T15:36:11Z,35520068364,a71609590d6f2247c2cc08210b077c34ab339d30,1.5,UNDER,00-0040669,RESOLVED_GSIS,True,0.0,stats_table,1.1762,1.5,true,UNDER,WIN,0.7092198581560284,WR
c1d3fcec25aaeb06ebd2244d33d338e0,Jahmyr Gibbs,jahmyrgibbs,DET,NO,receptions,player_receptions,4.5,4.13284,4.13284,2.010769818306036,25000,4.13284,uncalibrated_mc_only,mc_fallback_no_oos_weights,1.0,0.0,0.0,0,4.037149845916794,1,hist_gradient_boosting_lagged_player_history_v2,2026-W01 pregame,2.482323579333676,1,first_order_markov_outcome_regime_v2,2026-W01 pregame,1,prior_only,1,,0,,,,,,,,0,,,,,0,2026,1,draftkings,DraftKings,111.0,-141.0,UNDER,0.60056,0.5524688492321406,-141.0,-150.3504906869617,0.0480911507678594,0.0480911507678594,jahmyrgibbs,False,,,False,jahmyrgibbs,True,RB_R26_WEEK1_RECEPTIONS_PRODUCTION_V1,2.68856,4.13284,1.44428,0,,,,,,,,2026-09-20T15:36:11Z,35520068364,a71609590d6f2247c2cc08210b077c34ab339d30,4.5,UNDER,00-0039139,RESOLVED_GSIS,True,5.0,stats_table,-0.8671600000000002,-0.5,false,OVER,LOSS,-1.0,RB
c1d3fcec25aaeb06ebd2244d33d338e0,Jameson Williams,jamesonwilliams,DET,NO,receptions,player_receptions,3.5,3.15432,3.15432,1.7374654209634106,25000,3.15432,uncalibrated_mc_only,mc_fallback_no_oos_weights,1.0,0.0,0.0,0,3.8819893331645767,1,hist_gradient_boosting_lagged_player_history_v2,2026-W01 pregame,3.6142615717552737,1,first_order_markov_outcome_regime_v2,2026-W01 pregame,1,prior_only,1,WR1_5,0,,,,,,,,0,,,,,0,2026,1,draftkings,DraftKings,-145.0,114.0,UNDER,0.61224,0.441202953358545,114.0,-157.89147926552508,0.171037046641455,0.171037046641455,jamesonwilliams,False,,,False,jamesonwilliams,False,,,,,0,,,,,,,,2026-09-20T15:36:11Z,35520068364,a71609590d6f2247c2cc08210b077c34ab339d30,3.5,UNDER,00-0037240,RESOLVED_GSIS,True,4.0,stats_table,-0.8456800000000002,-0.5,false,OVER,LOSS,-1.0,WR
c1d3fcec25aaeb06ebd2244d33d338e0,Juwan Johnson,juwanjohnson,NO,DET,receptions,player_receptions,4.5,3.83316,3.83316,1.9412457731585853,25000,3.83316,uncalibrated_mc_only,mc_fallback_no_oos_weights,1.0,0.0,0.0,0,4.591154406950499,1,hist_gradient_boosting_lagged_player_history_v2,2026-W01 pregame,3.3976549397819324,1,first_order_markov_outcome_regime_v2,2026-W01 pregame,1,prior_only,1,,0,,,,,,,,0,,,,,0,2026,1,draftkings,DraftKings,127.0,-163.0,UNDER,0.6608,0.5845247310469028,-163.0,-194.81132075471703,0.0762752689530972,0.0762752689530972,juwanjohnson,False,,,False,juwanjohnson,False,,,,,0,,,,,,,,2026-09-20T15:36:11Z,35520068364,a71609590d6f2247c2cc08210b077c34ab339d30,4.5,UNDER,00-0036040,RESOLVED_GSIS,True,3.0,stats_table,0.8331599999999999,1.5,true,UNDER,WIN,0.6134969325153374,TE
c1d3fcec25aaeb06ebd2244d33d338e0,Sam LaPorta,samlaporta,DET,NO,receptions,player_receptions,4.5,3.40532,3.40532,1.810493527487056,25000,3.40532,uncalibrated_mc_only,mc_fallback_no_oos_weights,1.0,0.0,0.0,0,4.465841743415467,1,hist_gradient_boosting_lagged_player_history_v2,2026-W01 pregame,3.3976549397819324,1,first_order_markov_outcome_regime_v2,2026-W01 pregame,1,prior_only,1,,0,,,,,,,,0,,,,,0,2026,1,draftkings,DraftKings,112.0,-143.0,UNDER,0.74624,0.5550754357697378,-143.0,-294.07313997477934,0.1911645642302621,0.1911645642302621,samlaporta,False,,,False,samlaporta,False,,,,,0,,,,,,,,2026-09-20T15:36:11Z,35520068364,a71609590d6f2247c2cc08210b077c34ab339d30,4,UNDER,00-0039065,RESOLVED_GSIS,True,5.0,stats_table,-1.5946799999999999,-0.5,false,OVER,LOSS,-1.0,TE
c1d3fcec25aaeb06ebd2244d33d338e0,Travis Etienne Jr.,travisetiennejr,NO,DET,receptions,player_receptions,2.5,0.77644,0.77644,0.8726576577647768,25000,0.77644,uncalibrated_mc_only,mc_fallback_no_oos_weights,1.0,0.0,0.0,0,,0,,,,0,,,0,,0,,0,,,,,,,,0,,,,,0,2026,1,draftkings,DraftKings,-117.0,-109.0,UNDER,0.95912,0.4916850288945246,-109.0,-2346.1839530332663,0.4674349711054754,0.4674349711054754,travisetienne,False,,,False,travisetienne,True,RB_R26_WEEK1_RECEPTIONS_PRODUCTION_V1,1.67468,0.77644,-0.8982399999999999,0,,,,,,,,2026-09-20T15:36:11Z,35520068364,a71609590d6f2247c2cc08210b077c34ab339d30,2.5,UNDER,00-0036973,RESOLVED_GSIS,True,7.0,stats_table,-6.22356,-4.5,false,OVER,LOSS,-1.0,RB
c5d95f48a16849ab6bebc68fbbfcb74a,Ashton Jeanty,ashtonjeanty,LV,MIA,receptions,player_receptions,3.5,3.61472,3.61472,1.8673239669516115,25000,3.61472,uncalibrated_mc_only,mc_fallback_no_oos_weights,1.0,0.0,0.0,0,2.4805387281076423,1,hist_gradient_boosting_lagged_player_history_v2,2026-W01 pregame,2.482323579333676,1,first_order_markov_outcome_regime_v2,2026-W01 pregame,1,prior_only,1,,0,,,,,,,,0,,,,,0,2026,1,draftkings,DraftKings,109.0,-139.0,OVER,0.49056,0.4513606919604917,109.0,103.84866275277234,0.0391993080395082,0.0391993080395082,ashtonjeanty,False,,,False,ashtonjeanty,True,RB_R26_WEEK1_RECEPTIONS_PRODUCTION_V1,2.08876,3.61472,1.52596,0,,,,,,,,2026-09-20T15:36:11Z,35520068364,a71609590d6f2247c2cc08210b077c34ab339d30,3.5,OVER,00-0040122,RESOLVED_GSIS,True,6.0,stats_table,-2.38528,-2.5,true,OVER,WIN,1.09,RB
c5d95f48a16849ab6bebc68fbbfcb74a,Caleb Douglas,calebdouglas,MIA,LV,receptions,player_receptions,2.5,2.42404,2.42404,1.532450330209949,25000,2.42404,uncalibrated_mc_only,mc_fallback_no_oos_weights,1.0,0.0,0.0,0,1.4547198296685635,1,hist_gradient_boosting_lagged_player_history_v2,2026-W01 pregame,,0,first_order_markov_outcome_regime_v2,2026-W01 pregame,1,position_prior_only,1,,0,,,,,,,,0,,,,,0,2026,1,draftkings,DraftKings,105.0,-135.0,UNDER,0.56272,0.5407914020517831,-135.0,-128.68642517380167,0.0219285979482168,0.0219285979482168,calebdouglas,False,,,False,calebdouglas,False,,,,,0,,,,,,,,2026-09-20T15:36:11Z,35520068364,a71609590d6f2247c2cc08210b077c34ab339d30,2.5,UNDER,00-0041523,RESOLVED_GSIS,True,5.0,stats_table,-2.57596,-2.5,false,OVER,LOSS,-1.0,WR
c5d95f48a16849ab6bebc68fbbfcb74a,Chris Bell,chrisbell,MIA,LV,receptions,player_receptions,1.5,1.26424,1.26424,1.1134032553717286,25000,1.26424,uncalibrated_mc_only,mc_fallback_no_oos_weights,1.0,0.0,0.0,0,1.4547198296685635,1,hist_gradient_boosting_lagged_player_history_v2,2026-W01 pregame,,0,first_order_markov_outcome_regime_v2,2026-W01 pregame,1,position_prior_only,1,,0,,,,,,,,0,,,,,0,2026,1,draftkings,DraftKings,-129.0,101.0,UNDER,0.6379600000000001,0.4689835958139631,101.0,-176.21257319633196,0.168976404186037,0.168976404186037,chrisbell,False,,,False,chrisbell,False,,,,,0,,,,,,,,2026-09-20T15:36:11Z,35520068364,a71609590d6f2247c2cc08210b077c34ab339d30,1.5,UNDER,00-0041525,RESOLVED_GSIS,True,1.0,stats_table,0.26424000000000003,0.5,true,UNDER,WIN,1.01,WR
c5d95f48a16849ab6bebc68fbbfcb74a,De'Von Achane,devonachane,MIA,LV,receptions,player_receptions,4.5,3.4162,3.4162,1.8073151954013504,25000,3.4162,uncalibrated_mc_only,mc_fallback_no_oos_weights,1.0,0.0,0.0,0,3.0351821811018467,1,hist_gradient_boosting_lagged_player_history_v2,2026-W01 pregame,2.482323579333676,1,first_order_markov_outcome_regime_v2,2026-W01 pregame,1,prior_only,1,,0,,,,,,,,0,,,,,0,2026,1,draftkings,DraftKings,118.0,-151.0,UNDER,0.74332,0.5673756420421249,-151.0,-289.5901511609786,0.1759443579578751,0.1759443579578751,devonachane,False,,,False,devonachane,True,RB_R26_WEEK1_RECEPTIONS_PRODUCTION_V1,2.36108,3.4162,1.05512,0,,,,,,,,2026-09-20T15:36:11Z,35520068364,a71609590d6f2247c2cc08210b077c34ab339d30,4.5,UNDER,00-0039040,RESOLVED_GSIS,True,4.0,stats_table,-0.5838000000000001,0.5,false,UNDER,WIN,0.6622516556291391,RB
c5d95f48a16849ab6bebc68fbbfcb74a,Greg Dulcich,gregdulcich,MIA,LV,receptions,player_receptions,2.5,2.57088,2.57088,1.5789223367315497,25000,2.57088,uncalibrated_mc_only,mc_fallback_no_oos_weights,1.0,0.0,0.0,0,3.9377733002124495,1,hist_gradient_boosting_lagged_player_history_v2,2026-W01 pregame,3.3976549397819324,1,first_order_markov_outcome_regime_v2,2026-W01 pregame,1,prior_only,1,,0,,,,,,,,0,,,,,0,2026,1,draftkings,DraftKings,-108.0,-118.0,OVER,0.47664,0.4896023956080519,-108.0,109.80194696206782,-0.0129623956080519,0.0129623956080519,gregdulcich,False,,,False,gregdulcich,False,,,,,0,,,,,,,,2026-09-20T15:36:11Z,35520068364,a71609590d6f2247c2cc08210b077c34ab339d30,2.5,OVER,00-0037252,RESOLVED_GSIS,True,2.0,stats_table,0.5708799999999998,0.5,false,UNDER,LOSS,-1.0,TE
c5d95f48a16849ab6bebc68fbbfcb74a,Jack Bech,jackbech,LV,MIA,receptions,player_receptions,1.5,2.36824,2.36824,1.514731355337689,25000,2.36824,uncalibrated_mc_only,mc_fallback_no_oos_weights,1.0,0.0,0.0,0,2.081860429012828,1,hist_gradient_boosting_lagged_player_history_v2,2026-W01 pregame,2.0559642320116414,1,first_order_markov_outcome_regime_v2,2026-W01 pregame,1,prior_only,1,,0,,,,,,,,0,,,,,0,2026,1,draftkings,DraftKings,-144.0,113.0,OVER,0.69084,0.5569436374201047,-144.0,-223.45710958726875,0.1338963625798953,0.1338963625798953,jackbech,False,,,False,jackbech,False,,,,,0,,,,,,,,2026-09-20T15:36:11Z,35520068364,a71609590d6f2247c2cc08210b077c34ab339d30,1.5,OVER,00-0040729,RESOLVED_GSIS,True,3.0,stats_table,-0.6317599999999999,-1.5,true,OVER,WIN,0.6944444444444444,WR
c5d95f48a16849ab6bebc68fbbfcb74a,Jalen Nailor,jalennailor,LV,MIA,receptions,player_receptions,3.5,1.14444,1.14444,1.0714583553831163,25000,1.14444,uncalibrated_mc_only,mc_fallback_no_oos_weights,1.0,0.0,0.0,0,1.83135164287602,1,hist_gradient_boosting_lagged_player_history_v2,2026-W01 pregame,3.6142615717552737,1,first_order_markov_outcome_regime_v2,2026-W01 pregame,1,prior_only,1,WR1_5,0,,,,,,,,0,,,,,0,2026,1,draftkings,DraftKings,130.0,-166.0,UNDER,0.97136,0.5893794380981785,-166.0,-3391.620111731844,0.3819805619018215,0.3819805619018215,jalennailor,False,,,False,jalennailor,False,,,,,0,,,,,,,,2026-09-20T15:36:11Z,35520068364,a71609590d6f2247c2cc08210b077c34ab339d30,3.5,UNDER,00-0037291,RESOLVED_GSIS,True,3.0,stats_table,-1.85556,0.5,false,UNDER,WIN,0.6024096385542169,WR
c5d95f48a16849ab6bebc68fbbfcb74a,Jalen Tolbert,jalentolbert,MIA,LV,receptions,player_receptions,1.5,0.86948,0.86948,0.9297306629149232,25000,0.86948,uncalibrated_mc_only,mc_fallback_no_oos_weights,1.0,0.0,0.0,0,1.7779282852671277,1,hist_gradient_boosting_lagged_player_history_v2,2026-W01 pregame,2.0559642320116414,1,first_order_markov_outcome_regime_v2,2026-W01 pregame,1,prior_only,1,WR1_5,0,,,,,,,,0,,,,,0,2026,1,draftkings,DraftKings,119.0,-152.0,UNDER,0.78276,0.5691423881821911,-152.0,-360.3203829865586,0.2136176118178089,0.2136176118178089,jalentolbert,False,,,False,jalentolbert,False,,,,,0,,,,,,,,2026-09-20T15:36:11Z,35520068364,a71609590d6f2247c2cc08210b077c34ab339d30,1.5,UNDER,00-0037666,RESOLVED_GSIS,True,0.0,roster_confirmed_verified_zero,0.86948,1.5,true,UNDER,WIN,0.6578947368421053,WR
c5d95f48a16849ab6bebc68fbbfcb74a,Malik Washington,malikwashington,MIA,LV,receptions,player_receptions,2.5,2.64696,2.64696,1.6003328406953472,25000,2.64696,uncalibrated_mc_only,mc_fallback_no_oos_weights,1.0,0.0,0.0,0,2.2319298323030217,1,hist_gradient_boosting_lagged_player_history_v2,2026-W01 pregame,3.6142615717552737,1,first_order_markov_outcome_regime_v2,2026-W01 pregame,1,prior_only,1,WR1,0,,,,,,,,0,,,,,0,2026,1,draftkings,DraftKings,-155.0,121.0,OVER,0.4982,0.5732574679943101,-155.0,100.7226013649137,-0.0750574679943101,0.0750574679943101,malikwashington,False,,,False,malikwashington,False,,,,,0,,,,,,,,2026-09-20T15:36:11Z,35520068364,a71609590d6f2247c2cc08210b077c34ab339d30,2.5,OVER,00-0039880,RESOLVED_GSIS,True,3.0,stats_table,-0.35304,-0.5,true,OVER,WIN,0.6451612903225806,WR
c5d95f48a16849ab6bebc68fbbfcb74a,Michael Mayer,michaelmayer,LV,MIA,receptions,player_receptions,4.5,2.30228,2.30228,1.49929207183546,25000,2.30228,uncalibrated_mc_only,mc_fallback_no_oos_weights,1.0,0.0,0.0,0,3.39193826454577,1,hist_gradient_boosting_lagged_player_history_v2,2026-W01 pregame,3.3976549397819324,1,first_order_markov_outcome_regime_v2,2026-W01 pregame,1,prior_only,1,,0,,,,,,,,0,,,,,0,2026,1,draftkings,DraftKings,-109.0,-117.0,UNDER,0.9186,0.5083149711054754,-117.0,-1128.501228501228,0.4102850288945245,0.4102850288945245,michaelmayer,False,,,False,michaelmayer,False,,,,,0,,,,,,,,2026-09-20T15:36:11Z,35520068364,a71609590d6f2247c2cc08210b077c34ab339d30,4.5,UNDER,00-0039066,RESOLVED_GSIS,True,6.0,stats_table,-3.69772,-1.5,false,OVER,LOSS,-1.0,TE
c5d95f48a16849ab6bebc68fbbfcb74a,Tre Tucker,tretucker,LV,MIA,receptions,player_receptions,4.5,2.90576,2.90576,1.6730662833347447,25000,2.90576,uncalibrated_mc_only,mc_fallback_no_oos_weights,1.0,0.0,0.0,0,2.997962760557092,1,hist_gradient_boosting_lagged_player_history_v2,2026-W01 pregame,2.626403303976744,1,first_order_markov_outcome_regime_v2,2026-W01 pregame,1,prior_only,1,WR1,0,,,,,,,,0,,,,,0,2026,1,draftkings,DraftKings,103.0,-132.0,UNDER,0.8338,0.5359628770301623,-132.0,-501.68471720818286,0.2978371229698376,0.2978371229698376,tretucker,False,,,False,tretucker,False,,,,,0,,,,,,,,2026-09-20T15:36:11Z,35520068364,a71609590d6f2247c2cc08210b077c34ab339d30,4.5,UNDER,00-0038563,RESOLVED_GSIS,True,2.0,stats_table,0.9057599999999999,2.5,true,UNDER,WIN,0.7575757575757576,WR
cb77efed7e711d25a72c1a2a0a1af119,Aaron Jones,aaronjones,MIN,GB,receptions,player_receptions,2.5,3.08892,3.08892,1.736391037685184,25000,3.08892,uncalibrated_mc_only,mc_fallback_no_oos_weights,1.0,0.0,0.0,0,3.693241442143229,1,hist_gradient_boosting_lagged_player_history_v2,2026-W01 pregame,2.482323579333676,1,first_order_markov_outcome_regime_v2,2026-W01 pregame,1,prior_only,1,,0,,,,,,,,0,,,,,0,2026,1,draftkings,DraftKings,-111.0,-115.0,OVER,0.60324,0.4958445875753168,-111.0,-152.04153644520616,0.1073954124246832,0.1073954124246832,aaronjones,False,,,False,aaronjones,True,RB_R26_WEEK1_RECEPTIONS_PRODUCTION_V1,1.633,3.08892,1.45592,0,,,,,,,,2026-09-20T15:36:11Z,35520068364,a71609590d6f2247c2cc08210b077c34ab339d30,2.5,OVER,00-0033293,RESOLVED_GSIS,True,0.0,stats_table,3.08892,2.5,false,UNDER,LOSS,-1.0,RB
cb77efed7e711d25a72c1a2a0a1af119,Christian Watson,christianwatson,GB,MIN,receptions,player_receptions,3.5,3.49,3.49,1.835373189242382,25000,3.49,uncalibrated_mc_only,mc_fallback_no_oos_weights,1.0,0.0,0.0,0,4.388122064289902,1,hist_gradient_boosting_lagged_player_history_v2,2026-W01 pregame,3.6142615717552737,1,first_order_markov_outcome_regime_v2,2026-W01 pregame,1,prior_only,1,WR1,0,,,,,,,,0,,,,,0,2026,1,draftkings,DraftKings,-150.0,117.0,UNDER,0.53552,0.4344048653344917,117.0,-115.29452290733724,0.1011151346655082,0.1011151346655082,christianwatson,False,,,False,christianwatson,False,,,,,0,,,,,,,,2026-09-20T15:36:11Z,35520068364,a71609590d6f2247c2cc08210b077c34ab339d30,3.5,UNDER,00-0038124,RESOLVED_GSIS,True,6.0,stats_table,-2.51,-2.5,false,OVER,LOSS,-1.0,WR
cb77efed7e711d25a72c1a2a0a1af119,Jauan Jennings,jauanjennings,MIN,GB,receptions,player_receptions,2.5,1.41284,1.41284,1.1709389302261382,25000,1.41284,uncalibrated_mc_only,mc_fallback_no_oos_weights,1.0,0.0,0.0,0,3.909360817991181,1,hist_gradient_boosting_lagged_player_history_v2,2026-W01 pregame,3.6142615717552737,1,first_order_markov_outcome_regime_v2,2026-W01 pregame,1,prior_only,1,,0,,,,,,,,0,,,,,0,2026,1,draftkings,DraftKings,129.0,-165.0,UNDER,0.83304,0.587773197479972,-165.0,-498.9458552946814,0.2452668025200279,0.2452668025200279,jauanjennings,False,,,False,jauanjennings,False,,,,,0,,,,,,,,2026-09-20T15:36:11Z,35520068364,a71609590d6f2247c2cc08210b077c34ab339d30,2.5,UNDER,00-0036259,RESOLVED_GSIS,True,0.0,stats_table,1.41284,2.5,true,UNDER,WIN,0.6060606060606061,WR
cb77efed7e711d25a72c1a2a0a1af119,Jayden Reed,jaydenreed,GB,MIN,receptions,player_receptions,3.5,1.89716,1.89716,1.3603006840835024,25000,1.89716,uncalibrated_mc_only,mc_fallback_no_oos_weights,1.0,0.0,0.0,0,2.9705085689455166,1,hist_gradient_boosting_lagged_player_history_v2,2026-W01 pregame,3.6142615717552737,1,first_order_markov_outcome_regime_v2,2026-W01 pregame,1,prior_only,1,WR1_5,0,,,,,,,,0,,,,,0,2026,1,draftkings,DraftKings,-137.0,108.0,UNDER,0.8774,0.454057782205533,108.0,-715.6606851549752,0.4233422177944669,0.4233422177944669,jaydenreed,False,,,False,jaydenreed,False,,,,,0,,,,,,,,2026-09-20T15:36:11Z,35520068364,a71609590d6f2247c2cc08210b077c34ab339d30,3.5,UNDER,00-0039146,RESOLVED_GSIS,True,3.0,stats_table,-1.10284,0.5,false,UNDER,WIN,1.08,WR
cb77efed7e711d25a72c1a2a0a1af119,Jordan Addison,jordanaddison,MIN,GB,receptions,player_receptions,3.5,2.87724,2.87724,1.6675614569929689,25000,2.87724,uncalibrated_mc_only,mc_fallback_no_oos_weights,1.0,0.0,0.0,0,1.6384831188499127,1,hist_gradient_boosting_lagged_player_history_v2,2026-W01 pregame,2.0559642320116414,1,first_order_markov_outcome_regime_v2,2026-W01 pregame,1,prior_only,1,WR1_5,0,,,,,,,,0,,,,,0,2026,1,draftkings,DraftKings,-104.0,-122.0,UNDER,0.6744399999999999,0.5187593796898451,-122.0,-207.1630421427693,0.1556806203101548,0.1556806203101548,jordanaddison,False,,,False,jordanaddison,False,,,,,0,,,,,,,,2026-09-20T15:36:11Z,35520068364,a71609590d6f2247c2cc08210b077c34ab339d30,3.5,UNDER,00-0038994,RESOLVED_GSIS,True,0.0,stats_table,2.87724,3.5,true,UNDER,WIN,0.819672131147541,WR
cb77efed7e711d25a72c1a2a0a1af119,Justin Jefferson,justinjefferson,MIN,GB,receptions,player_receptions,5.5,3.54484,3.54484,1.847020799512922,25000,3.54484,uncalibrated_mc_only,mc_fallback_no_oos_weights,1.0,0.0,0.0,0,5.987887389148912,1,hist_gradient_boosting_lagged_player_history_v2,2026-W01 pregame,3.6142615717552737,1,first_order_markov_outcome_regime_v2,2026-W01 pregame,1,prior_only,1,WR1,0,,,,,,,,0,,,,,0,2026,1,draftkings,DraftKings,-146.0,114.0,UNDER,0.85604,0.4405128572451831,114.0,-594.6373992775772,0.4155271427548169,0.4155271427548169,justinjefferson,False,,,False,justinjefferson,False,,,,,0,,,,,,,,2026-09-20T15:36:11Z,35520068364,a71609590d6f2247c2cc08210b077c34ab339d30,5.5,UNDER,00-0036322,RESOLVED_GSIS,True,8.0,stats_table,-4.455159999999999,-2.5,false,OVER,LOSS,-1.0,WR
cb77efed7e711d25a72c1a2a0a1af119,MarShawn Lloyd,marshawnlloyd,GB,MIN,receptions,player_receptions,1.5,2.395,2.395,1.5206930986560083,25000,2.395,uncalibrated_mc_only,mc_fallback_no_oos_weights,1.0,0.0,0.0,0,1.4608249195491787,1,hist_gradient_boosting_lagged_player_history_v2,2026-W01 pregame,,0,first_order_markov_outcome_regime_v2,2026-W01 pregame,1,position_prior_only,1,,0,,,,,,,,0,,,,,0,2026,1,draftkings,DraftKings,-163.0,128.0,OVER,0.69448,0.5855918315895626,-163.0,-227.31081434930607,0.1088881684104373,0.1088881684104373,marshawnlloyd,False,,,False,marshawnlloyd,True,RB_R26_WEEK1_RECEPTIONS_PRODUCTION_V1,1.4838,2.395,0.9112,0,,,,,,,,2026-09-20T15:36:11Z,35520068364,a71609590d6f2247c2cc08210b077c34ab339d30,1.5,OVER,00-0039811,RESOLVED_GSIS,True,0.0,stats_table,2.395,1.5,false,UNDER,LOSS,-1.0,RB
cb77efed7e711d25a72c1a2a0a1af119,Matthew Golden,matthewgolden,GB,MIN,receptions,player_receptions,3.5,3.0914,3.0914,1.742310955569825,25000,3.0914,uncalibrated_mc_only,mc_fallback_no_oos_weights,1.0,0.0,0.0,0,2.0813919787149056,1,hist_gradient_boosting_lagged_player_history_v2,2026-W01 pregame,2.0559642320116414,1,first_order_markov_outcome_regime_v2,2026-W01 pregame,1,prior_only,1,,0,,,,,,,,0,,,,,0,2026,1,draftkings,DraftKings,107.0,-137.0,UNDER,0.62436,0.5447473059413358,-137.0,-166.21233095516985,0.0796126940586642,0.0796126940586642,matthewgolden,False,,,False,matthewgolden,False,,,,,0,,,,,,,,2026-09-20T15:36:11Z,35520068364,a71609590d6f2247c2cc08210b077c34ab339d30,3.5,UNDER,00-0040667,RESOLVED_GSIS,True,6.0,stats_table,-2.9086,-2.5,false,OVER,LOSS,-1.0,WR
cb77efed7e711d25a72c1a2a0a1af119,T.J. Hockenson,tjhockenson,MIN,GB,receptions,player_receptions,3.5,2.5034,2.5034,1.5662970891446035,25000,2.5034,uncalibrated_mc_only,mc_fallback_no_oos_weights,1.0,0.0,0.0,0,3.025595790261294,1,hist_gradient_boosting_lagged_player_history_v2,2026-W01 pregame,1.9717362162783365,1,first_order_markov_outcome_regime_v2,2026-W01 pregame,1,prior_only,1,,0,,,,,,,,0,,,,,0,2026,1,draftkings,DraftKings,-108.0,-119.0,UNDER,0.75676,0.5113626972977441,-119.0,-311.11659266568,0.2453973027022559,0.2453973027022559,tjhockenson,False,,,False,tjhockenson,False,,,,,0,,,,,,,,2026-09-20T15:36:11Z,35520068364,a71609590d6f2247c2cc08210b077c34ab339d30,3.5,UNDER,00-0035229,RESOLVED_GSIS,True,4.0,stats_table,-1.4966,-0.5,false,OVER,LOSS,-1.0,TE
cb77efed7e711d25a72c1a2a0a1af119,Tucker Kraft,tuckerkraft,GB,MIN,receptions,player_receptions,4.5,3.25496,3.25496,1.7729977832037944,25000,3.25496,uncalibrated_mc_only,mc_fallback_no_oos_weights,1.0,0.0,0.0,0,4.414259222990943,1,hist_gradient_boosting_lagged_player_history_v2,2026-W01 pregame,2.2700868035699497,1,first_order_markov_outcome_regime_v2,2026-W01 pregame,1,prior_only,1,,0,,,,,,,,0,,,,,0,2026,1,draftkings,DraftKings,123.0,-158.0,UNDER,0.77244,0.5772847920831012,-158.0,-339.4445420987872,0.1951552079168987,0.1951552079168987,tuckerkraft,False,,,False,tuckerkraft,False,,,,,0,,,,,,,,2026-09-20T15:36:11Z,35520068364,a71609590d6f2247c2cc08210b077c34ab339d30,4,UNDER,00-0038996,RESOLVED_GSIS,True,3.0,stats_table,0.2549600000000001,1.5,true,UNDER,WIN,0.6329113924050633,TE
e55c6fe19fce094ce214c8b0e5b504e9,Bhayshul Tuten,bhayshultuten,JAX,CLE,receptions,player_receptions,1.5,0.6376,0.6376,0.7978293685168846,25000,0.6376,uncalibrated_mc_only,mc_fallback_no_oos_weights,1.0,0.0,0.0,0,1.3563907194565052,1,hist_gradient_boosting_lagged_player_history_v2,2026-W01 pregame,1.8399854119191623,1,first_order_markov_outcome_regime_v2,2026-W01 pregame,1,prior_only,1,,0,,,,,,,,0,,,,,0,2026,1,draftkings,DraftKings,-154.0,120.0,UNDER,0.8656,0.4284750337381916,120.0,-644.0476190476193,0.4371249662618084,0.4371249662618084,bhayshultuten,False,,,False,bhayshultuten,True,RB_R26_WEEK1_RECEPTIONS_PRODUCTION_V1,0.64212,0.6376,-0.00452,0,,,,,,,,2026-09-20T15:36:11Z,35520068364,a71609590d6f2247c2cc08210b077c34ab339d30,1.5,UNDER,00-0040719,RESOLVED_GSIS,True,1.0,stats_table,-0.36240000000000006,0.5,true,UNDER,WIN,1.2,RB
e55c6fe19fce094ce214c8b0e5b504e9,Brenton Strange,brentonstrange,JAX,CLE,receptions,player_receptions,3.5,2.65392,2.65392,1.5973261068509663,25000,2.65392,uncalibrated_mc_only,mc_fallback_no_oos_weights,1.0,0.0,0.0,0,3.6748048648210254,1,hist_gradient_boosting_lagged_player_history_v2,2026-W01 pregame,3.3976549397819324,1,first_order_markov_outcome_regime_v2,2026-W01 pregame,1,prior_only,1,,0,,,,,,,,0,,,,,0,2026,1,draftkings,DraftKings,108.0,-138.0,UNDER,0.7256,0.546701203717812,-138.0,-264.4314868804665,0.178898796282188,0.178898796282188,brentonstrange,False,,,False,brentonstrange,False,,,,,0,,,,,,,,2026-09-20T15:36:11Z,35520068364,a71609590d6f2247c2cc08210b077c34ab339d30,3.5,UNDER,00-0038935,RESOLVED_GSIS,True,2.0,stats_table,0.6539199999999998,1.5,true,UNDER,WIN,0.7246376811594203,TE
e55c6fe19fce094ce214c8b0e5b504e9,Brian Thomas Jr,brianthomasjr,JAX,CLE,receptions,player_receptions,2.5,1.81268,1.81268,1.337603373542171,25000,1.81268,uncalibrated_mc_only,mc_fallback_no_oos_weights,1.0,0.0,0.0,0,,0,,,,0,,,0,,0,,0,,,,,,,,0,,,,,0,2026,1,draftkings,DraftKings,-161.0,126.0,UNDER,0.7252000000000001,0.4176935633581923,126.0,-263.9010189228531,0.3075064366418077,0.3075064366418077,brianthomas,False,,,False,brianthomas,False,,,,,0,,,,,,,,2026-09-20T15:36:11Z,35520068364,a71609590d6f2247c2cc08210b077c34ab339d30,2.5,UNDER,00-0039893,RESOLVED_GSIS,True,3.0,stats_table,-1.18732,-0.5,false,OVER,LOSS,-1.0,WR
e55c6fe19fce094ce214c8b0e5b504e9,Denzel Boston,denzelboston,CLE,JAX,receptions,player_receptions,2.5,1.38156,1.38156,1.162697742769651,25000,1.38156,uncalibrated_mc_only,mc_fallback_no_oos_weights,1.0,0.0,0.0,0,1.4547198296685635,1,hist_gradient_boosting_lagged_player_history_v2,2026-W01 pregame,,0,first_order_markov_outcome_regime_v2,2026-W01 pregame,1,position_prior_only,1,,0,,,,,,,,0,,,,,0,2026,1,draftkings,DraftKings,105.0,-134.0,UNDER,0.83948,0.5400039315903282,-134.0,-522.975330176925,0.2994760684096718,0.2994760684096718,denzelboston,False,,,False,denzelboston,False,,,,,0,,,,,,,,2026-09-20T15:36:11Z,35520068364,a71609590d6f2247c2cc08210b077c34ab339d30,2.5,UNDER,00-0041037,RESOLVED_GSIS,True,2.0,stats_table,-0.6184400000000001,0.5,false,UNDER,WIN,0.746268656716418,WR
e55c6fe19fce094ce214c8b0e5b504e9,Harold Fannin Jr.,haroldfanninjr,CLE,JAX,receptions,player_receptions,4.5,2.6498,2.6498,1.61165252363972,25000,2.6498,uncalibrated_mc_only,mc_fallback_no_oos_weights,1.0,0.0,0.0,0,,0,,,,0,,,0,,0,,0,,,,,,,,0,,,,,0,2026,1,draftkings,DraftKings,123.0,-157.0,UNDER,0.87032,0.5766829734315033,-157.0,-671.128932757557,0.2936370265684966,0.2936370265684966,haroldfannin,False,,,False,haroldfannin,False,,,,,0,,,,,,,,2026-09-20T15:36:11Z,35520068364,a71609590d6f2247c2cc08210b077c34ab339d30,4.5,UNDER,00-0040663,RESOLVED_GSIS,True,2.0,stats_table,0.6497999999999999,2.5,true,UNDER,WIN,0.6369426751592356,TE
e55c6fe19fce094ce214c8b0e5b504e9,Jakobi Meyers,jakobimeyers,JAX,CLE,receptions,player_receptions,3.5,3.83676,3.83676,1.915437145504476,25000,3.83676,uncalibrated_mc_only,mc_fallback_no_oos_weights,1.0,0.0,0.0,0,4.06855634065461,1,hist_gradient_boosting_lagged_player_history_v2,2026-W01 pregame,3.6142615717552737,1,first_order_markov_outcome_regime_v2,2026-W01 pregame,1,prior_only,1,WR1,0,,,,,,,,0,,,,,0,2026,1,draftkings,DraftKings,-103.0,-124.0,OVER,0.53728,0.4782356355194428,-103.0,-116.11341632088518,0.0590443644805571,0.0590443644805571,jakobimeyers,False,,,False,jakobimeyers,False,,,,,0,,,,,,,,2026-09-20T15:36:11Z,35520068364,a71609590d6f2247c2cc08210b077c34ab339d30,3.5,OVER,00-0034960,RESOLVED_GSIS,True,2.0,stats_table,1.83676,1.5,false,UNDER,LOSS,-1.0,WR
e55c6fe19fce094ce214c8b0e5b504e9,Jerry Jeudy,jerryjeudy,CLE,JAX,receptions,player_receptions,2.5,2.49084,2.49084,1.5456557367234978,25000,2.49084,uncalibrated_mc_only,mc_fallback_no_oos_weights,1.0,0.0,0.0,0,4.287630078921324,1,hist_gradient_boosting_lagged_player_history_v2,2026-W01 pregame,2.626403303976744,1,first_order_markov_outcome_regime_v2,2026-W01 pregame,1,prior_only,1,WR1,0,,,,,,,,0,,,,,0,2026,1,draftkings,DraftKings,-171.0,134.0,UNDER,0.54016,0.4037905653067913,134.0,-117.46694502435628,0.1363694346932086,0.1363694346932086,jerryjeudy,False,,,False,jerryjeudy,False,,,,,0,,,,,,,,2026-09-20T15:36:11Z,35520068364,a71609590d6f2247c2cc08210b077c34ab339d30,2.5,UNDER,00-0036407,RESOLVED_GSIS,True,2.0,stats_table,0.49083999999999994,0.5,true,UNDER,WIN,1.34,WR
e55c6fe19fce094ce214c8b0e5b504e9,KC Concepcion,kcconcepcion,CLE,JAX,receptions,player_receptions,3.5,1.26268,1.26268,1.1153335717887516,25000,1.26268,uncalibrated_mc_only,mc_fallback_no_oos_weights,1.0,0.0,0.0,0,1.4547198296685635,1,hist_gradient_boosting_lagged_player_history_v2,2026-W01 pregame,,0,first_order_markov_outcome_regime_v2,2026-W01 pregame,1,position_prior_only,1,,0,,,,,,,,0,,,,,0,2026,1,draftkings,DraftKings,-105.0,-121.0,UNDER,0.96188,0.5166631951676735,-121.0,-2523.294858342075,0.4452168048323265,0.4452168048323265,kcconcepcion,False,,,False,kcconcepcion,False,,,,,0,,,,,,,,2026-09-20T15:36:11Z,35520068364,a71609590d6f2247c2cc08210b077c34ab339d30,3.5,UNDER,00-0041547,RESOLVED_GSIS,True,4.0,stats_table,-2.73732,-0.5,false,OVER,LOSS,-1.0,WR
e55c6fe19fce094ce214c8b0e5b504e9,Parker Washington,parkerwashington,JAX,CLE,receptions,player_receptions,4.5,2.55124,2.55124,1.5771474116766404,25000,2.55124,uncalibrated_mc_only,mc_fallback_no_oos_weights,1.0,0.0,0.0,0,4.131074016651552,1,hist_gradient_boosting_lagged_player_history_v2,2026-W01 pregame,3.6142615717552737,1,first_order_markov_outcome_regime_v2,2026-W01 pregame,1,prior_only,1,WR1_5,0,,,,,,,,0,,,,,0,2026,1,draftkings,DraftKings,119.0,-152.0,UNDER,0.88724,0.5691423881821911,-152.0,-786.8393047179853,0.3180976118178089,0.3180976118178089,parkerwashington,False,,,False,parkerwashington,False,,,,,0,,,,,,,,2026-09-20T15:36:11Z,35520068364,a71609590d6f2247c2cc08210b077c34ab339d30,4.5,UNDER,00-0038606,RESOLVED_GSIS,True,5.0,stats_table,-2.44876,-0.5,false,OVER,LOSS,-1.0,WR
e55c6fe19fce094ce214c8b0e5b504e9,Quinshon Judkins,quinshonjudkins,CLE,JAX,receptions,player_receptions,1.5,1.62052,1.62052,1.2673196808883471,25000,1.62052,uncalibrated_mc_only,mc_fallback_no_oos_weights,1.0,0.0,0.0,0,2.8120451040069505,1,hist_gradient_boosting_lagged_player_history_v2,2026-W01 pregame,2.482323579333676,1,first_order_markov_outcome_regime_v2,2026-W01 pregame,1,prior_only,1,,0,,,,,,,,0,,,,,0,2026,1,draftkings,DraftKings,-140.0,110.0,OVER,0.4858,0.550561797752809,-140.0,105.8460271716756,-0.0647617977528089,0.0647617977528089,quinshonjudkins,False,,,False,quinshonjudkins,True,RB_R26_WEEK1_RECEPTIONS_PRODUCTION_V1,1.22744,1.62052,0.3930799999999999,0,,,,,,,,2026-09-20T15:36:11Z,35520068364,a71609590d6f2247c2cc08210b077c34ab339d30,1.5,OVER,00-0040784,RESOLVED_GSIS,True,2.0,stats_table,-0.37948000000000004,-0.5,true,OVER,WIN,0.7142857142857143,RB
ed6d24ff979f9c71979fead577b0b3f7,Andrei Iosivas,andreiiosivas,CIN,TB,receptions,player_receptions,1.5,1.41816,1.41816,1.1792191639866902,25000,1.41816,uncalibrated_mc_only,mc_fallback_no_oos_weights,1.0,0.0,0.0,0,1.96857707259403,1,hist_gradient_boosting_lagged_player_history_v2,2026-W01 pregame,2.626403303976744,1,first_order_markov_outcome_regime_v2,2026-W01 pregame,1,prior_only,1,,0,,,,,,,,0,,,,,0,2026,1,draftkings,DraftKings,-105.0,-121.0,UNDER,0.583,0.5166631951676735,-121.0,-139.8081534772182,0.0663368048323265,0.0663368048323265,andreiiosivas,False,,,False,andreiiosivas,False,,,,,0,,,,,,,,2026-09-20T15:36:11Z,35520068364,a71609590d6f2247c2cc08210b077c34ab339d30,1.5,UNDER,00-0038619,RESOLVED_GSIS,True,2.0,stats_table,-0.5818399999999999,-0.5,false,OVER,LOSS,-1.0,WR
ed6d24ff979f9c71979fead577b0b3f7,Bucky Irving,buckyirving,TB,CIN,receptions,player_receptions,2.5,3.11412,3.11412,1.734963120495989,25000,3.11412,uncalibrated_mc_only,mc_fallback_no_oos_weights,1.0,0.0,0.0,0,2.0308678017882285,1,hist_gradient_boosting_lagged_player_history_v2,2026-W01 pregame,1.8399854119191623,1,first_order_markov_outcome_regime_v2,2026-W01 pregame,1,prior_only,1,,0,,,,,,,,0,,,,,0,2026,1,draftkings,DraftKings,150.0,-193.0,OVER,0.60516,0.3778207607994842,150.0,-153.2671461857968,0.2273392392005158,0.2273392392005158,buckyirving,False,,,False,buckyirving,True,RB_R26_WEEK1_RECEPTIONS_PRODUCTION_V1,1.94268,3.11412,1.1714400000000005,0,,,,,,,,2026-09-20T15:36:11Z,35520068364,a71609590d6f2247c2cc08210b077c34ab339d30,2.5,OVER,00-0039361,RESOLVED_GSIS,True,7.0,stats_table,-3.88588,-4.5,true,OVER,WIN,1.5,RB
ed6d24ff979f9c71979fead577b0b3f7,Cade Otton,cadeotton,TB,CIN,receptions,player_receptions,3.5,3.23452,3.23452,1.779024161353259,25000,3.23452,uncalibrated_mc_only,mc_fallback_no_oos_weights,1.0,0.0,0.0,0,4.391391743298132,1,hist_gradient_boosting_lagged_player_history_v2,2026-W01 pregame,3.3976549397819324,1,first_order_markov_outcome_regime_v2,2026-W01 pregame,1,prior_only,1,,0,,,,,,,,0,,,,,0,2026,1,draftkings,DraftKings,113.0,-144.0,UNDER,0.59196,0.5569436374201046,-144.0,-145.07401235173026,0.0350163625798954,0.0350163625798954,cadeotton,False,,,False,cadeotton,False,,,,,0,,,,,,,,2026-09-20T15:36:11Z,35520068364,a71609590d6f2247c2cc08210b077c34ab339d30,3.5,UNDER,00-0038129,RESOLVED_GSIS,True,3.0,stats_table,0.23451999999999984,0.5,true,UNDER,WIN,0.6944444444444444,TE
ed6d24ff979f9c71979fead577b0b3f7,Chase Brown,chasebrown,CIN,TB,receptions,player_receptions,3.5,2.20244,2.20244,1.4684223837070445,25000,2.20244,uncalibrated_mc_only,mc_fallback_no_oos_weights,1.0,0.0,0.0,0,2.855015480909246,1,hist_gradient_boosting_lagged_player_history_v2,2026-W01 pregame,2.482323579333676,1,first_order_markov_outcome_regime_v2,2026-W01 pregame,1,prior_only,1,,0,,,,,,,,0,,,,,0,2026,1,draftkings,DraftKings,-108.0,-118.0,UNDER,0.8224,0.510397604391948,-118.0,-463.0630630630632,0.312002395608052,0.312002395608052,chasebrown,False,,,False,chasebrown,False,,2.20244,2.20244,0.0,0,,,,,,,,2026-09-20T15:36:11Z,35520068364,a71609590d6f2247c2cc08210b077c34ab339d30,3.5,UNDER,00-0038597,RESOLVED_GSIS,True,5.0,stats_table,-2.79756,-1.5,false,OVER,LOSS,-1.0,RB
ed6d24ff979f9c71979fead577b0b3f7,Chris Godwin,chrisgodwin,TB,CIN,receptions,player_receptions,4.5,2.79368,2.79368,1.6548176922137914,25000,2.79368,uncalibrated_mc_only,mc_fallback_no_oos_weights,1.0,0.0,0.0,0,1.4547198296685635,1,hist_gradient_boosting_lagged_player_history_v2,2026-W01 pregame,,0,first_order_markov_outcome_regime_v2,2026-W01 pregame,1,prior_only,1,WR1_5,0,,,,,,,,0,,,,,0,2026,1,draftkings,DraftKings,110.0,-140.0,UNDER,0.85284,0.550561797752809,-140.0,-579.5324816526232,0.302278202247191,0.302278202247191,chrisgodwin,False,,,False,chrisgodwin,False,,,,,0,,,,,,,,2026-09-20T15:36:11Z,35520068364,a71609590d6f2247c2cc08210b077c34ab339d30,4.5,UNDER,00-0033921,RESOLVED_GSIS,True,4.0,stats_table,-1.2063199999999998,0.5,false,UNDER,WIN,0.7142857142857143,WR
ed6d24ff979f9c71979fead577b0b3f7,Emeka Egbuka,emekaegbuka,TB,CIN,receptions,player_receptions,4.5,2.93412,2.93412,1.698792294958526,25000,2.93412,uncalibrated_mc_only,mc_fallback_no_oos_weights,1.0,0.0,0.0,0,2.74205771910681,1,hist_gradient_boosting_lagged_player_history_v2,2026-W01 pregame,2.0559642320116414,1,first_order_markov_outcome_regime_v2,2026-W01 pregame,1,prior_only,1,WR1,0,,,,,,,,0,,,,,0,2026,1,draftkings,DraftKings,103.0,-131.0,UNDER,0.82472,0.5351457951824201,-131.0,-470.51574623459607,0.2895742048175799,0.2895742048175799,emekaegbuka,False,,,False,emekaegbuka,False,,,,,0,,,,,,,,2026-09-20T15:36:11Z,35520068364,a71609590d6f2247c2cc08210b077c34ab339d30,4.5,UNDER,00-0040129,RESOLVED_GSIS,True,5.0,stats_table,-2.06588,-0.5,false,OVER,LOSS,-1.0,WR
ed6d24ff979f9c71979fead577b0b3f7,Ja'Marr Chase,jamarrchase,CIN,TB,receptions,player_receptions,7.5,4.90628,4.90628,2.157888509843091,25000,4.90628,uncalibrated_mc_only,mc_fallback_no_oos_weights,1.0,0.0,0.0,0,6.39398740747628,1,hist_gradient_boosting_lagged_player_history_v2,2026-W01 pregame,3.6142615717552737,1,first_order_markov_outcome_regime_v2,2026-W01 pregame,1,prior_only,1,WR1,0,,,,,,,,0,,,,,0,2026,1,draftkings,DraftKings,116.0,-148.0,UNDER,0.88072,0.5631341600901916,-148.0,-738.363514419852,0.3175858399098084,0.3175858399098084,jamarrchase,False,,,False,jamarrchase,False,,,,,0,,,,,,,,2026-09-20T15:36:11Z,35520068364,a71609590d6f2247c2cc08210b077c34ab339d30,7.5,UNDER,00-0036900,RESOLVED_GSIS,True,2.0,stats_table,2.9062799999999998,5.5,true,UNDER,WIN,0.6756756756756757,WR
ed6d24ff979f9c71979fead577b0b3f7,Kenny Gainwell,kennygainwell,TB,CIN,receptions,player_receptions,3.5,1.6624,1.6624,1.278347216864133,25000,1.6624,uncalibrated_mc_only,mc_fallback_no_oos_weights,1.0,0.0,0.0,0,3.640786013528348,1,hist_gradient_boosting_lagged_player_history_v2,2026-W01 pregame,2.482323579333676,1,first_order_markov_outcome_regime_v2,2026-W01 pregame,1,prior_only,1,,0,,,,,,,,0,,,,,0,2026,1,draftkings,DraftKings,125.0,-160.0,UNDER,0.9152,0.5806451612903226,-160.0,-1079.245283018868,0.3345548387096774,0.3345548387096774,kennygainwell,False,,,False,kennygainwell,True,RB_R26_WEEK1_RECEPTIONS_PRODUCTION_V1,2.60028,1.6624,-0.93788,0,,,,,,,,2026-09-20T15:36:11Z,35520068364,a71609590d6f2247c2cc08210b077c34ab339d30,3.5,UNDER,00-0036919,RESOLVED_GSIS,True,1.0,stats_table,0.6624000000000001,2.5,true,UNDER,WIN,0.625,RB
ed6d24ff979f9c71979fead577b0b3f7,Mike Gesicki,mikegesicki,CIN,TB,receptions,player_receptions,2.5,1.7924,1.7924,1.3247839227955946,25000,1.7924,uncalibrated_mc_only,mc_fallback_no_oos_weights,1.0,0.0,0.0,0,2.280165855534866,1,hist_gradient_boosting_lagged_player_history_v2,2026-W01 pregame,2.2700868035699497,1,first_order_markov_outcome_regime_v2,2026-W01 pregame,1,prior_only,1,,0,,,,,,,,0,,,,,0,2026,1,draftkings,DraftKings,121.0,-155.0,UNDER,0.733,0.5732574679943101,-155.0,-274.5318352059925,0.1597425320056898,0.1597425320056898,mikegesicki,False,,,False,mikegesicki,False,,,,,0,,,,,,,,2026-09-20T15:36:11Z,35520068364,a71609590d6f2247c2cc08210b077c34ab339d30,2.5,UNDER,00-0034829,RESOLVED_GSIS,True,5.0,stats_table,-3.2076000000000002,-2.5,false,OVER,LOSS,-1.0,TE
ed6d24ff979f9c71979fead577b0b3f7,Samaje Perine,samajeperine,CIN,TB,receptions,player_receptions,1.5,0.99456,0.99456,0.9973616172722032,25000,0.99456,uncalibrated_mc_only,mc_fallback_no_oos_weights,1.0,0.0,0.0,0,2.219857943568352,1,hist_gradient_boosting_lagged_player_history_v2,2026-W01 pregame,2.482323579333676,1,first_order_markov_outcome_regime_v2,2026-W01 pregame,1,prior_only,1,,0,,,,,,,,0,,,,,0,2026,1,draftkings,DraftKings,128.0,-163.0,UNDER,0.73716,0.5855918315895625,-163.0,-280.4595951909908,0.1515681684104375,0.1515681684104375,samajeperine,False,,,False,samajeperine,False,,0.99456,0.99456,0.0,0,,,,,,,,2026-09-20T15:36:11Z,35520068364,a71609590d6f2247c2cc08210b077c34ab339d30,1.5,UNDER,00-0033526,RESOLVED_GSIS,True,3.0,stats_table,-2.00544,-1.5,false,OVER,LOSS,-1.0,RB
ed6d24ff979f9c71979fead577b0b3f7,Tee Higgins,teehiggins,CIN,TB,receptions,player_receptions,4.5,3.12012,3.12012,1.738589109963516,25000,3.12012,uncalibrated_mc_only,mc_fallback_no_oos_weights,1.0,0.0,0.0,0,4.4421105148888,1,hist_gradient_boosting_lagged_player_history_v2,2026-W01 pregame,3.6142615717552737,1,first_order_markov_outcome_regime_v2,2026-W01 pregame,1,prior_only,1,WR1_5,0,,,,,,,,0,,,,,0,2026,1,draftkings,DraftKings,-141.0,110.0,UNDER,0.79764,0.448706013777695,110.0,-394.1688080648349,0.348933986222305,0.348933986222305,teehiggins,False,,,False,teehiggins,False,,,,,0,,,,,,,,2026-09-20T15:36:11Z,35520068364,a71609590d6f2247c2cc08210b077c34ab339d30,4.5,UNDER,00-0036410,RESOLVED_GSIS,True,3.0,stats_table,0.12012,1.5,true,UNDER,WIN,1.1,WR
fc362aff0d889ec52d358307a70c32ed,Chuba Hubbard,chubahubbard,CAR,CHI,receptions,player_receptions,1.5,2.01572,2.01572,1.405770937698305,25000,2.01572,uncalibrated_mc_only,mc_fallback_no_oos_weights,1.0,0.0,0.0,0,1.9394780202707844,1,hist_gradient_boosting_lagged_player_history_v2,2026-W01 pregame,2.482323579333676,1,first_order_markov_outcome_regime_v2,2026-W01 pregame,1,prior_only,1,,0,,,,,,,,0,,,,,0,2026,1,draftkings,DraftKings,-197.0,153.0,OVER,0.60136,0.626607661457613,-197.0,-150.85289985952238,-0.025247661457613,0.025247661457613,chubahubbard,False,,,False,chubahubbard,True,RB_R26_WEEK1_RECEPTIONS_PRODUCTION_V1,1.43264,2.01572,0.58308,0,,,,,,,,2026-09-20T15:36:11Z,35520068364,a71609590d6f2247c2cc08210b077c34ab339d30,1.5,OVER,00-0036555,RESOLVED_GSIS,True,3.0,stats_table,-0.98428,-1.5,true,OVER,WIN,0.5076142131979695,RB
fc362aff0d889ec52d358307a70c32ed,Cole Kmet,colekmet,CHI,CAR,receptions,player_receptions,1.5,2.01872,2.01872,1.4193978121745745,25000,2.01872,uncalibrated_mc_only,mc_fallback_no_oos_weights,1.0,0.0,0.0,0,2.103677629594567,1,hist_gradient_boosting_lagged_player_history_v2,2026-W01 pregame,2.2700868035699497,1,first_order_markov_outcome_regime_v2,2026-W01 pregame,1,prior_only,1,,0,,,,,,,,0,,,,,0,2026,1,draftkings,DraftKings,-126.0,-101.0,OVER,0.5988,0.5259594617046021,-126.0,-149.25224327018944,0.0728405382953979,0.0728405382953979,colekmet,False,,,False,colekmet,False,,,,,0,,,,,,,,2026-09-20T15:36:11Z,35520068364,a71609590d6f2247c2cc08210b077c34ab339d30,1.5,OVER,00-0036290,RESOLVED_GSIS,True,2.0,stats_table,0.01872000000000007,-0.5,true,OVER,WIN,0.7936507936507936,TE
fc362aff0d889ec52d358307a70c32ed,Colston Loveland,colstonloveland,CHI,CAR,receptions,player_receptions,4.5,3.1546,3.1546,1.7587104828545546,25000,3.1546,uncalibrated_mc_only,mc_fallback_no_oos_weights,1.0,0.0,0.0,0,4.323261409592392,1,hist_gradient_boosting_lagged_player_history_v2,2026-W01 pregame,3.3976549397819324,1,first_order_markov_outcome_regime_v2,2026-W01 pregame,1,prior_only,1,,0,,,,,,,,0,,,,,0,2026,1,draftkings,DraftKings,-139.0,109.0,UNDER,0.789,0.4513606919604918,109.0,-373.9336492890996,0.3376393080395082,0.3376393080395082,colstonloveland,False,,,False,colstonloveland,False,,,,,0,,,,,,,,2026-09-20T15:36:11Z,35520068364,a71609590d6f2247c2cc08210b077c34ab339d30,4.5,UNDER,00-0040126,RESOLVED_GSIS,True,0.0,stats_table,3.1546,4.5,true,UNDER,WIN,1.09,TE
fc362aff0d889ec52d358307a70c32ed,D'Andre Swift,dandreswift,CHI,CAR,receptions,player_receptions,2.5,2.37836,2.37836,1.5154456682517317,25000,2.37836,uncalibrated_mc_only,mc_fallback_no_oos_weights,1.0,0.0,0.0,0,2.0527876706323056,1,hist_gradient_boosting_lagged_player_history_v2,2026-W01 pregame,1.8399854119191623,1,first_order_markov_outcome_regime_v2,2026-W01 pregame,1,prior_only,1,,0,,,,,,,,0,,,,,0,2026,1,draftkings,DraftKings,144.0,-185.0,UNDER,0.57436,0.6129820749592613,-185.0,-134.94032515741,-0.0386220749592612,0.0386220749592612,dandreswift,False,,,False,dandreswift,True,RB_R26_WEEK1_RECEPTIONS_PRODUCTION_V1,1.68552,2.37836,0.6928399999999999,0,,,,,,,,2026-09-20T15:36:11Z,35520068364,a71609590d6f2247c2cc08210b077c34ab339d30,2.5,UNDER,00-0036275,RESOLVED_GSIS,True,1.0,stats_table,1.3783599999999998,1.5,true,UNDER,WIN,0.5405405405405406,RB
fc362aff0d889ec52d358307a70c32ed,Darren Waller,darrenwaller,CAR,CHI,receptions,player_receptions,1.5,2.47132,2.47132,1.5588183518890737,25000,2.47132,uncalibrated_mc_only,mc_fallback_no_oos_weights,1.0,0.0,0.0,0,3.7948901716479297,1,hist_gradient_boosting_lagged_player_history_v2,2026-W01 pregame,1.9717362162783365,1,first_order_markov_outcome_regime_v2,2026-W01 pregame,1,prior_only,1,,0,,,,,,,,0,,,,,0,2026,1,draftkings,DraftKings,-169.0,132.0,OVER,0.70884,0.593090094996067,-169.0,-243.4537711224069,0.115749905003933,0.115749905003933,darrenwaller,False,,,False,darrenwaller,False,,,,,0,,,,,,,,2026-09-20T15:36:11Z,35520068364,a71609590d6f2247c2cc08210b077c34ab339d30,1.5,OVER,00-0031610,RESOLVED_GSIS,True,2.0,stats_table,0.47131999999999996,-0.5,true,OVER,WIN,0.591715976331361,TE
fc362aff0d889ec52d358307a70c32ed,Jalen Coker,jalencoker,CAR,CHI,receptions,player_receptions,3.5,2.56604,2.56604,1.5811068004244917,25000,2.56604,uncalibrated_mc_only,mc_fallback_no_oos_weights,1.0,0.0,0.0,0,3.638976688792255,1,hist_gradient_boosting_lagged_player_history_v2,2026-W01 pregame,3.6142615717552737,1,first_order_markov_outcome_regime_v2,2026-W01 pregame,1,prior_only,1,,0,,,,,,,,0,,,,,0,2026,1,draftkings,DraftKings,-141.0,111.0,UNDER,0.7440800000000001,0.4475311507678595,111.0,-290.7471084713974,0.2965488492321405,0.2965488492321405,jalencoker,False,,,False,jalencoker,False,,,,,0,,,,,,,,2026-09-20T15:36:11Z,35520068364,a71609590d6f2247c2cc08210b077c34ab339d30,3.5,UNDER,00-0039491,RESOLVED_GSIS,True,8.0,stats_table,-5.43396,-4.5,false,OVER,LOSS,-1.0,WR
fc362aff0d889ec52d358307a70c32ed,Kalif Raymond,kalifraymond,CHI,CAR,receptions,player_receptions,1.5,1.24644,1.24644,1.1029759692031127,25000,1.24644,uncalibrated_mc_only,mc_fallback_no_oos_weights,1.0,0.0,0.0,0,2.21929058677065,1,hist_gradient_boosting_lagged_player_history_v2,2026-W01 pregame,3.6142615717552737,1,first_order_markov_outcome_regime_v2,2026-W01 pregame,1,prior_only,1,,0,,,,,,,,0,,,,,0,2026,1,draftkings,DraftKings,-124.0,-103.0,UNDER,0.6468400000000001,0.4782356355194428,-103.0,-183.15777551251568,0.1686043644805572,0.1686043644805572,kalifraymond,False,,,False,kalifraymond,False,,,,,0,,,,,,,,2026-09-20T15:36:11Z,35520068364,a71609590d6f2247c2cc08210b077c34ab339d30,1.5,UNDER,00-0032464,RESOLVED_GSIS,True,8.0,stats_table,-6.75356,-6.5,false,OVER,LOSS,-1.0,WR
fc362aff0d889ec52d358307a70c32ed,Kyle Monangai,kylemonangai,CHI,CAR,receptions,player_receptions,1.5,0.8304,0.8304,0.9056647553846654,25000,0.8304,uncalibrated_mc_only,mc_fallback_no_oos_weights,1.0,0.0,0.0,0,1.83602400273469,1,hist_gradient_boosting_lagged_player_history_v2,2026-W01 pregame,1.8399854119191623,1,first_order_markov_outcome_regime_v2,2026-W01 pregame,1,prior_only,1,,0,,,,,,,,0,,,,,0,2026,1,draftkings,DraftKings,176.0,-227.0,UNDER,0.7976,0.6570601560533602,-227.0,-394.0711462450592,0.1405398439466397,0.1405398439466397,kylemonangai,False,,,False,kylemonangai,True,RB_R26_WEEK1_RECEPTIONS_PRODUCTION_V1,1.05488,0.8304,-0.22448,0,,,,,,,,2026-09-20T15:36:11Z,35520068364,a71609590d6f2247c2cc08210b077c34ab339d30,1.5,UNDER,00-0040236,RESOLVED_GSIS,True,2.0,stats_table,-1.1696,-0.5,false,OVER,LOSS,-1.0,RB
fc362aff0d889ec52d358307a70c32ed,Luther Burden III,lutherburdeniii,CHI,CAR,receptions,player_receptions,4.5,2.91664,2.91664,1.6944043055416336,25000,2.91664,uncalibrated_mc_only,mc_fallback_no_oos_weights,1.0,0.0,0.0,0,,0,,,,0,,,0,,0,,0,,,,,,,,0,,,,,0,2026,1,draftkings,DraftKings,-134.0,105.0,UNDER,0.83156,0.4599960684096718,105.0,-493.68321063880296,0.3715639315903282,0.3715639315903282,lutherburden,False,,,False,lutherburden,False,,,,,0,,,,,,,,2026-09-20T15:36:11Z,35520068364,a71609590d6f2247c2cc08210b077c34ab339d30,4.5,UNDER,00-0040735,RESOLVED_GSIS,True,5.0,stats_table,-2.08336,-0.5,false,OVER,LOSS,-1.0,WR
fc362aff0d889ec52d358307a70c32ed,Rome Odunze,romeodunze,CHI,CAR,receptions,player_receptions,3.5,3.41696,3.41696,1.813757411297851,25000,3.41696,uncalibrated_mc_only,mc_fallback_no_oos_weights,1.0,0.0,0.0,0,3.29705852709704,1,hist_gradient_boosting_lagged_player_history_v2,2026-W01 pregame,2.626403303976744,1,first_order_markov_outcome_regime_v2,2026-W01 pregame,1,prior_only,1,WR1,0,,,,,,,,0,,,,,0,2026,1,draftkings,DraftKings,125.0,-160.0,UNDER,0.55076,0.5806451612903226,-160.0,-122.59816579111389,-0.0298851612903225,0.0298851612903225,romeodunze,False,,,False,romeodunze,False,,,,,0,,,,,,,,2026-09-20T15:36:11Z,35520068364,a71609590d6f2247c2cc08210b077c34ab339d30,3.5,UNDER,00-0039919,RESOLVED_GSIS,True,2.0,stats_table,1.41696,1.5,true,UNDER,WIN,0.625,WR
fc362aff0d889ec52d358307a70c32ed,Tetairoa McMillan,tetairoamcmillan,CAR,CHI,receptions,player_receptions,4.5,3.50356,3.50356,1.860076805357476,25000,3.50356,uncalibrated_mc_only,mc_fallback_no_oos_weights,1.0,0.0,0.0,0,3.0808400715396944,1,hist_gradient_boosting_lagged_player_history_v2,2026-W01 pregame,3.6142615717552737,1,first_order_markov_outcome_regime_v2,2026-W01 pregame,1,prior_only,1,WR1,0,,,,,,,,0,,,,,0,2026,1,draftkings,DraftKings,-109.0,-117.0,UNDER,0.72656,0.5083149711054754,-117.0,-265.71094207138674,0.2182450288945245,0.2182450288945245,tetairoamcmillan,False,,,False,tetairoamcmillan,False,,,,,0,,,,,,,,2026-09-20T15:36:11Z,35520068364,a71609590d6f2247c2cc08210b077c34ab339d30,4.5,UNDER,00-0040124,RESOLVED_GSIS,True,5.0,stats_table,-1.4964400000000002,-0.5,false,OVER,LOSS,-1.0,WR
fc362aff0d889ec52d358307a70c32ed,Tommy Tremble,tommytremble,CAR,CHI,receptions,player_receptions,1.5,1.8686,1.8686,1.3574268835962298,25000,1.8686,uncalibrated_mc_only,mc_fallback_no_oos_weights,1.0,0.0,0.0,0,2.072346648265345,1,hist_gradient_boosting_lagged_player_history_v2,2026-W01 pregame,3.3976549397819324,1,first_order_markov_outcome_regime_v2,2026-W01 pregame,1,prior_only,1,,0,,,,,,,,0,,,,,0,2026,1,draftkings,DraftKings,-108.0,-118.0,OVER,0.55916,0.4896023956080519,-108.0,-126.83966972144088,0.069557604391948,0.069557604391948,tommytremble,False,,,False,tommytremble,False,,,,,0,,,,,,,,2026-09-20T15:36:11Z,35520068364,a71609590d6f2247c2cc08210b077c34ab339d30,1.5,OVER,00-0037005,RESOLVED_GSIS,True,3.0,stats_table,-1.1314,-1.5,true,OVER,WIN,0.9259259259259259,TE
fc362aff0d889ec52d358307a70c32ed,Xavier Legette,xavierlegette,CAR,CHI,receptions,player_receptions,2.5,1.41948,1.41948,1.182325016777456,25000,1.41948,uncalibrated_mc_only,mc_fallback_no_oos_weights,1.0,0.0,0.0,0,2.041555972353016,1,hist_gradient_boosting_lagged_player_history_v2,2026-W01 pregame,3.6142615717552737,1,first_order_markov_outcome_regime_v2,2026-W01 pregame,1,prior_only,1,WR1_5,0,,,,,,,,0,,,,,0,2026,1,draftkings,DraftKings,127.0,-163.0,UNDER,0.82896,0.5845247310469028,-163.0,-484.6585594013097,0.2444352689530972,0.2444352689530972,xavierlegette,False,,,False,xavierlegette,False,,,,,0,,,,,,,,2026-09-20T15:36:11Z,35520068364,a71609590d6f2247c2cc08210b077c34ab339d30,2,UNDER,00-0039342,RESOLVED_GSIS,True,0.0,stats_table,1.41948,2.5,true,UNDER,WIN,0.6134969325153374,WR
0283a29e1b38ef78b29b904fd56a16dd,Aaron Jones,aaronjones,MIN,CHI,receptions,player_receptions,2.5,1.64804106002212,1.29304,1.4314128878258978,25000,1.6480410600221198,calibrated,nonnegative_oos_linear_blend_v2,0.554082,0.444566,0.001352,4413,2.089895180648167,1,hist_gradient_boosting_lagged_player_history_v2,2026-W02 pregame,1.8450664660405725,1,first_order_markov_outcome_regime_v2,2026-W02 pregame,1,prior+current,1,,0,,,,,,,,0,,,,,0,2026,2,draftkings,DraftKings,-119.0,-107.0,UNDER,0.63,0.4875171638996379,-107.0,-170.27027027027026,0.142482836100362,0.142482836100362,,,,,,,,,,,,0,,,,,,,,2026-09-22T14:30:15Z,35282021679,ca5a001bb817e495ca2d74b1e03ce43886493f43,2.5,UNDER,00-0033293,RESOLVED_GSIS,True,0.0,stats_table,1.64804106002212,2.5,true,UNDER,WIN,0.9345794392523364,RB
0283a29e1b38ef78b29b904fd56a16dd,Cole Kmet,colekmet,CHI,MIN,receptions,player_receptions,1.5,2.081463197041319,1.99052,1.4563653504570635,25000,2.081463197041319,calibrated,nonnegative_oos_linear_blend_v2,0.554082,0.444566,0.001352,4413,2.194249718426598,1,hist_gradient_boosting_lagged_player_history_v2,2026-W02 pregame,2.265587336745729,1,first_order_markov_outcome_regime_v2,2026-W02 pregame,1,prior+current,1,,0,,,,,,,,0,,,,,0,2026,2,draftkings,DraftKings,-109.0,-117.0,OVER,0.59604,0.4916850288945246,-109.0,-147.54926230319833,0.1043549711054754,0.1043549711054754,,,,,,,,,,,,0,,,,,,,,2026-09-22T14:30:15Z,35282021679,ca5a001bb817e495ca2d74b1e03ce43886493f43,1.5,OVER,00-0036290,RESOLVED_GSIS,True,0.0,stats_table,2.081463197041319,1.5,false,UNDER,LOSS,-1.0,TE
0283a29e1b38ef78b29b904fd56a16dd,Colston Loveland,colstonloveland,CHI,MIN,receptions,player_receptions,4.5,3.526322505498361,2.71408,2.123993061840537,25000,3.526322505498361,calibrated,nonnegative_oos_linear_blend_v2,0.554082,0.444566,0.001352,4413,4.543394154430724,1,hist_gradient_boosting_lagged_player_history_v2,2026-W02 pregame,1.9682435500825,1,first_order_markov_outcome_regime_v2,2026-W02 pregame,1,prior+current,1,,0,,,,,,,,0,,,,,0,2026,2,draftkings,DraftKings,124.0,-158.0,UNDER,0.71136,0.5783762583344227,-158.0,-246.4523281596452,0.1329837416655772,0.1329837416655772,,,,,,,,,,,,0,,,,,,,,2026-09-22T14:30:15Z,35282021679,ca5a001bb817e495ca2d74b1e03ce43886493f43,4.5,UNDER,00-0040126,RESOLVED_GSIS,True,1.0,stats_table,2.526322505498361,3.5,true,UNDER,WIN,0.6329113924050633,TE
0283a29e1b38ef78b29b904fd56a16dd,D'Andre Swift,dandreswift,CHI,MIN,receptions,player_receptions,1.5,1.790599138273115,1.74184,1.3436074524412709,25000,1.7905991382731157,calibrated,nonnegative_oos_linear_blend_v2,0.554082,0.444566,0.001352,4413,1.851204135113861,1,hist_gradient_boosting_lagged_player_history_v2,2026-W02 pregame,1.8450664660405725,1,first_order_markov_outcome_regime_v2,2026-W02 pregame,1,prior+current,1,,0,,,,,,,,0,,,,,0,2026,2,draftkings,DraftKings,-136.0,106.0,OVER,0.52048,0.5427774333539988,-136.0,-108.5418752085419,-0.0222974333539986,0.0222974333539986,,,,,,,,,,,,0,,,,,,,,2026-09-22T14:30:15Z,35282021679,ca5a001bb817e495ca2d74b1e03ce43886493f43,1.5,OVER,00-0036275,RESOLVED_GSIS,True,5.0,stats_table,-3.209400861726885,-3.5,true,OVER,WIN,0.7352941176470589,RB
0283a29e1b38ef78b29b904fd56a16dd,Jauan Jennings,jauanjennings,MIN,CHI,receptions,player_receptions,1.5,2.0014513548523487,1.28204,1.7751436993509162,25000,2.0014513548523487,calibrated,nonnegative_oos_linear_blend_v2,0.554082,0.444566,0.001352,4413,2.897933407676818,1,hist_gradient_boosting_lagged_player_history_v2,2026-W02 pregame,2.051334508207548,1,first_order_markov_outcome_regime_v2,2026-W02 pregame,1,prior+current,1,,0,,,,,,,,0,,,,,0,2026,2,draftkings,DraftKings,-142.0,111.0,OVER,0.7204,0.5531922750267716,-142.0,-257.65379113018605,0.1672077249732284,0.1672077249732284,,,,,,,,,,,,0,,,,,,,,2026-09-22T14:30:15Z,35282021679,ca5a001bb817e495ca2d74b1e03ce43886493f43,1.5,OVER,00-0036259,RESOLVED_GSIS,True,0.0,roster_confirmed_verified_zero,2.0014513548523487,1.5,false,UNDER,LOSS,-1.0,WR
0283a29e1b38ef78b29b904fd56a16dd,Jordan Addison,jordanaddison,MIN,CHI,receptions,player_receptions,2.5,2.0149811811638334,2.63604,1.218649988185338,25000,2.014981181163833,calibrated,nonnegative_oos_linear_blend_v2,0.554082,0.444566,0.001352,4413,1.2408179249621796,1,hist_gradient_boosting_lagged_player_history_v2,2026-W02 pregame,2.051334508207548,1,first_order_markov_outcome_regime_v2,2026-W02 pregame,1,prior+current,1,WR1_5,0,,,,,,,,0,,,,,0,2026,2,draftkings,DraftKings,-163.0,127.0,UNDER,0.72792,0.415475268953097,127.0,-267.5389591296678,0.3124447310469029,0.3124447310469029,,,,,,,,,,,,0,,,,,,,,2026-09-22T14:30:15Z,35282021679,ca5a001bb817e495ca2d74b1e03ce43886493f43,2.5,UNDER,00-0038994,RESOLVED_GSIS,True,2.0,stats_table,0.014981181163833401,0.5,true,UNDER,WIN,1.27,WR
0283a29e1b38ef78b29b904fd56a16dd,Josh Oliver,josholiver,MIN,CHI,receptions,player_receptions,1.5,1.6426536777708736,1.27416,1.4470411872865752,25000,1.6426536777708731,calibrated,nonnegative_oos_linear_blend_v2,0.554082,0.444566,0.001352,4413,2.100028977860639,1,hist_gradient_boosting_lagged_player_history_v2,2026-W02 pregame,2.265587336745729,1,first_order_markov_outcome_regime_v2,2026-W02 pregame,1,prior+current,1,,0,,,,,,,,0,,,,,0,2026,2,draftkings,DraftKings,118.0,-150.0,OVER,0.36472,0.4332755632582322,118.0,174.1829348541347,-0.0685555632582322,0.0685555632582322,,,,,,,,,,,,0,,,,,,,,2026-09-22T14:30:15Z,35282021679,ca5a001bb817e495ca2d74b1e03ce43886493f43,1.5,OVER,00-0035249,RESOLVED_GSIS,True,1.0,stats_table,0.6426536777708736,0.5,false,UNDER,LOSS,-1.0,TE
0283a29e1b38ef78b29b904fd56a16dd,Justin Jefferson,justinjefferson,MIN,CHI,receptions,player_receptions,6.5,4.977133172136733,3.99776,2.45830875718134,25000,4.977133172136733,calibrated,nonnegative_oos_linear_blend_v2,0.554082,0.444566,0.001352,4413,6.201922384806579,1,hist_gradient_boosting_lagged_player_history_v2,2026-W02 pregame,3.6113083526713337,1,first_order_markov_outcome_regime_v2,2026-W02 pregame,1,prior+current,1,WR1,0,,,,,,,,0,,,,,0,2026,2,draftkings,DraftKings,121.0,-155.0,UNDER,0.79032,0.5732574679943101,-155.0,-376.9172071728348,0.2170625320056899,0.2170625320056899,,,,,,,,,,,,0,,,,,,,,2026-09-22T14:30:15Z,35282021679,ca5a001bb817e495ca2d74b1e03ce43886493f43,6.5,UNDER,00-0036322,RESOLVED_GSIS,True,3.0,stats_table,1.9771331721367327,3.5,true,UNDER,WIN,0.6451612903225806,WR
0283a29e1b38ef78b29b904fd56a16dd,Kalif Raymond,kalifraymond,CHI,MIN,receptions,player_receptions,2.5,2.283609129048516,1.46976,1.8577448610046456,25000,2.283609129048515,calibrated,nonnegative_oos_linear_blend_v2,0.554082,0.444566,0.001352,4413,3.2939070460532376,1,hist_gradient_boosting_lagged_player_history_v2,2026-W02 pregame,3.6113083526713337,1,first_order_markov_outcome_regime_v2,2026-W02 pregame,1,prior+current,1,,0,,,,,,,,0,,,,,0,2026,2,draftkings,DraftKings,101.0,-128.0,UNDER,0.56368,0.5301681503461919,-128.0,-129.18958562522917,0.033511849653808,0.033511849653808,,,,,,,,,,,,0,,,,,,,,2026-09-22T14:30:15Z,35282021679,ca5a001bb817e495ca2d74b1e03ce43886493f43,2.5,UNDER,00-0032464,RESOLVED_GSIS,True,5.0,stats_table,-2.716390870951484,-2.5,false,OVER,LOSS,-1.0,WR
0283a29e1b38ef78b29b904fd56a16dd,Luther Burden III,lutherburdeniii,CHI,MIN,receptions,player_receptions,4.5,3.6821329017874898,3.06908,2.0578536095071343,25000,3.6821329017874898,calibrated,nonnegative_oos_linear_blend_v2,0.554082,0.444566,0.001352,4413,4.446422867098874,1,hist_gradient_boosting_lagged_player_history_v2,2026-W02 pregame,3.6113083526713337,1,first_order_markov_outcome_regime_v2,2026-W02 pregame,1,prior+current,1,WR1_5,0,,,,,,,,0,,,,,0,2026,2,draftkings,DraftKings,105.0,-134.0,UNDER,0.6306,0.5400039315903282,-134.0,-170.7092582566324,0.0905960684096718,0.0905960684096718,,,,,,,,,,,,0,,,,,,,,2026-09-22T14:30:15Z,35282021679,ca5a001bb817e495ca2d74b1e03ce43886493f43,4.5,UNDER,00-0040735,RESOLVED_GSIS,True,3.0,stats_table,0.6821329017874898,1.5,true,UNDER,WIN,0.746268656716418,WR
0283a29e1b38ef78b29b904fd56a16dd,Rome Odunze,romeodunze,CHI,MIN,receptions,player_receptions,2.5,3.255367263052722,3.32196,1.7682103087280867,25000,3.255367263052721,calibrated,nonnegative_oos_linear_blend_v2,0.554082,0.444566,0.001352,4413,3.1742947211843173,1,hist_gradient_boosting_lagged_player_history_v2,2026-W02 pregame,2.6224225700404347,1,first_order_markov_outcome_regime_v2,2026-W02 pregame,1,prior+current,1,WR1,0,,,,,,,,0,,,,,0,2026,2,draftkings,DraftKings,-126.0,-101.0,OVER,0.6478,0.5259594617046021,-126.0,-183.92958546280525,0.1218405382953979,0.1218405382953979,,,,,,,,,,,,0,,,,,,,,2026-09-22T14:30:15Z,35282021679,ca5a001bb817e495ca2d74b1e03ce43886493f43,2.5,OVER,00-0039919,RESOLVED_GSIS,True,3.0,stats_table,0.25536726305272195,-0.5,true,OVER,WIN,0.7936507936507936,WR
0283a29e1b38ef78b29b904fd56a16dd,T.J. Hockenson,tjhockenson,MIN,CHI,receptions,player_receptions,3.5,2.8051639677063784,2.50976,1.75504261245925,25000,2.805163967706378,calibrated,nonnegative_oos_linear_blend_v2,0.554082,0.444566,0.001352,4413,3.171562578270906,1,hist_gradient_boosting_lagged_player_history_v2,2026-W02 pregame,3.389229448812164,1,first_order_markov_outcome_regime_v2,2026-W02 pregame,1,prior+current,1,,0,,,,,,,,0,,,,,0,2026,2,draftkings,DraftKings,-107.0,-119.0,UNDER,0.75708,0.5124828361003619,-119.0,-311.6581590647126,0.244597163899638,0.244597163899638,,,,,,,,,,,,0,,,,,,,,2026-09-22T14:30:15Z,35282021679,ca5a001bb817e495ca2d74b1e03ce43886493f43,3.5,UNDER,00-0035229,RESOLVED_GSIS,True,3.0,stats_table,-0.19483603229362156,0.5,true,UNDER,WIN,0.8403361344537815,TE
0636ebff776d43f8c829a36713c80b22,Cade Otton,cadeotton,TB,CLE,receptions,player_receptions,2.5,3.623913290394363,3.26304,1.9830552705195283,25000,3.623913290394363,calibrated,nonnegative_oos_linear_blend_v2,0.554082,0.444566,0.001352,4413,4.074399128362423,1,hist_gradient_boosting_lagged_player_history_v2,2026-W02 pregame,3.389229448812164,1,first_order_markov_outcome_regime_v2,2026-W02 pregame,1,prior+current,1,,0,,,,,,,,0,,,,,0,2026,2,draftkings,DraftKings,-152.0,119.0,OVER,0.6344,0.5691423881821913,-152.0,-173.5229759299781,0.0652576118178086,0.0652576118178086,,,,,,,,,,,,0,,,,,,,,2026-09-22T14:30:15Z,35282021679,ca5a001bb817e495ca2d74b1e03ce43886493f43,2.5,OVER,00-0038129,RESOLVED_GSIS,True,5.0,stats_table,-1.3760867096056368,-2.5,true,OVER,WIN,0.6578947368421053,TE
0636ebff776d43f8c829a36713c80b22,Chris Godwin Jr.,chrisgodwinjr,TB,CLE,receptions,player_receptions,3.5,3.1267698248287914,2.82828,1.842670613946298,25000,3.1267698248287905,calibrated,nonnegative_oos_linear_blend_v2,0.554082,0.444566,0.001352,4413,3.4973171519548925,1,hist_gradient_boosting_lagged_player_history_v2,2026-W02 pregame,3.6113083526713337,1,first_order_markov_outcome_regime_v2,2026-W02 pregame,1,prior+current,1,WR1_5,0,,,,,,,,0,,,,,0,2026,2,draftkings,DraftKings,-152.0,119.0,UNDER,0.68828,0.4308576118178087,119.0,-220.80071859360967,0.2574223881821913,0.2574223881821913,,,,,,,,,,,,0,,,,,,,,2026-09-22T14:30:15Z,35282021679,ca5a001bb817e495ca2d74b1e03ce43886493f43,3.5,UNDER,00-0033921,RESOLVED_GSIS,True,3.0,stats_table,0.1267698248287914,0.5,true,UNDER,WIN,1.19,WR
0636ebff776d43f8c829a36713c80b22,Denzel Boston,denzelboston,CLE,TB,receptions,player_receptions,2.5,1.7372303489332843,1.26952,1.5436121953258537,25000,1.7372303489332843,calibrated,nonnegative_oos_linear_blend_v2,0.554082,0.444566,0.001352,4413,2.3174661422119325,1,hist_gradient_boosting_lagged_player_history_v2,2026-W02 pregame,2.6224225700404347,1,first_order_markov_outcome_regime_v2,2026-W02 pregame,1,prior+current,1,,0,,,,,,,,0,,,,,0,2026,2,draftkings,DraftKings,-125.0,-102.0,UNDER,0.63672,0.4761410788381742,-102.0,-175.26976436908166,0.1605789211618257,0.1605789211618257,,,,,,,,,,,,0,,,,,,,,2026-09-22T14:30:15Z,35282021679,ca5a001bb817e495ca2d74b1e03ce43886493f43,2.5,UNDER,00-0041037,RESOLVED_GSIS,True,5.0,stats_table,-3.2627696510667157,-2.5,false,OVER,LOSS,-1.0,WR
0636ebff776d43f8c829a36713c80b22,Emeka Egbuka,emekaegbuka,TB,CLE,receptions,player_receptions,3.5,3.045478553805601,3.08444,1.7114002651033806,25000,3.0454785538056,calibrated,nonnegative_oos_linear_blend_v2,0.554082,0.444566,0.001352,4413,2.9951984201058752,1,hist_gradient_boosting_lagged_player_history_v2,2026-W02 pregame,3.6113083526713337,1,first_order_markov_outcome_regime_v2,2026-W02 pregame,1,prior+current,1,WR1,0,,,,,,,,0,,,,,0,2026,2,draftkings,DraftKings,-147.0,115.0,UNDER,0.6273599999999999,0.4386821774265163,115.0,-168.35551738943747,0.1886778225734836,0.1886778225734836,,,,,,,,,,,,0,,,,,,,,2026-09-22T14:30:15Z,35282021679,ca5a001bb817e495ca2d74b1e03ce43886493f43,3.5,UNDER,00-0040129,RESOLVED_GSIS,True,3.0,stats_table,0.04547855380560106,0.5,true,UNDER,WIN,1.15,WR
0636ebff776d43f8c829a36713c80b22,Harold Fannin Jr.,haroldfanninjr,CLE,TB,receptions,player_receptions,4.5,3.1344912400403766,2.56928,1.942664726710863,25000,3.134491240040376,calibrated,nonnegative_oos_linear_blend_v2,0.554082,0.444566,0.001352,4413,3.841581148808267,1,hist_gradient_boosting_lagged_player_history_v2,2026-W02 pregame,2.265587336745729,1,first_order_markov_outcome_regime_v2,2026-W02 pregame,1,prior+current,1,,0,,,,,,,,0,,,,,0,2026,2,draftkings,DraftKings,129.0,-165.0,UNDER,0.74388,0.587773197479972,-165.0,-290.4419803217242,0.1561068025200279,0.1561068025200279,,,,,,,,,,,,0,,,,,,,,2026-09-22T14:30:15Z,35282021679,ca5a001bb817e495ca2d74b1e03ce43886493f43,4.5,UNDER,00-0040663,RESOLVED_GSIS,True,5.0,stats_table,-1.8655087599596234,-0.5,false,OVER,LOSS,-1.0,TE
0636ebff776d43f8c829a36713c80b22,Jerry Jeudy,jerryjeudy,CLE,TB,receptions,player_receptions,2.5,2.8852974812774828,2.45824,1.810198595460859,25000,2.885297481277483,calibrated,nonnegative_oos_linear_blend_v2,0.554082,0.444566,0.001352,4413,3.4183572974154304,1,hist_gradient_boosting_lagged_player_history_v2,2026-W02 pregame,2.6224225700404347,1,first_order_markov_outcome_regime_v2,2026-W02 pregame,1,prior+current,1,WR1_5,0,,,,,,,,0,,,,,0,2026,2,draftkings,DraftKings,-107.0,-119.0,OVER,0.448,0.487517163899638,-107.0,123.21428571428572,-0.039517163899638,0.039517163899638,,,,,,,,,,,,0,,,,,,,,2026-09-22T14:30:15Z,35282021679,ca5a001bb817e495ca2d74b1e03ce43886493f43,2.5,OVER,00-0036407,RESOLVED_GSIS,True,0.0,stats_table,2.8852974812774828,2.5,false,UNDER,LOSS,-1.0,WR
0636ebff776d43f8c829a36713c80b22,KC Concepcion,kcconcepcion,CLE,TB,receptions,player_receptions,3.5,2.904112963319353,1.58956,2.2933236969589985,25000,2.9041129633193536,calibrated,nonnegative_oos_linear_blend_v2,0.554082,0.444566,0.001352,4413,4.540346968743768,1,hist_gradient_boosting_lagged_player_history_v2,2026-W02 pregame,3.6113083526713337,1,first_order_markov_outcome_regime_v2,2026-W02 pregame,1,prior+current,1,WR1,0,,,,,,,,0,,,,,0,2026,2,draftkings,DraftKings,123.0,-157.0,UNDER,0.526,0.5766829734315033,-157.0,-110.9704641350211,-0.0506829734315033,0.0506829734315033,,,,,,,,,,,,0,,,,,,,,2026-09-22T14:30:15Z,35282021679,ca5a001bb817e495ca2d74b1e03ce43886493f43,3.5,UNDER,00-0041547,RESOLVED_GSIS,True,6.0,stats_table,-3.095887036680647,-2.5,false,OVER,LOSS,-1.0,WR
1fd6628c781f556a7a19638e97d7107f,Adam Trautman,adamtrautman,DEN,JAX,receptions,player_receptions,1.5,1.8503053350892025,1.83636,1.3529905703398326,25000,1.8503053350892025,calibrated,nonnegative_oos_linear_blend_v2,0.554082,0.444566,0.001352,4413,1.866423072142094,1,hist_gradient_boosting_lagged_player_history_v2,2026-W02 pregame,2.265587336745729,1,first_order_markov_outcome_regime_v2,2026-W02 pregame,1,prior+current,1,,0,,,,,,,,0,,,,,0,2026,2,draftkings,DraftKings,166.0,-214.0,OVER,0.55084,0.3555092613559169,166.0,-122.637812806127,0.1953307386440831,0.1953307386440831,,,,,,,,,,,,0,,,,,,,,2026-09-22T14:30:15Z,35282021679,ca5a001bb817e495ca2d74b1e03ce43886493f43,1.5,OVER,00-0036422,RESOLVED_GSIS,True,0.0,roster_confirmed_verified_zero,1.8503053350892025,1.5,false,UNDER,LOSS,-1.0,TE
1fd6628c781f556a7a19638e97d7107f,Bhayshul Tuten,bhayshultuten,JAX,DEN,receptions,player_receptions,1.5,1.0430301750726636,0.76092,1.190162783730692,25000,1.0430301750726638,calibrated,nonnegative_oos_linear_blend_v2,0.554082,0.444566,0.001352,4413,1.3921972660315385,1,hist_gradient_boosting_lagged_player_history_v2,2026-W02 pregame,1.8450664660405725,1,first_order_markov_outcome_regime_v2,2026-W02 pregame,1,prior+current,1,,0,,,,,,,,0,,,,,0,2026,2,draftkings,DraftKings,112.0,-143.0,UNDER,0.82392,0.5550754357697378,-143.0,-467.92367105860967,0.2688445642302621,0.2688445642302621,,,,,,,,,,,,0,,,,,,,,2026-09-22T14:30:15Z,35282021679,ca5a001bb817e495ca2d74b1e03ce43886493f43,1.5,UNDER,00-0040719,RESOLVED_GSIS,True,2.0,stats_table,-0.9569698249273364,-0.5,false,OVER,LOSS,-1.0,RB
1fd6628c781f556a7a19638e97d7107f,Brenton Strange,brentonstrange,JAX,DEN,receptions,player_receptions,3.5,2.912426466842721,2.48316,1.830210236361976,25000,2.9124264668427204,calibrated,nonnegative_oos_linear_blend_v2,0.554082,0.444566,0.001352,4413,3.4494071378455406,1,hist_gradient_boosting_lagged_player_history_v2,2026-W02 pregame,2.265587336745729,1,first_order_markov_outcome_regime_v2,2026-W02 pregame,1,prior+current,1,,0,,,,,,,,0,,,,,0,2026,2,draftkings,DraftKings,-101.0,-126.0,UNDER,0.5465599999999999,0.5259594617046021,-126.0,-120.53634438955535,0.0206005382953978,0.0206005382953978,,,,,,,,,,,,0,,,,,,,,2026-09-22T14:30:15Z,35282021679,ca5a001bb817e495ca2d74b1e03ce43886493f43,3.5,UNDER,00-0038935,RESOLVED_GSIS,True,2.0,stats_table,0.9124264668427209,1.5,true,UNDER,WIN,0.7936507936507936,TE
1fd6628c781f556a7a19638e97d7107f,Brian Thomas Jr,brianthomasjr,JAX,DEN,receptions,player_receptions,2.5,2.490543120337073,1.9742,1.7629223669833862,25000,2.4905431203370725,calibrated,nonnegative_oos_linear_blend_v2,0.554082,0.444566,0.001352,4413,3.130675641061756,1,hist_gradient_boosting_lagged_player_history_v2,2026-W02 pregame,3.6113083526713337,1,first_order_markov_outcome_regime_v2,2026-W02 pregame,1,prior+current,1,,0,,,,,,,,0,,,,,0,2026,2,draftkings,DraftKings,-124.0,-103.0,UNDER,0.41168,0.4782356355194428,-103.0,142.9071123202487,-0.0665556355194427,0.0665556355194427,,,,,,,,,,,,0,,,,,,,,2026-09-22T14:30:15Z,35282021679,ca5a001bb817e495ca2d74b1e03ce43886493f43,2.5,UNDER,00-0039893,RESOLVED_GSIS,True,3.0,stats_table,-0.5094568796629271,-0.5,false,OVER,LOSS,-1.0,WR
1fd6628c781f556a7a19638e97d7107f,Courtland Sutton,courtlandsutton,DEN,JAX,receptions,player_receptions,3.5,2.9128186537613843,2.69304,1.747728945023507,25000,2.9128186537613843,calibrated,nonnegative_oos_linear_blend_v2,0.554082,0.444566,0.001352,4413,3.187621521139021,1,hist_gradient_boosting_lagged_player_history_v2,2026-W02 pregame,2.6224225700404347,1,first_order_markov_outcome_regime_v2,2026-W02 pregame,1,prior+current,1,WR1,0,,,,,,,,0,,,,,0,2026,2,draftkings,DraftKings,-115.0,-111.0,UNDER,0.7156,0.4958445875753169,-111.0,-251.6174402250352,0.2197554124246831,0.2197554124246831,,,,,,,,,,,,0,,,,,,,,2026-09-22T14:30:15Z,35282021679,ca5a001bb817e495ca2d74b1e03ce43886493f43,3.5,UNDER,00-0034348,RESOLVED_GSIS,True,3.0,stats_table,-0.08718134623861573,0.5,true,UNDER,WIN,0.9009009009009009,WR
1fd6628c781f556a7a19638e97d7107f,Evan Engram,evanengram,DEN,JAX,receptions,player_receptions,2.5,2.626534622499925,2.22852,1.7524274568299074,25000,2.6265346224999244,calibrated,nonnegative_oos_linear_blend_v2,0.554082,0.444566,0.001352,4413,3.120278126633908,1,hist_gradient_boosting_lagged_player_history_v2,2026-W02 pregame,3.389229448812164,1,first_order_markov_outcome_regime_v2,2026-W02 pregame,1,prior+current,1,,0,,,,,,,,0,,,,,0,2026,2,draftkings,DraftKings,-148.0,116.0,OVER,0.38532,0.5631341600901917,-148.0,159.52455102252674,-0.1778141600901917,0.1778141600901917,,,,,,,,,,,,0,,,,,,,,2026-09-22T14:30:15Z,35282021679,ca5a001bb817e495ca2d74b1e03ce43886493f43,2.5,OVER,00-0033881,RESOLVED_GSIS,True,1.0,stats_table,1.6265346224999249,1.5,false,UNDER,LOSS,-1.0,TE
1fd6628c781f556a7a19638e97d7107f,Jakobi Meyers,jakobimeyers,JAX,DEN,receptions,player_receptions,3.5,4.020824647549309,3.93212,1.989823010514418,25000,4.020824647549308,calibrated,nonnegative_oos_linear_blend_v2,0.554082,0.444566,0.001352,4413,4.135633895517456,1,hist_gradient_boosting_lagged_player_history_v2,2026-W02 pregame,2.6224225700404347,1,first_order_markov_outcome_regime_v2,2026-W02 pregame,1,prior+current,1,WR1_5,0,,,,,,,,0,,,,,0,2026,2,draftkings,DraftKings,-117.0,-109.0,OVER,0.55604,0.5083149711054754,-117.0,-125.24551761419949,0.0477250288945245,0.0477250288945245,,,,,,,,,,,,0,,,,,,,,2026-09-22T14:30:15Z,35282021679,ca5a001bb817e495ca2d74b1e03ce43886493f43,3.5,OVER,00-0034960,RESOLVED_GSIS,True,1.0,stats_table,3.0208246475493086,2.5,false,UNDER,LOSS,-1.0,WR
1fd6628c781f556a7a19638e97d7107f,Jaylen Waddle,jaylenwaddle,DEN,JAX,receptions,player_receptions,4.5,3.156419377071064,3.47244,1.6637912932693977,25000,3.156419377071063,calibrated,nonnegative_oos_linear_blend_v2,0.554082,0.444566,0.001352,4413,2.7659098373154185,1,hist_gradient_boosting_lagged_player_history_v2,2026-W02 pregame,2.051334508207548,1,first_order_markov_outcome_regime_v2,2026-W02 pregame,1,prior+current,1,WR1_5,0,,,,,,,,0,,,,,0,2026,2,draftkings,DraftKings,105.0,-134.0,UNDER,0.73228,0.5400039315903282,-134.0,-273.524577917227,0.1922760684096718,0.1922760684096718,,,,,,,,,,,,0,,,,,,,,2026-09-22T14:30:15Z,35282021679,ca5a001bb817e495ca2d74b1e03ce43886493f43,4.5,UNDER,00-0036613,RESOLVED_GSIS,True,8.0,stats_table,-4.843580622928936,-3.5,false,OVER,LOSS,-1.0,WR
1fd6628c781f556a7a19638e97d7107f,Parker Washington,parkerwashington,JAX,DEN,receptions,player_receptions,4.5,3.7618164995174617,2.77904,2.225805782346906,25000,3.761816499517462,calibrated,nonnegative_oos_linear_blend_v2,0.554082,0.444566,0.001352,4413,4.987151445105227,1,hist_gradient_boosting_lagged_player_history_v2,2026-W02 pregame,3.6113083526713337,1,first_order_markov_outcome_regime_v2,2026-W02 pregame,1,prior+current,1,WR1,0,,,,,,,,0,,,,,0,2026,2,draftkings,DraftKings,-102.0,-125.0,UNDER,0.69556,0.5238589211618258,-125.0,-228.47194849559844,0.1717010788381742,0.1717010788381742,,,,,,,,,,,,0,,,,,,,,2026-09-22T14:30:15Z,35282021679,ca5a001bb817e495ca2d74b1e03ce43886493f43,4.5,UNDER,00-0038606,RESOLVED_GSIS,True,7.0,stats_table,-3.2381835004825383,-2.5,false,OVER,LOSS,-1.0,WR
1fd6628c781f556a7a19638e97d7107f,Pat Bryant,patbryant,DEN,JAX,receptions,player_receptions,3.5,2.58663385795929,1.7132,1.956662778514748,25000,2.5866338579592902,calibrated,nonnegative_oos_linear_blend_v2,0.554082,0.444566,0.001352,4413,3.67211637117206,1,hist_gradient_boosting_lagged_player_history_v2,2026-W02 pregame,3.6113083526713337,1,first_order_markov_outcome_regime_v2,2026-W02 pregame,1,prior+current,1,,0,,,,,,,,0,,,,,0,2026,2,draftkings,DraftKings,135.0,-173.0,UNDER,0.75516,0.5982635567655066,-173.0,-308.4299950988401,0.1568964432344934,0.1568964432344934,,,,,,,,,,,,0,,,,,,,,2026-09-22T14:30:15Z,35282021679,ca5a001bb817e495ca2d74b1e03ce43886493f43,3.5,UNDER,00-0040134,RESOLVED_GSIS,True,0.0,stats_table,2.58663385795929,3.5,true,UNDER,WIN,0.5780346820809249,WR
2143ade9684fd876b68a4e8cbf451f05,Alvin Kamara,alvinkamara,NO,BAL,receptions,player_receptions,2.5,2.267350913669939,2.19616,1.497339853226455,25000,2.267350913669939,calibrated,nonnegative_oos_linear_blend_v2,0.554082,0.444566,0.001352,4413,2.3553968851247875,1,hist_gradient_boosting_lagged_player_history_v2,2026-W02 pregame,2.49172848931407,1,first_order_markov_outcome_regime_v2,2026-W02 pregame,1,prior_only,1,,0,,,,,,,,0,,,,,0,2026,2,fanduel,FanDuel,110.0,-146.0,UNDER,0.6240399999999999,0.5548317046688382,-146.0,-165.98574316416637,0.0692082953311616,0.0692082953311616,,,,,,,,,,,,0,,,,,,,,2026-09-22T14:30:15Z,35282021679,ca5a001bb817e495ca2d74b1e03ce43886493f43,2.5,UNDER,00-0033906,RESOLVED_GSIS,True,5.0,stats_table,-2.732649086330061,-2.5,false,OVER,LOSS,-1.0,RB
2143ade9684fd876b68a4e8cbf451f05,Chris Olave,chrisolave,NO,BAL,receptions,player_receptions,5.5,5.769346232220384,5.05,2.5008875161237394,25000,5.769346232220383,calibrated,nonnegative_oos_linear_blend_v2,0.554082,0.444566,0.001352,4413,6.672461779190425,1,hist_gradient_boosting_lagged_player_history_v2,2026-W02 pregame,3.6113083526713337,1,first_order_markov_outcome_regime_v2,2026-W02 pregame,1,prior+current,1,WR1,0,,,,,,,,0,,,,,0,2026,2,draftkings,DraftKings,-152.0,119.0,OVER,0.57508,0.5691423881821913,-152.0,-135.33841664313283,0.0059376118178087,0.0059376118178087,,,,,,,,,,,,0,,,,,,,,2026-09-22T14:30:15Z,35282021679,ca5a001bb817e495ca2d74b1e03ce43886493f43,5.5,OVER,00-0037239,RESOLVED_GSIS,True,8.0,stats_table,-2.230653767779616,-2.5,true,OVER,WIN,0.6578947368421053,WR
2143ade9684fd876b68a4e8cbf451f05,Derrick Henry,derrickhenry,BAL,NO,receptions,player_receptions,0.5,1.0092365800634666,0.92024,1.052427674557097,25000,1.0092365800634666,calibrated,nonnegative_oos_linear_blend_v2,0.554082,0.444566,0.001352,4413,1.1176150009703392,1,hist_gradient_boosting_lagged_player_history_v2,2026-W02 pregame,1.8450664660405725,1,first_order_markov_outcome_regime_v2,2026-W02 pregame,1,prior+current,1,,0,,,,,,,,0,,,,,0,2026,2,fanduel,FanDuel,-250.0,182.0,OVER,0.60228,0.6682464454976303,-250.0,-151.4331690636629,-0.0659664454976303,0.0659664454976303,,,,,,,,,,,,0,,,,,,,,2026-09-22T14:30:15Z,35282021679,ca5a001bb817e495ca2d74b1e03ce43886493f43,0.5,OVER,00-0032764,RESOLVED_GSIS,True,3.0,stats_table,-1.9907634199365334,-2.5,true,OVER,WIN,0.4,RB
2143ade9684fd876b68a4e8cbf451f05,Devaughn Vele,devaughnvele,NO,BAL,receptions,player_receptions,3.5,3.728288609809506,3.45316,1.9660568246778944,25000,3.7282886098095056,calibrated,nonnegative_oos_linear_blend_v2,0.554082,0.444566,0.001352,4413,4.071549155348573,1,hist_gradient_boosting_lagged_player_history_v2,2026-W02 pregame,3.6113083526713337,1,first_order_markov_outcome_regime_v2,2026-W02 pregame,1,prior+current,1,WR1_5,0,,,,,,,,0,,,,,0,2026,2,draftkings,DraftKings,-120.0,-106.0,OVER,0.45648,0.5145711906744379,-120.0,119.06764808973011,-0.0580911906744379,0.0580911906744379,,,,,,,,,,,,0,,,,,,,,2026-09-22T14:30:15Z,35282021679,ca5a001bb817e495ca2d74b1e03ce43886493f43,3.5,OVER,00-0039424,RESOLVED_GSIS,True,5.0,stats_table,-1.271711390190494,-1.5,true,OVER,WIN,0.8333333333333334,WR
2143ade9684fd876b68a4e8cbf451f05,Juwan Johnson,juwanjohnson,NO,BAL,receptions,player_receptions,3.5,3.994158145989325,3.92228,1.9826334587084808,25000,3.994158145989325,calibrated,nonnegative_oos_linear_blend_v2,0.554082,0.444566,0.001352,4413,4.085582704962887,1,hist_gradient_boosting_lagged_player_history_v2,2026-W02 pregame,3.389229448812164,1,first_order_markov_outcome_regime_v2,2026-W02 pregame,1,prior+current,1,,0,,,,,,,,0,,,,,0,2026,2,fanduel,FanDuel,-138.0,104.0,OVER,0.55568,0.5418848167539267,-138.0,-125.06301764494056,0.0137951832460732,0.0137951832460732,,,,,,,,,,,,0,,,,,,,,2026-09-22T14:30:15Z,35282021679,ca5a001bb817e495ca2d74b1e03ce43886493f43,3.5,OVER,00-0036040,RESOLVED_GSIS,True,4.0,stats_table,-0.00584185401067483,-0.5,true,OVER,WIN,0.7246376811594203,TE
2143ade9684fd876b68a4e8cbf451f05,LaJohntay Wester,lajohntaywester,BAL,NO,receptions,player_receptions,2.5,1.3922199914731372,1.2636,1.2383267773895337,25000,1.392219991473137,calibrated,nonnegative_oos_linear_blend_v2,0.554082,0.444566,0.001352,4413,1.5487834448843194,1,hist_gradient_boosting_lagged_player_history_v2,2026-W02 pregame,2.6224225700404347,1,first_order_markov_outcome_regime_v2,2026-W02 pregame,1,prior+current,1,,0,,,,,,,,0,,,,,0,2026,2,fanduel,FanDuel,124.0,-166.0,UNDER,0.86608,0.5829675153643548,-166.0,-646.7144563918755,0.2831124846356452,0.2831124846356452,,,,,,,,,,,,0,,,,,,,,2026-09-22T14:30:15Z,35282021679,ca5a001bb817e495ca2d74b1e03ce43886493f43,2.5,UNDER,00-0040075,RESOLVED_GSIS,True,1.0,stats_table,0.39221999147313724,1.5,true,UNDER,WIN,0.6024096385542169,WR
2143ade9684fd876b68a4e8cbf451f05,Mark Andrews,markandrews,BAL,NO,receptions,player_receptions,4.5,3.053650794203757,2.77516,1.83174539506121,25000,3.0536507942037563,calibrated,nonnegative_oos_linear_blend_v2,0.554082,0.444566,0.001352,4413,3.3997254690393826,1,hist_gradient_boosting_lagged_player_history_v2,2026-W02 pregame,3.389229448812164,1,first_order_markov_outcome_regime_v2,2026-W02 pregame,1,prior+current,1,,0,,,,,,,,0,,,,,0,2026,2,fanduel,FanDuel,114.0,-148.0,UNDER,0.8522000000000001,0.5608443122255277,-148.0,-576.5899864682007,0.2913556877744724,0.2913556877744724,,,,,,,,,,,,0,,,,,,,,2026-09-22T14:30:15Z,35282021679,ca5a001bb817e495ca2d74b1e03ce43886493f43,4.5,UNDER,00-0034753,RESOLVED_GSIS,True,6.0,stats_table,-2.946349205796243,-1.5,false,OVER,LOSS,-1.0,TE
2143ade9684fd876b68a4e8cbf451f05,Rashod Bateman,rashodbateman,BAL,NO,receptions,player_receptions,2.5,1.4120175318320454,1.28148,1.2445414040307514,25000,1.4120175318320454,calibrated,nonnegative_oos_linear_blend_v2,0.554082,0.444566,0.001352,4413,1.5727678819724151,1,hist_gradient_boosting_lagged_player_history_v2,2026-W02 pregame,2.051334508207548,1,first_order_markov_outcome_regime_v2,2026-W02 pregame,1,prior+current,1,,0,,,,,,,,0,,,,,0,2026,2,fanduel,FanDuel,-138.0,104.0,UNDER,0.86124,0.4581151832460732,104.0,-620.6687806284232,0.4031248167539267,0.4031248167539267,,,,,,,,,,,,0,,,,,,,,2026-09-22T14:30:15Z,35282021679,ca5a001bb817e495ca2d74b1e03ce43886493f43,2.5,UNDER,00-0036550,RESOLVED_GSIS,True,7.0,stats_table,-5.587982468167954,-4.5,false,OVER,LOSS,-1.0,WR
2143ade9684fd876b68a4e8cbf451f05,Travis Etienne Jr.,travisetiennejr,NO,BAL,receptions,player_receptions,1.5,1.96188,1.96188,1.3923018371661482,25000,1.96188,calibrated,nonnegative_oos_linear_blend_v2,1.0,0.0,0.0,4413,,0,,,,0,,,0,,0,,0,,,,,,,,0,,,,,0,2026,2,fanduel,FanDuel,-182.0,136.0,OVER,0.58188,0.6036653923993704,-182.0,-139.16578972543763,-0.0217853923993704,0.0217853923993704,,,,,,,,,,,,0,,,,,,,,2026-09-22T14:30:15Z,35282021679,ca5a001bb817e495ca2d74b1e03ce43886493f43,1.5,OVER,00-0036973,RESOLVED_GSIS,True,2.0,stats_table,-0.03811999999999993,-0.5,true,OVER,WIN,0.5494505494505495,RB
32367f882fac1a0c20a6335619922025,Davante Adams,davanteadams,LAR,NYG,receptions,player_receptions,3.5,2.810600972686604,2.3308,1.8250181916155388,25000,2.8106009726866032,calibrated,nonnegative_oos_linear_blend_v2,0.554082,0.444566,0.001352,4413,3.4061627704183217,1,hist_gradient_boosting_lagged_player_history_v2,2026-W02 pregame,3.6113083526713337,1,first_order_markov_outcome_regime_v2,2026-W02 pregame,1,prior+current,1,WR1_5,0,,,,,,,,0,,,,,0,2026,2,draftkings,DraftKings,-136.0,107.0,UNDER,0.58344,0.456021023342093,107.0,-140.06145573266753,0.1274189766579069,0.1274189766579069,,,,,,,,,,,,0,,,,,,,,2026-09-22T14:30:15Z,35282021679,ca5a001bb817e495ca2d74b1e03ce43886493f43,3.5,UNDER,00-0031381,RESOLVED_GSIS,True,8.0,stats_table,-5.189399027313396,-4.5,false,OVER,LOSS,-1.0,WR
32367f882fac1a0c20a6335619922025,Isaiah Likely,isaiahlikely,NYG,LAR,receptions,player_receptions,4.5,3.257075011227584,2.74404,1.958480011986928,25000,3.2570750112275846,calibrated,nonnegative_oos_linear_blend_v2,0.554082,0.444566,0.001352,4413,3.896091023003987,1,hist_gradient_boosting_lagged_player_history_v2,2026-W02 pregame,3.389229448812164,1,first_order_markov_outcome_regime_v2,2026-W02 pregame,1,prior+current,1,,0,,,,,,,,0,,,,,0,2026,2,draftkings,DraftKings,-115.0,-111.0,UNDER,0.70292,0.4958445875753169,-111.0,-236.60966742964857,0.207075412424683,0.207075412424683,,,,,,,,,,,,0,,,,,,,,2026-09-22T14:30:15Z,35282021679,ca5a001bb817e495ca2d74b1e03ce43886493f43,4.5,UNDER,00-0037838,RESOLVED_GSIS,True,5.0,stats_table,-1.7429249887724159,-0.5,false,OVER,LOSS,-1.0,TE
32367f882fac1a0c20a6335619922025,Malik Nabers,maliknabers,NYG,LAR,receptions,player_receptions,5.5,4.218826524494633,3.84952,2.1128277905151944,25000,4.218826524494633,calibrated,nonnegative_oos_linear_blend_v2,0.554082,0.444566,0.001352,4413,4.680956921945945,1,hist_gradient_boosting_lagged_player_history_v2,2026-W02 pregame,3.6113083526713337,1,first_order_markov_outcome_regime_v2,2026-W02 pregame,1,prior+current,1,WR1,0,,,,,,,,0,,,,,0,2026,2,draftkings,DraftKings,-120.0,-107.0,UNDER,0.8134399999999999,0.4865646961554362,-107.0,-436.0205831903944,0.3268753038445637,0.3268753038445637,,,,,,,,,,,,0,,,,,,,,2026-09-22T14:30:15Z,35282021679,ca5a001bb817e495ca2d74b1e03ce43886493f43,5.5,UNDER,00-0039337,RESOLVED_GSIS,True,1.0,stats_table,3.2188265244946326,4.5,true,UNDER,WIN,0.9345794392523364,WR
32367f882fac1a0c20a6335619922025,Puka Nacua,pukanacua,LAR,NYG,receptions,player_receptions,6.5,5.613885577488055,5.2222,2.4044710182994184,25000,5.613885577488055,calibrated,nonnegative_oos_linear_blend_v2,0.554082,0.444566,0.001352,4413,6.1081505742572375,1,hist_gradient_boosting_lagged_player_history_v2,2026-W02 pregame,3.6113083526713337,1,first_order_markov_outcome_regime_v2,2026-W02 pregame,1,prior+current,1,WR1,0,,,,,,,,0,,,,,0,2026,2,draftkings,DraftKings,-142.0,112.0,UNDER,0.73396,0.4456393635827932,112.0,-275.88332581566675,0.2883206364172067,0.2883206364172067,,,,,,,,,,,,0,,,,,,,,2026-09-22T14:30:15Z,35282021679,ca5a001bb817e495ca2d74b1e03ce43886493f43,6.5,UNDER,00-0039075,RESOLVED_GSIS,True,0.0,roster_confirmed_verified_zero,5.613885577488055,6.5,true,UNDER,WIN,1.12,WR
36ad2fa722f4915ef23d2c81351261de,Andrei Iosivas,andreiiosivas,CIN,HOU,receptions,player_receptions,1.5,1.6981579696573288,1.42956,1.4111269412294525,25000,1.6981579696573286,calibrated,nonnegative_oos_linear_blend_v2,0.554082,0.444566,0.001352,4413,2.0301124926841774,1,hist_gradient_boosting_lagged_player_history_v2,2026-W02 pregame,2.6224225700404347,1,first_order_markov_outcome_regime_v2,2026-W02 pregame,1,prior+current,1,,0,,,,,,,,0,,,,,0,2026,2,draftkings,DraftKings,-103.0,-124.0,OVER,0.4186,0.4782356355194428,-103.0,138.8915432393693,-0.0596356355194428,0.0596356355194428,,,,,,,,,,,,0,,,,,,,,2026-09-22T14:30:15Z,35282021679,ca5a001bb817e495ca2d74b1e03ce43886493f43,1.5,OVER,00-0038619,RESOLVED_GSIS,True,1.0,stats_table,0.6981579696573288,0.5,false,UNDER,LOSS,-1.0,WR
36ad2fa722f4915ef23d2c81351261de,Chase Brown,chasebrown,CIN,HOU,receptions,player_receptions,3.5,2.9118041577228886,2.35168,1.878549972908592,25000,2.9118041577228886,calibrated,nonnegative_oos_linear_blend_v2,0.554082,0.444566,0.001352,4413,3.611188851701066,1,hist_gradient_boosting_lagged_player_history_v2,2026-W02 pregame,2.49172848931407,1,first_order_markov_outcome_regime_v2,2026-W02 pregame,1,prior+current,1,,0,,,,,,,,0,,,,,0,2026,2,draftkings,DraftKings,-125.0,-102.0,UNDER,0.58232,0.4761410788381742,-102.0,-139.41773606588774,0.1061789211618257,0.1061789211618257,,,,,,,,,,,,0,,,,,,,,2026-09-22T14:30:15Z,35282021679,ca5a001bb817e495ca2d74b1e03ce43886493f43,3.5,UNDER,00-0038597,RESOLVED_GSIS,True,3.0,stats_table,-0.08819584227711141,0.5,true,UNDER,WIN,0.9803921568627451,RB
36ad2fa722f4915ef23d2c81351261de,Dalton Schultz,daltonschultz,HOU,CIN,receptions,player_receptions,4.5,4.020378667689355,4.02536,1.968913391659387,25000,4.020378667689355,calibrated,nonnegative_oos_linear_blend_v2,0.554082,0.444566,0.001352,4413,4.016089646879342,1,hist_gradient_boosting_lagged_player_history_v2,2026-W02 pregame,3.389229448812164,1,first_order_markov_outcome_regime_v2,2026-W02 pregame,1,prior+current,1,,0,,,,,,,,0,,,,,0,2026,2,draftkings,DraftKings,-150.0,118.0,UNDER,0.62392,0.4332755632582322,118.0,-165.90087215486068,0.1906444367417678,0.1906444367417678,,,,,,,,,,,,0,,,,,,,,2026-09-22T14:30:15Z,35282021679,ca5a001bb817e495ca2d74b1e03ce43886493f43,4.5,UNDER,00-0034383,RESOLVED_GSIS,True,12.0,stats_table,-7.979621332310645,-7.5,false,OVER,LOSS,-1.0,TE
36ad2fa722f4915ef23d2c81351261de,David Montgomery,davidmontgomery,HOU,CIN,receptions,player_receptions,1.5,1.6939700787611665,1.44052,1.407933625140096,25000,1.693970078761166,calibrated,nonnegative_oos_linear_blend_v2,0.554082,0.444566,0.001352,4413,2.007429851143842,1,hist_gradient_boosting_lagged_player_history_v2,2026-W02 pregame,2.49172848931407,1,first_order_markov_outcome_regime_v2,2026-W02 pregame,1,prior+current,1,,0,,,,,,,,0,,,,,0,2026,2,draftkings,DraftKings,-167.0,130.0,OVER,0.42036,0.5899247427430503,-167.0,137.89133123988958,-0.1695647427430502,0.1695647427430502,,,,,,,,,,,,0,,,,,,,,2026-09-22T14:30:15Z,35282021679,ca5a001bb817e495ca2d74b1e03ce43886493f43,1.5,OVER,00-0035685,RESOLVED_GSIS,True,2.0,stats_table,-0.30602992123883355,-0.5,true,OVER,WIN,0.5988023952095808,RB
36ad2fa722f4915ef23d2c81351261de,Ja'Marr Chase,jamarrchase,CIN,HOU,receptions,player_receptions,6.5,4.911122357996739,4.62712,2.2372922797592345,25000,4.911122357996737,calibrated,nonnegative_oos_linear_blend_v2,0.554082,0.444566,0.001352,4413,5.272047207483348,1,hist_gradient_boosting_lagged_player_history_v2,2026-W02 pregame,2.6224225700404347,1,first_order_markov_outcome_regime_v2,2026-W02 pregame,1,prior+current,1,WR1,0,,,,,,,,0,,,,,0,2026,2,draftkings,DraftKings,-109.0,-117.0,UNDER,0.8162,0.5083149711054754,-117.0,-444.0696409140371,0.3078850288945246,0.3078850288945246,,,,,,,,,,,,0,,,,,,,,2026-09-22T14:30:15Z,35282021679,ca5a001bb817e495ca2d74b1e03ce43886493f43,6.5,UNDER,00-0036900,RESOLVED_GSIS,True,7.0,stats_table,-2.0888776420032613,-0.5,false,OVER,LOSS,-1.0,WR
36ad2fa722f4915ef23d2c81351261de,Jaylin Noel,jaylinnoel,HOU,CIN,receptions,player_receptions,2.5,1.2573189085418093,1.05268,1.2191911014239476,25000,1.2573189085418093,calibrated,nonnegative_oos_linear_blend_v2,0.554082,0.444566,0.001352,4413,1.508217797733328,1,hist_gradient_boosting_lagged_player_history_v2,2026-W02 pregame,2.6224225700404347,1,first_order_markov_outcome_regime_v2,2026-W02 pregame,1,prior+current,1,,0,,,,,,,,0,,,,,0,2026,2,draftkings,DraftKings,-122.0,-105.0,UNDER,0.91024,0.482408940397351,-105.0,-1014.081996434937,0.4278310596026489,0.4278310596026489,,,,,,,,,,,,0,,,,,,,,2026-09-22T14:30:15Z,35282021679,ca5a001bb817e495ca2d74b1e03ce43886493f43,2.5,UNDER,00-0040138,RESOLVED_GSIS,True,1.0,stats_table,0.2573189085418093,1.5,true,UNDER,WIN,0.9523809523809523,WR
36ad2fa722f4915ef23d2c81351261de,Kayshon Boutte,kayshonboutte,HOU,CIN,receptions,player_receptions,2.5,1.653889815722282,1.61988,1.2924739082191563,25000,1.6538898157222828,calibrated,nonnegative_oos_linear_blend_v2,0.554082,0.444566,0.001352,4413,1.69506903655967,1,hist_gradient_boosting_lagged_player_history_v2,2026-W02 pregame,2.051334508207548,1,first_order_markov_outcome_regime_v2,2026-W02 pregame,1,prior+current,1,,0,,,,,,,,0,,,,,0,2026,2,draftkings,DraftKings,-168.0,132.0,UNDER,0.7784,0.4074434444174166,132.0,-351.2635379061372,0.3709565555825833,0.3709565555825833,,,,,,,,,,,,0,,,,,,,,2026-09-22T14:30:15Z,35282021679,ca5a001bb817e495ca2d74b1e03ce43886493f43,2.5,UNDER,00-0038608,RESOLVED_GSIS,True,3.0,stats_table,-1.346110184277718,-0.5,false,OVER,LOSS,-1.0,WR
36ad2fa722f4915ef23d2c81351261de,Mike Gesicki,mikegesicki,CIN,HOU,receptions,player_receptions,2.5,2.31889062546923,1.98592,1.6337808866456824,25000,2.318890625469229,calibrated,nonnegative_oos_linear_blend_v2,0.554082,0.444566,0.001352,4413,2.7306313614051345,1,hist_gradient_boosting_lagged_player_history_v2,2026-W02 pregame,3.389229448812164,1,first_order_markov_outcome_regime_v2,2026-W02 pregame,1,prior+current,1,,0,,,,,,,,0,,,,,0,2026,2,draftkings,DraftKings,109.0,-138.0,UNDER,0.6806,0.5478895178754606,-138.0,-213.08703819661864,0.1327104821245394,0.1327104821245394,,,,,,,,,,,,0,,,,,,,,2026-09-22T14:30:15Z,35282021679,ca5a001bb817e495ca2d74b1e03ce43886493f43,2.5,UNDER,00-0034829,RESOLVED_GSIS,True,0.0,roster_confirmed_verified_zero,2.31889062546923,2.5,true,UNDER,WIN,0.7246376811594203,TE
36ad2fa722f4915ef23d2c81351261de,Tee Higgins,teehiggins,CIN,HOU,receptions,player_receptions,3.5,3.5386145260875974,3.08788,1.9913622707902607,25000,3.5386145260875965,calibrated,nonnegative_oos_linear_blend_v2,0.554082,0.444566,0.001352,4413,4.100163555095946,1,hist_gradient_boosting_lagged_player_history_v2,2026-W02 pregame,3.6113083526713337,1,first_order_markov_outcome_regime_v2,2026-W02 pregame,1,prior+current,1,WR1_5,0,,,,,,,,0,,,,,0,2026,2,draftkings,DraftKings,-144.0,113.0,OVER,0.37008,0.5569436374201047,-144.0,170.21184608733248,-0.1868636374201046,0.1868636374201046,,,,,,,,,,,,0,,,,,,,,2026-09-22T14:30:15Z,35282021679,ca5a001bb817e495ca2d74b1e03ce43886493f43,3.5,OVER,00-0036410,RESOLVED_GSIS,True,5.0,stats_table,-1.4613854739124026,-1.5,true,OVER,WIN,0.6944444444444444,WR
36ad2fa722f4915ef23d2c81351261de,Woody Marks,woodymarks,HOU,CIN,receptions,player_receptions,1.5,1.652536082946298,1.35616,1.409343041240663,25000,1.6525360829462985,calibrated,nonnegative_oos_linear_blend_v2,0.554082,0.444566,0.001352,4413,2.021337007247994,1,hist_gradient_boosting_lagged_player_history_v2,2026-W02 pregame,1.8450664660405725,1,first_order_markov_outcome_regime_v2,2026-W02 pregame,1,prior+current,1,,0,,,,,,,,0,,,,,0,2026,2,draftkings,DraftKings,-108.0,-118.0,OVER,0.39408,0.4896023956080519,-108.0,153.7555826228177,-0.0955223956080519,0.0955223956080519,,,,,,,,,,,,0,,,,,,,,2026-09-22T14:30:15Z,35282021679,ca5a001bb817e495ca2d74b1e03ce43886493f43,1.5,OVER,00-0040583,RESOLVED_GSIS,True,5.0,stats_table,-3.3474639170537017,-3.5,true,OVER,WIN,0.9259259259259259,RB
36ad2fa722f4915ef23d2c81351261de,Xavier Hutchinson,xavierhutchinson,HOU,CIN,receptions,player_receptions,2.5,2.772512782964269,2.47924,1.7449884505096176,25000,2.7725127829642684,calibrated,nonnegative_oos_linear_blend_v2,0.554082,0.444566,0.001352,4413,3.135480527956381,1,hist_gradient_boosting_lagged_player_history_v2,2026-W02 pregame,3.6113083526713337,1,first_order_markov_outcome_regime_v2,2026-W02 pregame,1,prior+current,1,WR1_5,0,,,,,,,,0,,,,,0,2026,2,draftkings,DraftKings,-137.0,107.0,OVER,0.45288,0.5447473059413358,-137.0,120.8090443384561,-0.0918673059413358,0.0918673059413358,,,,,,,,,,,,0,,,,,,,,2026-09-22T14:30:15Z,35282021679,ca5a001bb817e495ca2d74b1e03ce43886493f43,2.5,OVER,00-0038618,RESOLVED_GSIS,True,3.0,stats_table,-0.22748721703573116,-0.5,true,OVER,WIN,0.7299270072992701,WR
4aeee070bb6ec60bdfae4dede61b9014,Adonai Mitchell,adonaimitchell,NYJ,GB,receptions,player_receptions,2.5,2.566852508754885,1.69356,1.9611669518343533,25000,2.566852508754885,calibrated,nonnegative_oos_linear_blend_v2,0.554082,0.444566,0.001352,4413,3.65209869387689,1,hist_gradient_boosting_lagged_player_history_v2,2026-W02 pregame,3.6113083526713337,1,first_order_markov_outcome_regime_v2,2026-W02 pregame,1,prior+current,1,WR1_5,0,,,,,,,,0,,,,,0,2026,2,draftkings,DraftKings,-133.0,104.0,OVER,0.50688,0.5379917512690355,-133.0,-102.7903958468527,-0.0311117512690355,0.0311117512690355,,,,,,,,,,,,0,,,,,,,,2026-09-22T14:30:15Z,35282021679,ca5a001bb817e495ca2d74b1e03ce43886493f43,2.5,OVER,00-0039890,RESOLVED_GSIS,True,6.0,stats_table,-3.433147491245115,-3.5,true,OVER,WIN,0.7518796992481203,WR
4aeee070bb6ec60bdfae4dede61b9014,Breece Hall,breecehall,NYJ,GB,receptions,player_receptions,2.5,1.8411889247713915,1.74696,1.3886259418195932,25000,1.841188924771392,calibrated,nonnegative_oos_linear_blend_v2,0.554082,0.444566,0.001352,4413,1.9566521441897025,1,hist_gradient_boosting_lagged_player_history_v2,2026-W02 pregame,2.49172848931407,1,first_order_markov_outcome_regime_v2,2026-W02 pregame,1,prior+current,1,,0,,,,,,,,0,,,,,0,2026,2,draftkings,DraftKings,-132.0,103.0,UNDER,0.74368,0.4640371229698375,103.0,-290.1373283395755,0.2796428770301624,0.2796428770301624,,,,,,,,,,,,0,,,,,,,,2026-09-22T14:30:15Z,35282021679,ca5a001bb817e495ca2d74b1e03ce43886493f43,2.5,UNDER,00-0038120,RESOLVED_GSIS,True,5.0,stats_table,-3.1588110752286083,-2.5,false,OVER,LOSS,-1.0,RB
4aeee070bb6ec60bdfae4dede61b9014,Chris Brooks,chrisbrooks,GB,NYJ,receptions,player_receptions,1.5,1.2365490919282007,0.93696,1.271555176734238,25000,1.2365490919282007,calibrated,nonnegative_oos_linear_blend_v2,0.554082,0.444566,0.001352,4413,1.6080894430660777,1,hist_gradient_boosting_lagged_player_history_v2,2026-W02 pregame,1.8450664660405725,1,first_order_markov_outcome_regime_v2,2026-W02 pregame,1,prior+current,1,,0,,,,,,,,0,,,,,0,2026,2,draftkings,DraftKings,135.0,-173.0,UNDER,0.75812,0.5982635567655066,-173.0,-313.4281461881925,0.1598564432344934,0.1598564432344934,,,,,,,,,,,,0,,,,,,,,2026-09-22T14:30:15Z,35282021679,ca5a001bb817e495ca2d74b1e03ce43886493f43,1.5,UNDER,00-0038685,RESOLVED_GSIS,True,1.0,stats_table,0.23654909192820073,0.5,true,UNDER,WIN,0.5780346820809249,RB
4aeee070bb6ec60bdfae4dede61b9014,Christian Watson,christianwatson,GB,NYJ,receptions,player_receptions,4.5,3.647828075688492,3.61464,1.882981625551266,25000,3.647828075688492,calibrated,nonnegative_oos_linear_blend_v2,0.554082,0.444566,0.001352,4413,3.689302884871268,1,hist_gradient_boosting_lagged_player_history_v2,2026-W02 pregame,3.6113083526713337,1,first_order_markov_outcome_regime_v2,2026-W02 pregame,1,prior+current,1,WR1,0,,,,,,,,0,,,,,0,2026,2,draftkings,DraftKings,131.0,-168.0,UNDER,0.70324,0.591513230093891,-168.0,-236.97263782180883,0.1117267699061089,0.1117267699061089,,,,,,,,,,,,0,,,,,,,,2026-09-22T14:30:15Z,35282021679,ca5a001bb817e495ca2d74b1e03ce43886493f43,4.5,UNDER,00-0038124,RESOLVED_GSIS,True,4.0,stats_table,-0.352171924311508,0.5,true,UNDER,WIN,0.5952380952380952,WR
4aeee070bb6ec60bdfae4dede61b9014,Garrett Wilson,garrettwilson,NYJ,GB,receptions,player_receptions,5.5,4.460882761811488,4.79736,2.009122542407563,25000,4.460882761811489,calibrated,nonnegative_oos_linear_blend_v2,0.554082,0.444566,0.001352,4413,4.044100199742395,1,hist_gradient_boosting_lagged_player_history_v2,2026-W02 pregame,3.6113083526713337,1,first_order_markov_outcome_regime_v2,2026-W02 pregame,1,prior+current,1,WR1,0,,,,,,,,0,,,,,0,2026,2,draftkings,DraftKings,-123.0,-104.0,UNDER,0.65464,0.480324745257228,-104.0,-189.5529302756544,0.1743152547427719,0.1743152547427719,,,,,,,,,,,,0,,,,,,,,2026-09-22T14:30:15Z,35282021679,ca5a001bb817e495ca2d74b1e03ce43886493f43,5.5,UNDER,00-0037740,RESOLVED_GSIS,True,5.0,stats_table,-0.5391172381885116,0.5,false,UNDER,WIN,0.9615384615384616,WR
4aeee070bb6ec60bdfae4dede61b9014,Jayden Reed,jaydenreed,GB,NYJ,receptions,player_receptions,3.5,2.422909920128252,1.94148,1.729802588548655,25000,2.422909920128252,calibrated,nonnegative_oos_linear_blend_v2,0.554082,0.444566,0.001352,4413,3.019322912403197,1,hist_gradient_boosting_lagged_player_history_v2,2026-W02 pregame,3.6113083526713337,1,first_order_markov_outcome_regime_v2,2026-W02 pregame,1,prior+current,1,WR1_5,0,,,,,,,,0,,,,,0,2026,2,draftkings,DraftKings,100.0,-128.0,UNDER,0.6932,0.5289256198347108,-128.0,-225.9452411994785,0.1642743801652892,0.1642743801652892,,,,,,,,,,,,0,,,,,,,,2026-09-22T14:30:15Z,35282021679,ca5a001bb817e495ca2d74b1e03ce43886493f43,3.5,UNDER,00-0039146,RESOLVED_GSIS,True,1.0,stats_table,1.422909920128252,2.5,true,UNDER,WIN,0.78125,WR
4aeee070bb6ec60bdfae4dede61b9014,Jonnu Smith,jonnusmith,GB,NYJ,receptions,player_receptions,1.5,2.130509644485449,1.99216,1.498637294797144,25000,2.130509644485449,calibrated,nonnegative_oos_linear_blend_v2,0.554082,0.444566,0.001352,4413,2.302530047925773,1,hist_gradient_boosting_lagged_player_history_v2,2026-W02 pregame,2.265587336745729,1,first_order_markov_outcome_regime_v2,2026-W02 pregame,1,prior+current,1,,0,,,,,,,,0,,,,,0,2026,2,draftkings,DraftKings,107.0,-136.0,OVER,0.5952,0.456021023342093,107.0,-147.03557312252963,0.1391789766579069,0.1391789766579069,,,,,,,,,,,,0,,,,,,,,2026-09-22T14:30:15Z,35282021679,ca5a001bb817e495ca2d74b1e03ce43886493f43,1.5,OVER,00-0033858,RESOLVED_GSIS,True,0.0,roster_confirmed_verified_zero,2.130509644485449,1.5,false,UNDER,LOSS,-1.0,TE
4aeee070bb6ec60bdfae4dede61b9014,Kenyon Sadiq,kenyonsadiq,NYJ,GB,receptions,player_receptions,2.5,2.262803853772128,2.23924,1.4990974669682915,25000,2.262803853772128,calibrated,nonnegative_oos_linear_blend_v2,0.554082,0.444566,0.001352,4413,2.2887468629569816,1,hist_gradient_boosting_lagged_player_history_v2,2026-W02 pregame,3.389229448812164,1,first_order_markov_outcome_regime_v2,2026-W02 pregame,1,prior+current,1,,0,,,,,,,,0,,,,,0,2026,2,draftkings,DraftKings,-106.0,-120.0,UNDER,0.61156,0.5145711906744379,-120.0,-157.44001647616105,0.096988809325562,0.096988809325562,,,,,,,,,,,,0,,,,,,,,2026-09-22T14:30:15Z,35282021679,ca5a001bb817e495ca2d74b1e03ce43886493f43,2.5,UNDER,00-0041032,RESOLVED_GSIS,True,2.0,stats_table,0.262803853772128,0.5,true,UNDER,WIN,0.8333333333333334,TE
4aeee070bb6ec60bdfae4dede61b9014,MarShawn Lloyd,marshawnlloyd,GB,NYJ,receptions,player_receptions,1.5,1.4023854829740716,0.95868,1.4266081739420804,25000,1.4023854829740714,calibrated,nonnegative_oos_linear_blend_v2,0.554082,0.444566,0.001352,4413,1.954048715718216,1,hist_gradient_boosting_lagged_player_history_v2,2026-W02 pregame,1.8450664660405725,1,first_order_markov_outcome_regime_v2,2026-W02 pregame,1,prior+current,1,,0,,,,,,,,0,,,,,0,2026,2,draftkings,DraftKings,150.0,-193.0,UNDER,0.75136,0.6221792392005159,-193.0,-302.1879021879022,0.1291807607994841,0.1291807607994841,,,,,,,,,,,,0,,,,,,,,2026-09-22T14:30:15Z,35282021679,ca5a001bb817e495ca2d74b1e03ce43886493f43,1.5,UNDER,00-0039811,RESOLVED_GSIS,True,2.0,stats_table,-0.5976145170259284,-0.5,false,OVER,LOSS,-1.0,RB
4aeee070bb6ec60bdfae4dede61b9014,Mason Taylor,masontaylor,NYJ,GB,receptions,player_receptions,2.5,3.087284714620838,2.9246,1.7863958941613631,25000,3.087284714620837,calibrated,nonnegative_oos_linear_blend_v2,0.554082,0.444566,0.001352,4413,3.292544691545367,1,hist_gradient_boosting_lagged_player_history_v2,2026-W02 pregame,2.265587336745729,1,first_order_markov_outcome_regime_v2,2026-W02 pregame,1,prior+current,1,,0,,,,,,,,0,,,,,0,2026,2,draftkings,DraftKings,-102.0,-125.0,OVER,0.561,0.4761410788381742,-102.0,-127.79043280182236,0.0848589211618258,0.0848589211618258,,,,,,,,,,,,0,,,,,,,,2026-09-22T14:30:15Z,35282021679,ca5a001bb817e495ca2d74b1e03ce43886493f43,2.5,OVER,00-0040736,RESOLVED_GSIS,True,0.0,roster_confirmed_verified_zero,3.087284714620838,2.5,false,UNDER,LOSS,-1.0,TE
4aeee070bb6ec60bdfae4dede61b9014,Matthew Golden,matthewgolden,GB,NYJ,receptions,player_receptions,3.5,2.920967981801129,3.00276,1.676265494467709,25000,2.920967981801129,calibrated,nonnegative_oos_linear_blend_v2,0.554082,0.444566,0.001352,4413,2.816927580130548,1,hist_gradient_boosting_lagged_player_history_v2,2026-W02 pregame,3.6113083526713337,1,first_order_markov_outcome_regime_v2,2026-W02 pregame,1,prior+current,1,,0,,,,,,,,0,,,,,0,2026,2,draftkings,DraftKings,-152.0,119.0,UNDER,0.64744,0.4308576118178087,119.0,-183.6396641706376,0.2165823881821913,0.2165823881821913,,,,,,,,,,,,0,,,,,,,,2026-09-22T14:30:15Z,35282021679,ca5a001bb817e495ca2d74b1e03ce43886493f43,3.5,UNDER,00-0040667,RESOLVED_GSIS,True,4.0,stats_table,-1.079032018198871,-0.5,false,OVER,LOSS,-1.0,WR
4aeee070bb6ec60bdfae4dede61b9014,Tucker Kraft,tuckerkraft,GB,NYJ,receptions,player_receptions,3.5,3.685332225257232,3.0592,2.0871563318782806,25000,3.685332225257232,calibrated,nonnegative_oos_linear_blend_v2,0.554082,0.444566,0.001352,4413,4.46660863098491,1,hist_gradient_boosting_lagged_player_history_v2,2026-W02 pregame,3.389229448812164,1,first_order_markov_outcome_regime_v2,2026-W02 pregame,1,prior+current,1,,0,,,,,,,,0,,,,,0,2026,2,draftkings,DraftKings,-140.0,109.0,OVER,0.5918,0.5493803980473151,-140.0,-144.9779519843214,0.0424196019526849,0.0424196019526849,,,,,,,,,,,,0,,,,,,,,2026-09-22T14:30:15Z,35282021679,ca5a001bb817e495ca2d74b1e03ce43886493f43,3.5,OVER,00-0038996,RESOLVED_GSIS,True,2.0,stats_table,1.6853322252572318,1.5,false,UNDER,LOSS,-1.0,TE
4dd8020192a544385db42374e5555303,AJ Barner,ajbarner,SEA,ARI,receptions,player_receptions,2.5,2.7516692115337698,2.6266,1.6751103405608012,25000,2.7516692115337693,calibrated,nonnegative_oos_linear_blend_v2,0.554082,0.444566,0.001352,4413,2.909026682774862,1,hist_gradient_boosting_lagged_player_history_v2,2026-W02 pregame,2.265587336745729,1,first_order_markov_outcome_regime_v2,2026-W02 pregame,1,prior+current,1,,0,,,,,,,,0,,,,,0,2026,2,draftkings,DraftKings,-112.0,-114.0,OVER,0.48948,0.4979225527671597,-112.0,104.2984391599248,-0.0084425527671596,0.0084425527671596,,,,,,,,,,,,0,,,,,,,,2026-09-22T14:30:15Z,35282021679,ca5a001bb817e495ca2d74b1e03ce43886493f43,2.5,OVER,00-0039793,RESOLVED_GSIS,True,1.0,stats_table,1.7516692115337698,1.5,false,UNDER,LOSS,-1.0,TE
4dd8020192a544385db42374e5555303,Cooper Kupp,cooperkupp,SEA,ARI,receptions,player_receptions,2.5,2.070908633138394,1.9828,1.4669864336683056,25000,2.070908633138394,calibrated,nonnegative_oos_linear_blend_v2,0.554082,0.444566,0.001352,4413,2.1790450196904376,1,hist_gradient_boosting_lagged_player_history_v2,2026-W02 pregame,2.6224225700404347,1,first_order_markov_outcome_regime_v2,2026-W02 pregame,1,prior+current,1,,0,,,,,,,,0,,,,,0,2026,2,draftkings,DraftKings,113.0,-145.0,UNDER,0.68296,0.5576419608197165,-145.0,-215.41761291950544,0.1253180391802835,0.1253180391802835,,,,,,,,,,,,0,,,,,,,,2026-09-22T14:30:15Z,35282021679,ca5a001bb817e495ca2d74b1e03ce43886493f43,2.5,UNDER,00-0033908,RESOLVED_GSIS,True,2.0,stats_table,0.0709086331383939,0.5,true,UNDER,WIN,0.6896551724137931,WR
4dd8020192a544385db42374e5555303,Jaxon Smith-Njigba,jaxonsmithnjigba,SEA,ARI,receptions,player_receptions,6.5,5.924437480756897,5.42164,2.486663640373975,25000,5.924437480756898,calibrated,nonnegative_oos_linear_blend_v2,0.554082,0.444566,0.001352,4413,6.558130530414124,1,hist_gradient_boosting_lagged_player_history_v2,2026-W02 pregame,3.6113083526713337,1,first_order_markov_outcome_regime_v2,2026-W02 pregame,1,prior+current,1,WR1,0,,,,,,,,0,,,,,0,2026,2,draftkings,DraftKings,-107.0,-119.0,UNDER,0.5384800000000001,0.5124828361003619,-119.0,-116.67533368001388,0.0259971638996381,0.0259971638996381,,,,,,,,,,,,0,,,,,,,,2026-09-22T14:30:15Z,35282021679,ca5a001bb817e495ca2d74b1e03ce43886493f43,6.5,UNDER,00-0038543,RESOLVED_GSIS,True,9.0,stats_table,-3.0755625192431033,-2.5,false,OVER,LOSS,-1.0,WR
4dd8020192a544385db42374e5555303,Jeremiyah Love,jeremiyahlove,ARI,SEA,receptions,player_receptions,2.5,1.6508361949914936,1.15256,1.5285297397913125,25000,1.6508361949914938,calibrated,nonnegative_oos_linear_blend_v2,0.554082,0.444566,0.001352,4413,2.2693022591784824,1,hist_gradient_boosting_lagged_player_history_v2,2026-W02 pregame,2.49172848931407,1,first_order_markov_outcome_regime_v2,2026-W02 pregame,1,prior+current,1,,0,,,,,,,,0,,,,,0,2026,2,draftkings,DraftKings,-108.0,-117.0,UNDER,0.67964,0.5094197437829691,-117.0,-212.14883256336623,0.1702202562170309,0.1702202562170309,,,,,,,,,,,,0,,,,,,,,2026-09-22T14:30:15Z,35282021679,ca5a001bb817e495ca2d74b1e03ce43886493f43,2.5,UNDER,00-0041027,RESOLVED_GSIS,True,3.0,stats_table,-1.3491638050085064,-0.5,false,OVER,LOSS,-1.0,RB
4dd8020192a544385db42374e5555303,Marvin Harrison Jr.,marvinharrisonjr,ARI,SEA,receptions,player_receptions,2.5,1.828970435737112,1.47432,1.5051731053349733,25000,1.828970435737112,calibrated,nonnegative_oos_linear_blend_v2,0.554082,0.444566,0.001352,4413,2.270310498873093,1,hist_gradient_boosting_lagged_player_history_v2,2026-W02 pregame,2.051334508207548,1,first_order_markov_outcome_regime_v2,2026-W02 pregame,1,prior+current,1,WR1_5,0,,,,,,,,0,,,,,0,2026,2,draftkings,DraftKings,-162.0,127.0,UNDER,0.81572,0.4160447168672785,127.0,-442.6524853483829,0.3996752831327215,0.3996752831327215,,,,,,,,,,,,0,,,,,,,,2026-09-22T14:30:15Z,35282021679,ca5a001bb817e495ca2d74b1e03ce43886493f43,3,UNDER,00-0039849,RESOLVED_GSIS,True,0.0,stats_table,1.828970435737112,2.5,true,UNDER,WIN,1.27,WR
4dd8020192a544385db42374e5555303,Michael Wilson,michaelwilson,ARI,SEA,receptions,player_receptions,3.5,3.692273387132696,2.99972,2.1069136082760416,25000,3.692273387132696,calibrated,nonnegative_oos_linear_blend_v2,0.554082,0.444566,0.001352,4413,4.555679114461931,1,hist_gradient_boosting_lagged_player_history_v2,2026-W02 pregame,3.6113083526713337,1,first_order_markov_outcome_regime_v2,2026-W02 pregame,1,prior+current,1,WR1,0,,,,,,,,0,,,,,0,2026,2,draftkings,DraftKings,-128.0,101.0,OVER,0.57848,0.5301681503461919,-128.0,-137.23666729929778,0.048311849653808,0.048311849653808,,,,,,,,,,,,0,,,,,,,,2026-09-22T14:30:15Z,35282021679,ca5a001bb817e495ca2d74b1e03ce43886493f43,3.5,OVER,00-0038559,RESOLVED_GSIS,True,2.0,stats_table,1.6922733871326958,1.5,false,UNDER,LOSS,-1.0,WR
4dd8020192a544385db42374e5555303,Rashid Shaheed,rashidshaheed,SEA,ARI,receptions,player_receptions,2.5,1.5734591177555028,1.40124,1.3146627205014147,25000,1.5734591177555026,calibrated,nonnegative_oos_linear_blend_v2,0.554082,0.444566,0.001352,4413,1.786650017816041,1,hist_gradient_boosting_lagged_player_history_v2,2026-W02 pregame,2.051334508207548,1,first_order_markov_outcome_regime_v2,2026-W02 pregame,1,prior+current,1,WR1_5,0,,,,,,,,0,,,,,0,2026,2,draftkings,DraftKings,139.0,-178.0,UNDER,0.83628,0.6047880355975093,-178.0,-510.79892499389206,0.2314919644024907,0.2314919644024907,,,,,,,,,,,,0,,,,,,,,2026-09-22T14:30:15Z,35282021679,ca5a001bb817e495ca2d74b1e03ce43886493f43,2.5,UNDER,00-0037545,RESOLVED_GSIS,True,3.0,stats_table,-1.4265408822444972,-0.5,false,OVER,LOSS,-1.0,WR
4dd8020192a544385db42374e5555303,Trey McBride,treymcbride,ARI,SEA,receptions,player_receptions,6.5,4.88621364775063,3.85616,2.4561788474538124,25000,4.886213647750631,calibrated,nonnegative_oos_linear_blend_v2,0.554082,0.444566,0.001352,4413,6.174567025854061,1,hist_gradient_boosting_lagged_player_history_v2,2026-W02 pregame,3.389229448812164,1,first_order_markov_outcome_regime_v2,2026-W02 pregame,1,prior+current,1,,0,,,,,,,,0,,,,,0,2026,2,draftkings,DraftKings,-125.0,-102.0,UNDER,0.8094,0.4761410788381742,-102.0,-424.6589716684155,0.3332589211618257,0.3332589211618257,,,,,,,,,,,,0,,,,,,,,2026-09-22T14:30:15Z,35282021679,ca5a001bb817e495ca2d74b1e03ce43886493f43,6.5,UNDER,00-0037744,RESOLVED_GSIS,True,8.0,stats_table,-3.1137863522493703,-1.5,false,OVER,LOSS,-1.0,TE
50bc247030707d823b9c3581d7eb5760,Alec Pierce,alecpierce,IND,KC,receptions,player_receptions,2.5,2.8756356387029123,2.5328,1.7947513140100997,25000,2.8756356387029127,calibrated,nonnegative_oos_linear_blend_v2,0.554082,0.444566,0.001352,4413,3.30068934693634,1,hist_gradient_boosting_lagged_player_history_v2,2026-W02 pregame,3.6113083526713337,1,first_order_markov_outcome_regime_v2,2026-W02 pregame,1,prior+current,1,WR1_5,0,,,,,,,,0,,,,,0,2026,2,draftkings,DraftKings,-166.0,130.0,OVER,0.46468,0.5893794380981784,-166.0,115.20185934406474,-0.1246994380981784,0.1246994380981784,,,,,,,,,,,,0,,,,,,,,2026-09-22T14:30:15Z,35282021679,ca5a001bb817e495ca2d74b1e03ce43886493f43,2.5,OVER,00-0037664,RESOLVED_GSIS,True,1.0,stats_table,1.8756356387029123,1.5,false,UNDER,LOSS,-1.0,WR
50bc247030707d823b9c3581d7eb5760,Jonathan Taylor,jonathantaylor,IND,KC,receptions,player_receptions,2.5,2.292108317033011,1.54264,1.8162236800481968,25000,2.292108317033011,calibrated,nonnegative_oos_linear_blend_v2,0.554082,0.444566,0.001352,4413,3.2255962975923897,1,hist_gradient_boosting_lagged_player_history_v2,2026-W02 pregame,2.49172848931407,1,first_order_markov_outcome_regime_v2,2026-W02 pregame,1,prior+current,1,,0,,,,,,,,0,,,,,0,2026,2,draftkings,DraftKings,-115.0,-111.0,UNDER,0.53832,0.4958445875753169,-111.0,-116.60024259227173,0.0424754124246831,0.0424754124246831,,,,,,,,,,,,0,,,,,,,,2026-09-22T14:30:15Z,35282021679,ca5a001bb817e495ca2d74b1e03ce43886493f43,2.5,UNDER,00-0036223,RESOLVED_GSIS,True,4.0,stats_table,-1.7078916829669888,-1.5,false,OVER,LOSS,-1.0,RB
50bc247030707d823b9c3581d7eb5760,Josh Downs,joshdowns,IND,KC,receptions,player_receptions,4.5,2.709927372893785,2.1726,1.831792687429804,25000,2.7099273728937856,calibrated,nonnegative_oos_linear_blend_v2,0.554082,0.444566,0.001352,4413,3.379888035475252,1,hist_gradient_boosting_lagged_player_history_v2,2026-W02 pregame,2.6224225700404347,1,first_order_markov_outcome_regime_v2,2026-W02 pregame,1,prior+current,1,,0,,,,,,,,0,,,,,0,2026,2,draftkings,DraftKings,128.0,-164.0,UNDER,0.82548,0.5861550037622272,-164.0,-473.00022920009167,0.2393249962377728,0.2393249962377728,,,,,,,,,,,,0,,,,,,,,2026-09-22T14:30:15Z,35282021679,ca5a001bb817e495ca2d74b1e03ce43886493f43,4,UNDER,00-0038997,RESOLVED_GSIS,True,7.0,stats_table,-4.290072627106214,-2.5,false,OVER,LOSS,-1.0,WR
50bc247030707d823b9c3581d7eb5760,Keenan Allen,keenanallen,IND,KC,receptions,player_receptions,3.5,3.852552983621957,3.75084,1.956604557499484,25000,3.852552983621957,calibrated,nonnegative_oos_linear_blend_v2,0.554082,0.444566,0.001352,4413,3.980055977850635,1,hist_gradient_boosting_lagged_player_history_v2,2026-W02 pregame,3.6113083526713337,1,first_order_markov_outcome_regime_v2,2026-W02 pregame,1,prior+current,1,WR1,0,,,,,,,,0,,,,,0,2026,2,draftkings,DraftKings,-112.0,-114.0,OVER,0.51856,0.4979225527671597,-112.0,-107.71020272515788,0.0206374472328403,0.0206374472328403,,,,,,,,,,,,0,,,,,,,,2026-09-22T14:30:15Z,35282021679,ca5a001bb817e495ca2d74b1e03ce43886493f43,3.5,OVER,00-0030279,RESOLVED_GSIS,True,1.0,stats_table,2.852552983621957,2.5,false,UNDER,LOSS,-1.0,WR
50bc247030707d823b9c3581d7eb5760,Kenneth Walker III,kennethwalkeriii,KC,IND,receptions,player_receptions,2.5,1.6879444317536991,1.492,1.379701170484256,25000,1.6879444317536996,calibrated,nonnegative_oos_linear_blend_v2,0.554082,0.444566,0.001352,4413,1.9297140825797447,1,hist_gradient_boosting_lagged_player_history_v2,2026-W02 pregame,2.49172848931407,1,first_order_markov_outcome_regime_v2,2026-W02 pregame,1,prior+current,1,,0,,,,,,,,0,,,,,0,2026,2,draftkings,DraftKings,-180.0,140.0,UNDER,0.8091200000000001,0.3932584269662921,140.0,-423.88935456831535,0.4158615730337079,0.4158615730337079,,,,,,,,,,,,0,,,,,,,,2026-09-22T14:30:15Z,35282021679,ca5a001bb817e495ca2d74b1e03ce43886493f43,3,UNDER,00-0038134,RESOLVED_GSIS,True,6.0,stats_table,-4.312055568246301,-3.5,false,OVER,LOSS,-1.0,RB
50bc247030707d823b9c3581d7eb5760,Noah Gray,noahgray,KC,IND,receptions,player_receptions,1.5,1.4676537539785783,1.2238,1.3176592244280725,25000,1.4676537539785783,calibrated,nonnegative_oos_linear_blend_v2,0.554082,0.444566,0.001352,4413,1.7700569478972008,1,hist_gradient_boosting_lagged_player_history_v2,2026-W02 pregame,1.9682435500825,1,first_order_markov_outcome_regime_v2,2026-W02 pregame,1,prior+current,1,,0,,,,,,,,0,,,,,0,2026,2,draftkings,DraftKings,152.0,-195.0,UNDER,0.65552,0.6248728382502543,-195.0,-190.2926149558755,0.0306471617497456,0.0306471617497456,,,,,,,,,,,,0,,,,,,,,2026-09-22T14:30:15Z,35282021679,ca5a001bb817e495ca2d74b1e03ce43886493f43,1.5,UNDER,00-0036637,RESOLVED_GSIS,True,0.0,stats_table,1.4676537539785783,1.5,true,UNDER,WIN,0.5128205128205128,TE
50bc247030707d823b9c3581d7eb5760,Rashee Rice,rasheerice,KC,IND,receptions,player_receptions,4.5,4.483047090432017,4.21492,2.1376708477057806,25000,4.483047090432018,calibrated,nonnegative_oos_linear_blend_v2,0.554082,0.444566,0.001352,4413,4.822884052485623,1,hist_gradient_boosting_lagged_player_history_v2,2026-W02 pregame,2.6224225700404347,1,first_order_markov_outcome_regime_v2,2026-W02 pregame,1,prior+current,1,WR1,0,,,,,,,,0,,,,,0,2026,2,draftkings,DraftKings,-130.0,102.0,UNDER,0.58672,0.4669102720259845,102.0,-141.96670538133955,0.1198097279740154,0.1198097279740154,,,,,,,,,,,,0,,,,,,,,2026-09-22T14:30:15Z,35282021679,ca5a001bb817e495ca2d74b1e03ce43886493f43,4.5,UNDER,00-0039067,RESOLVED_GSIS,True,4.0,stats_table,0.48304709043201743,0.5,true,UNDER,WIN,1.02,WR
50bc247030707d823b9c3581d7eb5760,Travis Kelce,traviskelce,KC,IND,receptions,player_receptions,3.5,3.462216359552273,2.95996,2.008396198845676,25000,3.4622163595522744,calibrated,nonnegative_oos_linear_blend_v2,0.554082,0.444566,0.001352,4413,4.0884223368801935,1,hist_gradient_boosting_lagged_player_history_v2,2026-W02 pregame,3.389229448812164,1,first_order_markov_outcome_regime_v2,2026-W02 pregame,1,prior+current,1,,0,,,,,,,,0,,,,,0,2026,2,draftkings,DraftKings,-130.0,102.0,UNDER,0.4313599999999999,0.4669102720259845,102.0,131.82492581602375,-0.0355502720259846,0.0355502720259846,,,,,,,,,,,,0,,,,,,,,2026-09-22T14:30:15Z,35282021679,ca5a001bb817e495ca2d74b1e03ce43886493f43,3.5,UNDER,00-0030506,RESOLVED_GSIS,True,9.0,stats_table,-5.537783640447727,-5.5,false,OVER,LOSS,-1.0,TE
50bc247030707d823b9c3581d7eb5760,Tyler Warren,tylerwarren,IND,KC,receptions,player_receptions,4.5,3.118023721998195,2.7902,1.8520080984981284,25000,3.118023721998194,calibrated,nonnegative_oos_linear_blend_v2,0.554082,0.444566,0.001352,4413,3.5257799457974737,1,hist_gradient_boosting_lagged_player_history_v2,2026-W02 pregame,3.389229448812164,1,first_order_markov_outcome_regime_v2,2026-W02 pregame,1,prior+current,1,,0,,,,,,,,0,,,,,0,2026,2,draftkings,DraftKings,-126.0,-102.0,UNDER,0.85084,0.475259772389906,-102.0,-570.4210244033254,0.375580227610094,0.375580227610094,,,,,,,,,,,,0,,,,,,,,2026-09-22T14:30:15Z,35282021679,ca5a001bb817e495ca2d74b1e03ce43886493f43,4.5,UNDER,00-0040128,RESOLVED_GSIS,True,6.0,stats_table,-2.881976278001805,-1.5,false,OVER,LOSS,-1.0,TE
50bc247030707d823b9c3581d7eb5760,Tyquan Thornton,tyquanthornton,KC,IND,receptions,player_receptions,1.5,1.0954501263716343,0.90992,1.134784783974585,25000,1.0954501263716343,calibrated,nonnegative_oos_linear_blend_v2,0.554082,0.444566,0.001352,4413,1.3237774114001917,1,hist_gradient_boosting_lagged_player_history_v2,2026-W02 pregame,2.051334508207548,1,first_order_markov_outcome_regime_v2,2026-W02 pregame,1,prior+current,1,,0,,,,,,,,0,,,,,0,2026,2,draftkings,DraftKings,162.0,-209.0,UNDER,0.7706,0.6392631161129141,-209.0,-335.9197907585004,0.1313368838870858,0.1313368838870858,,,,,,,,,,,,0,,,,,,,,2026-09-22T14:30:15Z,35282021679,ca5a001bb817e495ca2d74b1e03ce43886493f43,1.5,UNDER,00-0038104,RESOLVED_GSIS,True,4.0,stats_table,-2.9045498736283655,-2.5,false,OVER,LOSS,-1.0,WR
50bc247030707d823b9c3581d7eb5760,Xavier Worthy,xavierworthy,KC,IND,receptions,player_receptions,3.5,2.7875853114096216,2.45844,1.760103680132525,25000,2.7875853114096216,calibrated,nonnegative_oos_linear_blend_v2,0.554082,0.444566,0.001352,4413,3.1953083916377096,1,hist_gradient_boosting_lagged_player_history_v2,2026-W02 pregame,3.6113083526713337,1,first_order_markov_outcome_regime_v2,2026-W02 pregame,1,prior+current,1,WR1_5,0,,,,,,,,0,,,,,0,2026,2,draftkings,DraftKings,106.0,-135.0,UNDER,0.76808,0.5419996102124343,-135.0,-331.18316660917554,0.2260803897875657,0.2260803897875657,,,,,,,,,,,,0,,,,,,,,2026-09-22T14:30:15Z,35282021679,ca5a001bb817e495ca2d74b1e03ce43886493f43,3.5,UNDER,00-0039894,RESOLVED_GSIS,True,5.0,stats_table,-2.2124146885903784,-1.5,false,OVER,LOSS,-1.0,WR
56e8897681915f7ec92baeee952bb1ae,Amon-Ra St. Brown,amonrastbrown,DET,BUF,receptions,player_receptions,7.5,5.760548634970965,5.05272,2.490797932305876,25000,5.760548634970966,calibrated,nonnegative_oos_linear_blend_v2,0.554082,0.444566,0.001352,4413,6.649282543060321,1,hist_gradient_boosting_lagged_player_history_v2,2026-W02 pregame,3.6113083526713337,1,first_order_markov_outcome_regime_v2,2026-W02 pregame,1,prior+current,1,WR1,0,,,,,,,,0,,,,,0,2026,2,draftkings,DraftKings,-104.0,-122.0,UNDER,0.7590399999999999,0.5187593796898451,-122.0,-315.0066401062416,0.2402806203101548,0.2402806203101548,,,,,,,,,,,,0,,,,,,,,2026-09-22T14:30:15Z,35282021679,ca5a001bb817e495ca2d74b1e03ce43886493f43,7.5,UNDER,00-0036963,RESOLVED_GSIS,True,9.0,stats_table,-3.2394513650290353,-1.5,false,OVER,LOSS,-1.0,WR
56e8897681915f7ec92baeee952bb1ae,Brock Wright,brockwright,DET,BUF,receptions,player_receptions,0.5,1.7719095315425786,1.86008,1.2834635151356617,25000,1.771909531542578,calibrated,nonnegative_oos_linear_blend_v2,0.554082,0.444566,0.001352,4413,1.6614217454840603,1,hist_gradient_boosting_lagged_player_history_v2,2026-W02 pregame,1.9682435500825,1,first_order_markov_outcome_regime_v2,2026-W02 pregame,1,prior+current,1,,0,,,,,,,,0,,,,,0,2026,2,draftkings,DraftKings,-188.0,146.0,OVER,0.84752,0.6162456028141988,-188.0,-555.8237145855196,0.2312743971858012,0.2312743971858012,,,,,,,,,,,,0,,,,,,,,2026-09-22T14:30:15Z,35282021679,ca5a001bb817e495ca2d74b1e03ce43886493f43,0.5,OVER,00-0036754,RESOLVED_GSIS,True,0.0,stats_table,1.7719095315425786,0.5,false,UNDER,LOSS,-1.0,TE
56e8897681915f7ec92baeee952bb1ae,DJ Moore,djmoore,BUF,DET,receptions,player_receptions,4.5,2.509923852824467,1.99068,1.760352622865065,25000,2.509923852824468,calibrated,nonnegative_oos_linear_blend_v2,0.554082,0.444566,0.001352,4413,3.1537306230608184,1,hist_gradient_boosting_lagged_player_history_v2,2026-W02 pregame,3.6113083526713337,1,first_order_markov_outcome_regime_v2,2026-W02 pregame,1,prior+current,1,WR1_5,0,,,,,,,,0,,,,,0,2026,2,draftkings,DraftKings,-108.0,-118.0,UNDER,0.86112,0.510397604391948,-118.0,-620.0460829493087,0.3507223956080519,0.3507223956080519,,,,,,,,,,,,0,,,,,,,,2026-09-22T14:30:15Z,35282021679,ca5a001bb817e495ca2d74b1e03ce43886493f43,4.5,UNDER,00-0034827,RESOLVED_GSIS,True,0.0,stats_table,2.509923852824467,4.5,true,UNDER,WIN,0.847457627118644,WR
56e8897681915f7ec92baeee952bb1ae,Dalton Kincaid,daltonkincaid,BUF,DET,receptions,player_receptions,4.5,2.823709462827504,2.76632,1.6753611552208894,25000,2.823709462827504,calibrated,nonnegative_oos_linear_blend_v2,0.554082,0.444566,0.001352,4413,2.8935166125450653,1,hist_gradient_boosting_lagged_player_history_v2,2026-W02 pregame,3.389229448812164,1,first_order_markov_outcome_regime_v2,2026-W02 pregame,1,prior+current,1,,0,,,,,,,,0,,,,,0,2026,2,draftkings,DraftKings,126.0,-162.0,UNDER,0.8550800000000001,0.5828822517990193,-162.0,-590.0358818658574,0.2721977482009807,0.2721977482009807,,,,,,,,,,,,0,,,,,,,,2026-09-22T14:30:15Z,35282021679,ca5a001bb817e495ca2d74b1e03ce43886493f43,4,UNDER,00-0038933,RESOLVED_GSIS,True,7.0,stats_table,-4.1762905371724965,-2.5,false,OVER,LOSS,-1.0,TE
56e8897681915f7ec92baeee952bb1ae,Dawson Knox,dawsonknox,BUF,DET,receptions,player_receptions,1.5,2.079658100839429,1.94596,1.4743781872661357,25000,2.07965810083943,calibrated,nonnegative_oos_linear_blend_v2,0.554082,0.444566,0.001352,4413,2.246630706891032,1,hist_gradient_boosting_lagged_player_history_v2,2026-W02 pregame,1.9682435500825,1,first_order_markov_outcome_regime_v2,2026-W02 pregame,1,prior+current,1,,0,,,,,,,,0,,,,,0,2026,2,draftkings,DraftKings,123.0,-157.0,OVER,0.58272,0.4233170265684967,123.0,-139.64723926380367,0.1594029734315033,0.1594029734315033,,,,,,,,,,,,0,,,,,,,,2026-09-22T14:30:15Z,35282021679,ca5a001bb817e495ca2d74b1e03ce43886493f43,1.5,OVER,00-0035689,RESOLVED_GSIS,True,2.0,stats_table,0.07965810083942904,-0.5,true,OVER,WIN,1.23,TE
56e8897681915f7ec92baeee952bb1ae,Isaac TeSlaa,isaacteslaa,DET,BUF,receptions,player_receptions,1.5,1.4967017718609472,1.04872,1.453968931232574,25000,1.4967017718609472,calibrated,nonnegative_oos_linear_blend_v2,0.554082,0.444566,0.001352,4413,2.053354265881445,1,hist_gradient_boosting_lagged_player_history_v2,2026-W02 pregame,2.051334508207548,1,first_order_markov_outcome_regime_v2,2026-W02 pregame,1,prior+current,1,,0,,,,,,,,0,,,,,0,2026,2,draftkings,DraftKings,-117.0,-109.0,UNDER,0.71896,0.4916850288945246,-109.0,-255.82123541132933,0.2272749711054754,0.2272749711054754,,,,,,,,,,,,0,,,,,,,,2026-09-22T14:30:15Z,35282021679,ca5a001bb817e495ca2d74b1e03ce43886493f43,1.5,UNDER,00-0040669,RESOLVED_GSIS,True,2.0,stats_table,-0.5032982281390528,-0.5,false,OVER,LOSS,-1.0,WR
56e8897681915f7ec92baeee952bb1ae,Jahmyr Gibbs,jahmyrgibbs,DET,BUF,receptions,player_receptions,4.5,3.212967718754779,2.75164,1.925826911560472,25000,3.2129677187547805,calibrated,nonnegative_oos_linear_blend_v2,0.554082,0.444566,0.001352,4413,3.790133989907522,1,hist_gradient_boosting_lagged_player_history_v2,2026-W02 pregame,2.49172848931407,1,first_order_markov_outcome_regime_v2,2026-W02 pregame,1,prior+current,1,,0,,,,,,,,0,,,,,0,2026,2,draftkings,DraftKings,110.0,-140.0,UNDER,0.7044,0.550561797752809,-140.0,-238.29499323410016,0.153838202247191,0.153838202247191,,,,,,,,,,,,0,,,,,,,,2026-09-22T14:30:15Z,35282021679,ca5a001bb817e495ca2d74b1e03ce43886493f43,4.5,UNDER,00-0039139,RESOLVED_GSIS,True,6.0,stats_table,-2.787032281245221,-1.5,false,OVER,LOSS,-1.0,RB
56e8897681915f7ec92baeee952bb1ae,James Cook,jamescook,BUF,DET,receptions,player_receptions,2.5,1.885720831209817,1.65196,1.4632358976476716,25000,1.8857208312098173,calibrated,nonnegative_oos_linear_blend_v2,0.554082,0.444566,0.001352,4413,2.175224181723894,1,hist_gradient_boosting_lagged_player_history_v2,2026-W02 pregame,2.49172848931407,1,first_order_markov_outcome_regime_v2,2026-W02 pregame,1,prior+current,1,,0,,,,,,,,0,,,,,0,2026,2,draftkings,DraftKings,-115.0,-111.0,UNDER,0.77172,0.4958445875753169,-111.0,-338.058524618889,0.275875412424683,0.275875412424683,,,,,,,,,,,,0,,,,,,,,2026-09-22T14:30:15Z,35282021679,ca5a001bb817e495ca2d74b1e03ce43886493f43,2.5,UNDER,00-0037248,RESOLVED_GSIS,True,1.0,stats_table,0.885720831209817,1.5,true,UNDER,WIN,0.9009009009009009,RB
56e8897681915f7ec92baeee952bb1ae,Jameson Williams,jamesonwilliams,DET,BUF,receptions,player_receptions,3.5,3.4004974917684,3.15144,1.8838721691872773,25000,3.4004974917684,calibrated,nonnegative_oos_linear_blend_v2,0.554082,0.444566,0.001352,4413,3.710267597602129,1,hist_gradient_boosting_lagged_player_history_v2,2026-W02 pregame,3.6113083526713337,1,first_order_markov_outcome_regime_v2,2026-W02 pregame,1,prior+current,1,WR1_5,0,,,,,,,,0,,,,,0,2026,2,draftkings,DraftKings,-159.0,125.0,UNDER,0.6130800000000001,0.419943250912039,125.0,-158.45135945415078,0.193136749087961,0.193136749087961,,,,,,,,,,,,0,,,,,,,,2026-09-22T14:30:15Z,35282021679,ca5a001bb817e495ca2d74b1e03ce43886493f43,3.5,UNDER,00-0037240,RESOLVED_GSIS,True,2.0,stats_table,1.4004974917683999,1.5,true,UNDER,WIN,1.25,WR
56e8897681915f7ec92baeee952bb1ae,Keon Coleman,keoncoleman,BUF,DET,receptions,player_receptions,1.5,2.680542493403389,3.22484,1.4760164087441856,25000,2.680542493403389,calibrated,nonnegative_oos_linear_blend_v2,0.554082,0.444566,0.001352,4413,2.004074293284445,1,hist_gradient_boosting_lagged_player_history_v2,2026-W02 pregame,2.051334508207548,1,first_order_markov_outcome_regime_v2,2026-W02 pregame,1,prior+current,1,,0,,,,,,,,0,,,,,0,2026,2,draftkings,DraftKings,132.0,-169.0,OVER,0.83452,0.4069099050039329,132.0,-504.30263475948766,0.4276100949960671,0.4276100949960671,,,,,,,,,,,,0,,,,,,,,2026-09-22T14:30:15Z,35282021679,ca5a001bb817e495ca2d74b1e03ce43886493f43,1.5,OVER,00-0039901,RESOLVED_GSIS,True,6.0,stats_table,-3.319457506596611,-4.5,true,OVER,WIN,1.32,WR
56e8897681915f7ec92baeee952bb1ae,Khalil Shakir,khalilshakir,BUF,DET,receptions,player_receptions,4.5,4.087287642901572,4.06556,1.994715452073797,25000,4.087287642901571,calibrated,nonnegative_oos_linear_blend_v2,0.554082,0.444566,0.001352,4413,4.115815285219202,1,hist_gradient_boosting_lagged_player_history_v2,2026-W02 pregame,3.6113083526713337,1,first_order_markov_outcome_regime_v2,2026-W02 pregame,1,prior+current,1,WR1,0,,,,,,,,0,,,,,0,2026,2,draftkings,DraftKings,126.0,-161.0,UNDER,0.6166,0.5823064366418078,-161.0,-160.82420448617634,0.0342935633581922,0.0342935633581922,,,,,,,,,,,,0,,,,,,,,2026-09-22T14:30:15Z,35282021679,ca5a001bb817e495ca2d74b1e03ce43886493f43,4.5,UNDER,00-0037261,RESOLVED_GSIS,True,3.0,stats_table,1.0872876429015719,1.5,true,UNDER,WIN,0.6211180124223602,WR
56e8897681915f7ec92baeee952bb1ae,Sam LaPorta,samlaporta,DET,BUF,receptions,player_receptions,4.5,3.88382055160526,3.48372,2.058081659194291,25000,3.8838205516052606,calibrated,nonnegative_oos_linear_blend_v2,0.554082,0.444566,0.001352,4413,4.383987458218727,1,hist_gradient_boosting_lagged_player_history_v2,2026-W02 pregame,3.389229448812164,1,first_order_markov_outcome_regime_v2,2026-W02 pregame,1,prior+current,1,,0,,,,,,,,0,,,,,0,2026,2,draftkings,DraftKings,105.0,-133.0,UNDER,0.72848,0.539206961336893,-133.0,-268.2969946965233,0.1892730386631069,0.1892730386631069,,,,,,,,,,,,0,,,,,,,,2026-09-22T14:30:15Z,35282021679,ca5a001bb817e495ca2d74b1e03ce43886493f43,4.5,UNDER,00-0039065,RESOLVED_GSIS,True,6.0,stats_table,-2.11617944839474,-1.5,false,OVER,LOSS,-1.0,TE
68bc55903f50af4af4766adcc89fcc61,Caleb Douglas,calebdouglas,MIA,SF,receptions,player_receptions,2.5,3.5919265889317646,2.90368,2.0755930191183047,25000,3.5919265889317646,calibrated,nonnegative_oos_linear_blend_v2,0.554082,0.444566,0.001352,4413,4.449659394283308,1,hist_gradient_boosting_lagged_player_history_v2,2026-W02 pregame,3.6113083526713337,1,first_order_markov_outcome_regime_v2,2026-W02 pregame,1,prior+current,1,WR1,0,,,,,,,,0,,,,,0,2026,2,draftkings,DraftKings,-163.0,128.0,OVER,0.55876,0.5855918315895626,-163.0,-126.63403136614996,-0.0268318315895625,0.0268318315895625,,,,,,,,,,,,0,,,,,,,,2026-09-22T14:30:15Z,35282021679,ca5a001bb817e495ca2d74b1e03ce43886493f43,2.5,OVER,00-0041523,RESOLVED_GSIS,True,2.0,stats_table,1.5919265889317646,0.5,false,UNDER,LOSS,-1.0,WR
68bc55903f50af4af4766adcc89fcc61,Chris Bell,chrisbell,MIA,SF,receptions,player_receptions,1.5,1.038578563846834,0.8862,1.0996356314581053,25000,1.038578563846834,calibrated,nonnegative_oos_linear_blend_v2,0.554082,0.444566,0.001352,4413,1.2254146542734652,1,hist_gradient_boosting_lagged_player_history_v2,2026-W02 pregame,2.051334508207548,1,first_order_markov_outcome_regime_v2,2026-W02 pregame,1,prior+current,1,,0,,,,,,,,0,,,,,0,2026,2,draftkings,DraftKings,-142.0,111.0,UNDER,0.77876,0.4468077249732284,111.0,-351.99783041041405,0.3319522750267716,0.3319522750267716,,,,,,,,,,,,0,,,,,,,,2026-09-22T14:30:15Z,35282021679,ca5a001bb817e495ca2d74b1e03ce43886493f43,1.5,UNDER,00-0041525,RESOLVED_GSIS,True,0.0,stats_table,1.038578563846834,1.5,true,UNDER,WIN,1.11,WR
68bc55903f50af4af4766adcc89fcc61,Christian McCaffrey,christianmccaffrey,SF,MIA,receptions,player_receptions,4.5,3.517283607528903,2.82004,2.077720696330533,25000,3.517283607528903,calibrated,nonnegative_oos_linear_blend_v2,0.554082,0.444566,0.001352,4413,4.389407618511876,1,hist_gradient_boosting_lagged_player_history_v2,2026-W02 pregame,2.49172848931407,1,first_order_markov_outcome_regime_v2,2026-W02 pregame,1,prior+current,1,,0,,,,,,,,0,,,,,0,2026,2,draftkings,DraftKings,-132.0,103.0,UNDER,0.68796,0.4640371229698375,103.0,-220.47173439302657,0.2239228770301624,0.2239228770301624,,,,,,,,,,,,0,,,,,,,,2026-09-22T14:30:15Z,35282021679,ca5a001bb817e495ca2d74b1e03ce43886493f43,4.5,UNDER,00-0033280,RESOLVED_GSIS,True,4.0,stats_table,-0.4827163924710969,0.5,true,UNDER,WIN,1.03,RB
68bc55903f50af4af4766adcc89fcc61,De'Von Achane,devonachane,MIA,SF,receptions,player_receptions,3.5,2.6365820916358493,2.42328,1.666417891572229,25000,2.6365820916358493,calibrated,nonnegative_oos_linear_blend_v2,0.554082,0.444566,0.001352,4413,2.9028703179242146,1,hist_gradient_boosting_lagged_player_history_v2,2026-W02 pregame,2.49172848931407,1,first_order_markov_outcome_regime_v2,2026-W02 pregame,1,prior+current,1,,0,,,,,,,,0,,,,,0,2026,2,draftkings,DraftKings,-157.0,123.0,UNDER,0.774,0.4233170265684965,123.0,-342.47787610619474,0.3506829734315034,0.3506829734315034,,,,,,,,,,,,0,,,,,,,,2026-09-22T14:30:15Z,35282021679,ca5a001bb817e495ca2d74b1e03ce43886493f43,4,UNDER,00-0039040,RESOLVED_GSIS,True,3.0,stats_table,-0.36341790836415067,0.5,true,UNDER,WIN,1.23,RB
68bc55903f50af4af4766adcc89fcc61,Deebo Samuel Sr.,deebosamuelsr,SF,MIA,receptions,player_receptions,3.5,3.552457868646979,3.6328,1.826949430322877,25000,3.5524578686469788,calibrated,nonnegative_oos_linear_blend_v2,0.554082,0.444566,0.001352,4413,3.4521449911917848,1,hist_gradient_boosting_lagged_player_history_v2,2026-W02 pregame,3.6113083526713337,1,first_order_markov_outcome_regime_v2,2026-W02 pregame,1,prior+current,1,WR1,0,,,,,,,,0,,,,,0,2026,2,draftkings,DraftKings,120.0,-154.0,OVER,0.49484,0.4284750337381915,120.0,102.08552259316144,0.0663649662618084,0.0663649662618084,,,,,,,,,,,,0,,,,,,,,2026-09-22T14:30:15Z,35282021679,ca5a001bb817e495ca2d74b1e03ce43886493f43,3.5,OVER,00-0035719,RESOLVED_GSIS,True,3.0,stats_table,0.5524578686469792,0.5,false,UNDER,LOSS,-1.0,WR
68bc55903f50af4af4766adcc89fcc61,Demarcus Robinson,demarcusrobinson,SF,MIA,receptions,player_receptions,1.5,1.8750868300210937,1.57184,1.4793519966405493,25000,1.8750868300210928,calibrated,nonnegative_oos_linear_blend_v2,0.554082,0.444566,0.001352,4413,2.2507638097074425,1,hist_gradient_boosting_lagged_player_history_v2,2026-W02 pregame,2.6224225700404347,1,first_order_markov_outcome_regime_v2,2026-W02 pregame,1,prior+current,1,,0,,,,,,,,0,,,,,0,2026,2,draftkings,DraftKings,-134.0,105.0,OVER,0.4686,0.5400039315903282,-134.0,113.40162185232607,-0.0714039315903282,0.0714039315903282,,,,,,,,,,,,0,,,,,,,,2026-09-22T14:30:15Z,35282021679,ca5a001bb817e495ca2d74b1e03ce43886493f43,1.5,OVER,00-0032775,RESOLVED_GSIS,True,3.0,stats_table,-1.1249131699789063,-1.5,true,OVER,WIN,0.746268656716418,WR
68bc55903f50af4af4766adcc89fcc61,George Kittle,georgekittle,SF,MIA,receptions,player_receptions,3.5,3.9146950984653848,3.56736,2.0234402038180925,25000,3.914695098465384,calibrated,nonnegative_oos_linear_blend_v2,0.554082,0.444566,0.001352,4413,4.352609198332989,1,hist_gradient_boosting_lagged_player_history_v2,2026-W02 pregame,2.265587336745729,1,first_order_markov_outcome_regime_v2,2026-W02 pregame,1,prior+current,1,,0,,,,,,,,0,,,,,0,2026,2,draftkings,DraftKings,-133.0,105.0,OVER,0.48152,0.539206961336893,-133.0,107.67569363681676,-0.057686961336893,0.057686961336893,,,,,,,,,,,,0,,,,,,,,2026-09-22T14:30:15Z,35282021679,ca5a001bb817e495ca2d74b1e03ce43886493f43,3.5,OVER,00-0033288,RESOLVED_GSIS,True,4.0,stats_table,-0.08530490153461523,-0.5,true,OVER,WIN,0.7518796992481203,TE
68bc55903f50af4af4766adcc89fcc61,Greg Dulcich,gregdulcich,MIA,SF,receptions,player_receptions,2.5,2.913719066465879,2.53056,1.808020419770771,25000,2.913719066465878,calibrated,nonnegative_oos_linear_blend_v2,0.554082,0.444566,0.001352,4413,3.3932380039557635,1,hist_gradient_boosting_lagged_player_history_v2,2026-W02 pregame,2.265587336745729,1,first_order_markov_outcome_regime_v2,2026-W02 pregame,1,prior+current,1,,0,,,,,,,,0,,,,,0,2026,2,draftkings,DraftKings,115.0,-147.0,OVER,0.46548,0.4386821774265163,115.0,114.8320013749248,0.0267978225734836,0.0267978225734836,,,,,,,,,,,,0,,,,,,,,2026-09-22T14:30:15Z,35282021679,ca5a001bb817e495ca2d74b1e03ce43886493f43,2.5,OVER,00-0037252,RESOLVED_GSIS,True,2.0,stats_table,0.913719066465879,0.5,false,UNDER,LOSS,-1.0,TE
68bc55903f50af4af4766adcc89fcc61,Malik Washington,malikwashington,MIA,SF,receptions,player_receptions,3.5,2.8937103326133773,3.1522,1.607128870950305,25000,2.8937103326133773,calibrated,nonnegative_oos_linear_blend_v2,0.554082,0.444566,0.001352,4413,2.5693610472248563,1,hist_gradient_boosting_lagged_player_history_v2,2026-W02 pregame,3.6113083526713337,1,first_order_markov_outcome_regime_v2,2026-W02 pregame,1,prior+current,1,WR1_5,0,,,,,,,,0,,,,,0,2026,2,draftkings,DraftKings,-101.0,-126.0,UNDER,0.61016,0.5259594617046021,-126.0,-156.51549353580958,0.0842005382953979,0.0842005382953979,,,,,,,,,,,,0,,,,,,,,2026-09-22T14:30:15Z,35282021679,ca5a001bb817e495ca2d74b1e03ce43886493f43,3.5,UNDER,00-0039880,RESOLVED_GSIS,True,4.0,stats_table,-1.1062896673866227,-0.5,false,OVER,LOSS,-1.0,WR
68bc55903f50af4af4766adcc89fcc61,Mike Evans,mikeevans,SF,MIA,receptions,player_receptions,3.5,2.724333672402837,1.73444,2.0368565746003835,25000,2.724333672402837,calibrated,nonnegative_oos_linear_blend_v2,0.554082,0.444566,0.001352,4413,3.9553839012205736,1,hist_gradient_boosting_lagged_player_history_v2,2026-W02 pregame,3.6113083526713337,1,first_order_markov_outcome_regime_v2,2026-W02 pregame,1,prior+current,1,WR1_5,0,,,,,,,,0,,,,,0,2026,2,draftkings,DraftKings,-137.0,107.0,UNDER,0.74848,0.4552526940586642,107.0,-297.5826972010178,0.2932273059413358,0.2932273059413358,,,,,,,,,,,,0,,,,,,,,2026-09-22T14:30:15Z,35282021679,ca5a001bb817e495ca2d74b1e03ce43886493f43,3.5,UNDER,00-0031408,RESOLVED_GSIS,True,3.0,stats_table,-0.2756663275971629,0.5,true,UNDER,WIN,1.07,WR
71b3b83747589efdc5baef2c5cf811bf,Ashton Jeanty,ashtonjeanty,LV,LAC,receptions,player_receptions,4.5,2.6836845816840813,2.32208,1.7435264665158974,25000,2.6836845816840813,calibrated,nonnegative_oos_linear_blend_v2,0.554082,0.444566,0.001352,4413,3.134951917615222,1,hist_gradient_boosting_lagged_player_history_v2,2026-W02 pregame,2.49172848931407,1,first_order_markov_outcome_regime_v2,2026-W02 pregame,1,prior+current,1,,0,,,,,,,,0,,,,,0,2026,2,draftkings,DraftKings,123.0,-157.0,UNDER,0.7972,0.5766829734315033,-157.0,-393.0966469428008,0.2205170265684967,0.2205170265684967,,,,,,,,,,,,0,,,,,,,,2026-09-22T14:30:15Z,35282021679,ca5a001bb817e495ca2d74b1e03ce43886493f43,4.5,UNDER,00-0040122,RESOLVED_GSIS,True,4.0,stats_table,-1.3163154183159187,0.5,false,UNDER,WIN,0.6369426751592356,RB
71b3b83747589efdc5baef2c5cf811bf,Omarion Hampton,omarionhampton,LAC,LV,receptions,player_receptions,2.5,2.140880985485097,1.78416,1.6001809045441275,25000,2.1408809854850968,calibrated,nonnegative_oos_linear_blend_v2,0.554082,0.444566,0.001352,4413,2.5844109253688856,1,hist_gradient_boosting_lagged_player_history_v2,2026-W02 pregame,2.49172848931407,1,first_order_markov_outcome_regime_v2,2026-W02 pregame,1,prior+current,1,,0,,,,,,,,0,,,,,0,2026,2,draftkings,DraftKings,146.0,-188.0,UNDER,0.7325999999999999,0.6162456028141989,-188.0,-273.9715781600597,0.1163543971858009,0.1163543971858009,,,,,,,,,,,,0,,,,,,,,2026-09-22T14:30:15Z,35282021679,ca5a001bb817e495ca2d74b1e03ce43886493f43,2.5,UNDER,00-0040666,RESOLVED_GSIS,True,2.0,stats_table,0.1408809854850972,0.5,true,UNDER,WIN,0.5319148936170213,RB
85ef85098ddd22fe4ecf45e7e3c0a9c0,Antonio Williams,antoniowilliams,WAS,DAL,receptions,player_receptions,2.5,1.8625248602525768,1.651,1.4259636488347722,25000,1.8625248602525768,calibrated,nonnegative_oos_linear_blend_v2,0.554082,0.444566,0.001352,4413,2.120839176544688,1,hist_gradient_boosting_lagged_player_history_v2,2026-W02 pregame,3.6113083526713337,1,first_order_markov_outcome_regime_v2,2026-W02 pregame,1,prior+current,1,,0,,,,,,,,0,,,,,0,2026,2,draftkings,DraftKings,115.0,-147.0,UNDER,0.7742,0.5613178225734836,-147.0,-342.8697962798937,0.2128821774265163,0.2128821774265163,,,,,,,,,,,,0,,,,,,,,2026-09-22T14:30:15Z,35282021679,ca5a001bb817e495ca2d74b1e03ce43886493f43,2.5,UNDER,00-0041040,RESOLVED_GSIS,True,3.0,stats_table,-1.1374751397474232,-0.5,false,OVER,LOSS,-1.0,WR
85ef85098ddd22fe4ecf45e7e3c0a9c0,CeeDee Lamb,ceedeelamb,DAL,WAS,receptions,player_receptions,5.5,4.121480022176238,4.37188,1.9353188448517304,25000,4.121480022176239,calibrated,nonnegative_oos_linear_blend_v2,0.554082,0.444566,0.001352,4413,3.810947123989299,1,hist_gradient_boosting_lagged_player_history_v2,2026-W02 pregame,3.6113083526713337,1,first_order_markov_outcome_regime_v2,2026-W02 pregame,1,prior+current,1,WR1,0,,,,,,,,0,,,,,0,2026,2,draftkings,DraftKings,-125.0,-102.0,UNDER,0.72836,0.4761410788381742,-102.0,-268.13429539095864,0.2522189211618257,0.2522189211618257,,,,,,,,,,,,0,,,,,,,,2026-09-22T14:30:15Z,35282021679,ca5a001bb817e495ca2d74b1e03ce43886493f43,5.5,UNDER,00-0036358,RESOLVED_GSIS,True,8.0,stats_table,-3.8785199778237622,-2.5,false,OVER,LOSS,-1.0,WR
85ef85098ddd22fe4ecf45e7e3c0a9c0,George Pickens,georgepickens,DAL,WAS,receptions,player_receptions,4.5,2.923634821009472,2.54064,1.806859183329972,25000,2.923634821009472,calibrated,nonnegative_oos_linear_blend_v2,0.554082,0.444566,0.001352,4413,3.398886643685436,1,hist_gradient_boosting_lagged_player_history_v2,2026-W02 pregame,3.6113083526713337,1,first_order_markov_outcome_regime_v2,2026-W02 pregame,1,prior+current,1,WR1_5,0,,,,,,,,0,,,,,0,2026,2,draftkings,DraftKings,-119.0,-107.0,UNDER,0.74952,0.4875171638996379,-107.0,-299.2334717342701,0.262002836100362,0.262002836100362,,,,,,,,,,,,0,,,,,,,,2026-09-22T14:30:15Z,35282021679,ca5a001bb817e495ca2d74b1e03ce43886493f43,4.5,UNDER,00-0037247,RESOLVED_GSIS,True,6.0,stats_table,-3.076365178990528,-1.5,false,OVER,LOSS,-1.0,WR
85ef85098ddd22fe4ecf45e7e3c0a9c0,Jake Ferguson,jakeferguson,DAL,WAS,receptions,player_receptions,3.5,2.631492217482067,3.353,1.4286182315559868,25000,2.631492217482068,calibrated,nonnegative_oos_linear_blend_v2,0.554082,0.444566,0.001352,4413,1.7333583706419018,1,hist_gradient_boosting_lagged_player_history_v2,2026-W02 pregame,2.265587336745729,1,first_order_markov_outcome_regime_v2,2026-W02 pregame,1,prior+current,1,,0,,,,,,,,0,,,,,0,2026,2,draftkings,DraftKings,111.0,-142.0,UNDER,0.7552,0.5531922750267715,-142.0,-308.4967320261438,0.2020077249732285,0.2020077249732285,,,,,,,,,,,,0,,,,,,,,2026-09-22T14:30:15Z,35282021679,ca5a001bb817e495ca2d74b1e03ce43886493f43,3.5,UNDER,00-0038041,RESOLVED_GSIS,True,4.0,stats_table,-1.3685077825179328,-0.5,false,OVER,LOSS,-1.0,TE
85ef85098ddd22fe4ecf45e7e3c0a9c0,Javonte Williams,javontewilliams,DAL,WAS,receptions,player_receptions,2.5,1.914034911037425,1.69996,1.4605883460982845,25000,1.9140349110374253,calibrated,nonnegative_oos_linear_blend_v2,0.554082,0.444566,0.001352,4413,2.179088948322348,1,hist_gradient_boosting_lagged_player_history_v2,2026-W02 pregame,2.49172848931407,1,first_order_markov_outcome_regime_v2,2026-W02 pregame,1,prior+current,1,,0,,,,,,,,0,,,,,0,2026,2,draftkings,DraftKings,-111.0,-115.0,UNDER,0.75988,0.5041554124246832,-115.0,-316.4584374479427,0.2557245875753168,0.2557245875753168,,,,,,,,,,,,0,,,,,,,,2026-09-22T14:30:15Z,35282021679,ca5a001bb817e495ca2d74b1e03ce43886493f43,2.5,UNDER,00-0036997,RESOLVED_GSIS,True,3.0,stats_table,-1.085965088962575,-0.5,false,OVER,LOSS,-1.0,RB
85ef85098ddd22fe4ecf45e7e3c0a9c0,Rachaad White,rachaadwhite,WAS,DAL,receptions,player_receptions,1.5,1.743234264245589,1.44816,1.4441937392967863,25000,1.7432342642455885,calibrated,nonnegative_oos_linear_blend_v2,0.554082,0.444566,0.001352,4413,2.108721895529654,1,hist_gradient_boosting_lagged_player_history_v2,2026-W02 pregame,2.49172848931407,1,first_order_markov_outcome_regime_v2,2026-W02 pregame,1,prior+current,1,,0,,,,,,,,0,,,,,0,2026,2,draftkings,DraftKings,-190.0,148.0,OVER,0.42288,0.6190225959012087,-190.0,136.47370412410143,-0.1961425959012087,0.1961425959012087,,,,,,,,,,,,0,,,,,,,,2026-09-22T14:30:15Z,35282021679,ca5a001bb817e495ca2d74b1e03ce43886493f43,1.5,OVER,00-0037256,RESOLVED_GSIS,True,6.0,stats_table,-4.256765735754411,-4.5,true,OVER,WIN,0.5263157894736842,RB
85ef85098ddd22fe4ecf45e7e3c0a9c0,Ryan Flournoy,ryanflournoy,DAL,WAS,receptions,player_receptions,2.5,3.025726164400713,2.4714,1.9111888675012048,25000,3.025726164400714,calibrated,nonnegative_oos_linear_blend_v2,0.554082,0.444566,0.001352,4413,3.717833559664976,1,hist_gradient_boosting_lagged_player_history_v2,2026-W02 pregame,2.6224225700404347,1,first_order_markov_outcome_regime_v2,2026-W02 pregame,1,prior+current,1,,0,,,,,,,,0,,,,,0,2026,2,draftkings,DraftKings,-126.0,-101.0,OVER,0.44484,0.5259594617046021,-126.0,124.799928064023,-0.081119461704602,0.081119461704602,,,,,,,,,,,,0,,,,,,,,2026-09-22T14:30:15Z,35282021679,ca5a001bb817e495ca2d74b1e03ce43886493f43,2.5,OVER,00-0039410,RESOLVED_GSIS,True,5.0,stats_table,-1.9742738355992868,-2.5,true,OVER,WIN,0.7936507936507936,WR
85ef85098ddd22fe4ecf45e7e3c0a9c0,Stefon Diggs,stefondiggs,WAS,DAL,receptions,player_receptions,4.5,4.0356532111477215,4.05568,1.958977392833668,25000,4.0356532111477215,calibrated,nonnegative_oos_linear_blend_v2,0.554082,0.444566,0.001352,4413,4.011983454638703,1,hist_gradient_boosting_lagged_player_history_v2,2026-W02 pregame,3.6113083526713337,1,first_order_markov_outcome_regime_v2,2026-W02 pregame,1,prior+current,1,WR1,0,,,,,,,,0,,,,,0,2026,2,draftkings,DraftKings,-140.0,110.0,UNDER,0.61812,0.449438202247191,110.0,-161.86236514088193,0.168681797752809,0.168681797752809,,,,,,,,,,,,0,,,,,,,,2026-09-22T14:30:15Z,35282021679,ca5a001bb817e495ca2d74b1e03ce43886493f43,4.5,UNDER,00-0031588,RESOLVED_GSIS,True,5.0,stats_table,-0.9643467888522785,-0.5,false,OVER,LOSS,-1.0,WR
85ef85098ddd22fe4ecf45e7e3c0a9c0,Terry McLaurin,terrymclaurin,WAS,DAL,receptions,player_receptions,4.5,3.2228768137853656,2.77964,1.8962970468178075,25000,3.2228768137853665,calibrated,nonnegative_oos_linear_blend_v2,0.554082,0.444566,0.001352,4413,3.777128273396238,1,hist_gradient_boosting_lagged_player_history_v2,2026-W02 pregame,2.6224225700404347,1,first_order_markov_outcome_regime_v2,2026-W02 pregame,1,prior+current,1,WR1_5,0,,,,,,,,0,,,,,0,2026,2,draftkings,DraftKings,117.0,-150.0,UNDER,0.6965600000000001,0.5655951346655081,-150.0,-229.5544423938836,0.1309648653344919,0.1309648653344919,,,,,,,,,,,,0,,,,,,,,2026-09-22T14:30:15Z,35282021679,ca5a001bb817e495ca2d74b1e03ce43886493f43,4,UNDER,00-0035659,RESOLVED_GSIS,True,2.0,stats_table,1.2228768137853656,2.5,true,UNDER,WIN,0.6666666666666666,WR
9d14f87600f6edc74dbcb5c74edf6246,DK Metcalf,dkmetcalf,PIT,NE,receptions,player_receptions,4.5,3.3758895150409725,3.17048,1.880218478484117,25000,3.3758895150409725,calibrated,nonnegative_oos_linear_blend_v2,0.554082,0.444566,0.001352,4413,3.631184406338228,1,hist_gradient_boosting_lagged_player_history_v2,2026-W02 pregame,3.6113083526713337,1,first_order_markov_outcome_regime_v2,2026-W02 pregame,1,prior+current,1,WR1,0,,,,,,,,0,,,,,0,2026,2,draftkings,DraftKings,124.0,-159.0,UNDER,0.78652,0.5789713245334547,-159.0,-368.42795578040096,0.2075486754665453,0.2075486754665453,,,,,,,,,,,,0,,,,,,,,2026-09-22T14:30:15Z,35282021679,ca5a001bb817e495ca2d74b1e03ce43886493f43,4,UNDER,00-0035640,RESOLVED_GSIS,True,4.0,stats_table,-0.6241104849590275,0.5,false,UNDER,WIN,0.6289308176100629,WR
9d14f87600f6edc74dbcb5c74edf6246,Darnell Washington,darnellwashington,PIT,NE,receptions,player_receptions,1.5,1.7277724836960036,1.50568,1.40334871581978,25000,1.7277724836960031,calibrated,nonnegative_oos_linear_blend_v2,0.554082,0.444566,0.001352,4413,2.0029404494646985,1,hist_gradient_boosting_lagged_player_history_v2,2026-W02 pregame,2.265587336745729,1,first_order_markov_outcome_regime_v2,2026-W02 pregame,1,prior+current,1,,0,,,,,,,,0,,,,,0,2026,2,draftkings,DraftKings,-162.0,127.0,OVER,0.444,0.5839552831327215,-162.0,125.22522522522524,-0.1399552831327215,0.1399552831327215,,,,,,,,,,,,0,,,,,,,,2026-09-22T14:30:15Z,35282021679,ca5a001bb817e495ca2d74b1e03ce43886493f43,1.5,OVER,00-0038558,RESOLVED_GSIS,True,1.0,stats_table,0.7277724836960036,0.5,false,UNDER,LOSS,-1.0,TE
9d14f87600f6edc74dbcb5c74edf6246,DeMario Douglas,demariodouglas,NE,PIT,receptions,player_receptions,3.5,1.8539126880174872,1.3166,1.5899605006991362,25000,1.853912688017487,calibrated,nonnegative_oos_linear_blend_v2,0.554082,0.444566,0.001352,4413,2.5182443954883538,1,hist_gradient_boosting_lagged_player_history_v2,2026-W02 pregame,3.6113083526713337,1,first_order_markov_outcome_regime_v2,2026-W02 pregame,1,prior+current,1,,0,,,,,,,,0,,,,,0,2026,2,draftkings,DraftKings,115.0,-146.0,UNDER,0.85572,0.5606358278263975,-146.0,-593.0967563071806,0.2950841721736025,0.2950841721736025,,,,,,,,,,,,0,,,,,,,,2026-09-22T14:30:15Z,35282021679,ca5a001bb817e495ca2d74b1e03ce43886493f43,3.5,UNDER,00-0038621,RESOLVED_GSIS,True,1.0,stats_table,0.8539126880174872,2.5,true,UNDER,WIN,0.684931506849315,WR
9d14f87600f6edc74dbcb5c74edf6246,Hunter Henry,hunterhenry,NE,PIT,receptions,player_receptions,3.5,3.2477761389565205,3.31776,1.7618241526891787,25000,3.2477761389565205,calibrated,nonnegative_oos_linear_blend_v2,0.554082,0.444566,0.001352,4413,3.160122016577351,1,hist_gradient_boosting_lagged_player_history_v2,2026-W02 pregame,3.389229448812164,1,first_order_markov_outcome_regime_v2,2026-W02 pregame,1,prior+current,1,,0,,,,,,,,0,,,,,0,2026,2,draftkings,DraftKings,105.0,-134.0,UNDER,0.57516,0.5400039315903282,-134.0,-135.3827323227568,0.0351560684096717,0.0351560684096717,,,,,,,,,,,,0,,,,,,,,2026-09-22T14:30:15Z,35282021679,ca5a001bb817e495ca2d74b1e03ce43886493f43,3.5,UNDER,00-0033090,RESOLVED_GSIS,True,3.0,stats_table,0.2477761389565205,0.5,true,UNDER,WIN,0.746268656716418,TE
9d14f87600f6edc74dbcb5c74edf6246,Jaylen Warren,jaylenwarren,PIT,NE,receptions,player_receptions,3.5,2.048650137356777,1.80584,1.5104462289003733,25000,2.048650137356777,calibrated,nonnegative_oos_linear_blend_v2,0.554082,0.444566,0.001352,4413,2.3499275283292564,1,hist_gradient_boosting_lagged_player_history_v2,2026-W02 pregame,2.49172848931407,1,first_order_markov_outcome_regime_v2,2026-W02 pregame,1,prior+current,1,,0,,,,,,,,0,,,,,0,2026,2,draftkings,DraftKings,138.0,-177.0,UNDER,0.89124,0.6032996305101253,-177.0,-819.4556822361166,0.2879403694898748,0.2879403694898748,,,,,,,,,,,,0,,,,,,,,2026-09-22T14:30:15Z,35282021679,ca5a001bb817e495ca2d74b1e03ce43886493f43,3,UNDER,00-0037228,RESOLVED_GSIS,True,2.0,stats_table,0.048650137356776924,1.5,true,UNDER,WIN,0.5649717514124294,RB
9d14f87600f6edc74dbcb5c74edf6246,Mack Hollins,mackhollins,NE,PIT,receptions,player_receptions,3.5,3.0047369145744915,2.5196,1.8669766150844929,25000,3.004736914574492,calibrated,nonnegative_oos_linear_blend_v2,0.554082,0.444566,0.001352,4413,3.607539529522456,1,hist_gradient_boosting_lagged_player_history_v2,2026-W02 pregame,3.6113083526713337,1,first_order_markov_outcome_regime_v2,2026-W02 pregame,1,prior+current,1,WR1_5,0,,,,,,,,0,,,,,0,2026,2,draftkings,DraftKings,120.0,-154.0,UNDER,0.536,0.5715249662618085,-154.0,-115.51724137931036,-0.0355249662618084,0.0355249662618084,,,,,,,,,,,,0,,,,,,,,2026-09-22T14:30:15Z,35282021679,ca5a001bb817e495ca2d74b1e03ce43886493f43,3.5,UNDER,00-0033555,RESOLVED_GSIS,True,2.0,stats_table,1.0047369145744915,1.5,true,UNDER,WIN,0.6493506493506493,WR
9d14f87600f6edc74dbcb5c74edf6246,Michael Pittman Jr.,michaelpittmanjr,PIT,NE,receptions,player_receptions,3.5,1.89124,1.89124,1.3725183476604554,25000,1.89124,calibrated,nonnegative_oos_linear_blend_v2,1.0,0.0,0.0,4413,,0,,,,0,,,0,,0,,0,,,,,,,,0,,,,,0,2026,2,draftkings,DraftKings,-131.0,103.0,UNDER,0.87708,0.46485420481758,103.0,-713.5372600065081,0.41222579518242,0.41222579518242,,,,,,,,,,,,0,,,,,,,,2026-09-22T14:30:15Z,35282021679,ca5a001bb817e495ca2d74b1e03ce43886493f43,3.5,UNDER,00-0036252,RESOLVED_GSIS,True,0.0,roster_confirmed_verified_zero,1.89124,3.5,true,UNDER,WIN,1.03,WR
9d14f87600f6edc74dbcb5c74edf6246,Pat Freiermuth,patfreiermuth,PIT,NE,receptions,player_receptions,3.5,2.800003608113366,2.32496,1.818525143823368,25000,2.8000036081133657,calibrated,nonnegative_oos_linear_blend_v2,0.554082,0.444566,0.001352,4413,3.390279245778065,1,hist_gradient_boosting_lagged_player_history_v2,2026-W02 pregame,3.389229448812164,1,first_order_markov_outcome_regime_v2,2026-W02 pregame,1,prior+current,1,,0,,,,,,,,0,,,,,0,2026,2,draftkings,DraftKings,131.0,-167.0,UNDER,0.5875600000000001,0.5909738499011903,-167.0,-142.4595092619533,-0.0034138499011902,0.0034138499011902,,,,,,,,,,,,0,,,,,,,,2026-09-22T14:30:15Z,35282021679,ca5a001bb817e495ca2d74b1e03ce43886493f43,3.5,UNDER,00-0036894,RESOLVED_GSIS,True,4.0,stats_table,-1.1999963918866339,-0.5,false,OVER,LOSS,-1.0,TE
9d14f87600f6edc74dbcb5c74edf6246,Rhamondre Stevenson,rhamondrestevenson,NE,PIT,receptions,player_receptions,2.5,2.6103289898881217,1.98024,1.8550841251783128,25000,2.6103289898881217,calibrated,nonnegative_oos_linear_blend_v2,0.554082,0.444566,0.001352,4413,3.395997069705216,1,hist_gradient_boosting_lagged_player_history_v2,2026-W02 pregame,2.49172848931407,1,first_order_markov_outcome_regime_v2,2026-W02 pregame,1,prior+current,1,,0,,,,,,,,0,,,,,0,2026,2,draftkings,DraftKings,-153.0,120.0,OVER,0.58908,0.5708955223880597,-153.0,-143.35637106979462,0.0181844776119403,0.0181844776119403,,,,,,,,,,,,0,,,,,,,,2026-09-22T14:30:15Z,35282021679,ca5a001bb817e495ca2d74b1e03ce43886493f43,2.5,OVER,00-0036875,RESOLVED_GSIS,True,1.0,stats_table,1.6103289898881217,1.5,false,UNDER,LOSS,-1.0,RB
9d14f87600f6edc74dbcb5c74edf6246,Rico Dowdle,ricodowdle,PIT,NE,receptions,player_receptions,2.5,2.211862240670419,1.70352,1.6785979172835497,25000,2.211862240670419,calibrated,nonnegative_oos_linear_blend_v2,0.554082,0.444566,0.001352,4413,2.8445802313106863,1,hist_gradient_boosting_lagged_player_history_v2,2026-W02 pregame,2.49172848931407,1,first_order_markov_outcome_regime_v2,2026-W02 pregame,1,prior+current,1,,0,,,,,,,,0,,,,,0,2026,2,draftkings,DraftKings,110.0,-140.0,UNDER,0.4895199999999999,0.550561797752809,-140.0,104.28174538323256,-0.061041797752809,0.061041797752809,,,,,,,,,,,,0,,,,,,,,2026-09-22T14:30:15Z,35282021679,ca5a001bb817e495ca2d74b1e03ce43886493f43,2.5,UNDER,00-0036139,RESOLVED_GSIS,True,2.0,stats_table,0.21186224067041914,0.5,true,UNDER,WIN,0.7142857142857143,RB
9d14f87600f6edc74dbcb5c74edf6246,Roman Wilson,romanwilson,PIT,NE,receptions,player_receptions,1.5,1.8400469351858983,1.78792,1.3628019279315553,25000,1.8400469351858983,calibrated,nonnegative_oos_linear_blend_v2,0.554082,0.444566,0.001352,4413,1.899628304578144,1,hist_gradient_boosting_lagged_player_history_v2,2026-W02 pregame,3.6113083526713337,1,first_order_markov_outcome_regime_v2,2026-W02 pregame,1,prior+current,1,,0,,,,,,,,0,,,,,0,2026,2,draftkings,DraftKings,-177.0,138.0,OVER,0.534,0.6032996305101251,-177.0,-114.5922746781116,-0.0692996305101251,0.0692996305101251,,,,,,,,,,,,0,,,,,,,,2026-09-22T14:30:15Z,35282021679,ca5a001bb817e495ca2d74b1e03ce43886493f43,1.5,OVER,00-0039739,RESOLVED_GSIS,True,5.0,stats_table,-3.1599530648141014,-3.5,true,OVER,WIN,0.5649717514124294,WR
9d14f87600f6edc74dbcb5c74edf6246,Romeo Doubs,romeodoubs,NE,PIT,receptions,player_receptions,3.5,2.772649957995213,2.89512,1.5962702604677514,25000,2.7726499579952124,calibrated,nonnegative_oos_linear_blend_v2,0.554082,0.444566,0.001352,4413,2.622203843524057,1,hist_gradient_boosting_lagged_player_history_v2,2026-W02 pregame,2.051334508207548,1,first_order_markov_outcome_regime_v2,2026-W02 pregame,1,prior+current,1,WR1,0,,,,,,,,0,,,,,0,2026,2,draftkings,DraftKings,107.0,-136.0,UNDER,0.66976,0.543978976657907,-136.0,-202.81007751937983,0.125781023342093,0.125781023342093,,,,,,,,,,,,0,,,,,,,,2026-09-22T14:30:15Z,35282021679,ca5a001bb817e495ca2d74b1e03ce43886493f43,3.5,UNDER,00-0037816,RESOLVED_GSIS,True,3.0,stats_table,-0.22735004200478715,0.5,true,UNDER,WIN,0.7352941176470589,WR
aee7eae1849ebb103b9bf233e9741392,Bijan Robinson,bijanrobinson,ATL,CAR,receptions,player_receptions,4.5,4.767785336306292,3.59568,2.4840261372607806,25000,4.767785336306293,calibrated,nonnegative_oos_linear_blend_v2,0.554082,0.444566,0.001352,4413,6.235553221858487,1,hist_gradient_boosting_lagged_player_history_v2,2026-W02 pregame,2.49172848931407,1,first_order_markov_outcome_regime_v2,2026-W02 pregame,1,prior+current,1,,0,,,,,,,,0,,,,,0,2026,2,draftkings,DraftKings,-139.0,109.0,OVER,0.48528,0.5486393080395082,-139.0,106.06660072535443,-0.0633593080395082,0.0633593080395082,,,,,,,,,,,,0,,,,,,,,2026-09-22T14:30:15Z,35282021679,ca5a001bb817e495ca2d74b1e03ce43886493f43,4.5,OVER,00-0038542,RESOLVED_GSIS,True,3.0,stats_table,1.767785336306292,1.5,false,UNDER,LOSS,-1.0,RB
aee7eae1849ebb103b9bf233e9741392,Drake London,drakelondon,ATL,CAR,receptions,player_receptions,4.5,3.878490602415056,4.2818,1.841638913279272,25000,3.878490602415054,calibrated,nonnegative_oos_linear_blend_v2,0.554082,0.444566,0.001352,4413,3.3796484200329293,1,hist_gradient_boosting_lagged_player_history_v2,2026-W02 pregame,2.6224225700404347,1,first_order_markov_outcome_regime_v2,2026-W02 pregame,1,prior+current,1,WR1,0,,,,,,,,0,,,,,0,2026,2,draftkings,DraftKings,-141.0,111.0,UNDER,0.57776,0.4475311507678595,111.0,-136.83213338385755,0.1302288492321405,0.1302288492321405,,,,,,,,,,,,0,,,,,,,,2026-09-22T14:30:15Z,35282021679,ca5a001bb817e495ca2d74b1e03ce43886493f43,4.5,UNDER,00-0037238,RESOLVED_GSIS,True,4.0,stats_table,-0.12150939758494417,0.5,true,UNDER,WIN,1.11,WR
aee7eae1849ebb103b9bf233e9741392,Jalen Coker,jalencoker,CAR,ATL,receptions,player_receptions,4.5,3.972637171654171,3.5384,2.08391816446585,25000,3.972637171654172,calibrated,nonnegative_oos_linear_blend_v2,0.554082,0.444566,0.001352,4413,4.5149447640201,1,hist_gradient_boosting_lagged_player_history_v2,2026-W02 pregame,3.6113083526713337,1,first_order_markov_outcome_regime_v2,2026-W02 pregame,1,prior+current,1,WR1_5,0,,,,,,,,0,,,,,0,2026,2,draftkings,DraftKings,101.0,-129.0,UNDER,0.7192799999999999,0.531016404186037,-129.0,-256.2268452550583,0.1882635958139629,0.1882635958139629,,,,,,,,,,,,0,,,,,,,,2026-09-22T14:30:15Z,35282021679,ca5a001bb817e495ca2d74b1e03ce43886493f43,4.5,UNDER,00-0039491,RESOLVED_GSIS,True,8.0,stats_table,-4.027362828345829,-3.5,false,OVER,LOSS,-1.0,WR
aee7eae1849ebb103b9bf233e9741392,Tetairoa McMillan,tetairoamcmillan,CAR,ATL,receptions,player_receptions,4.5,3.738252622144393,3.79652,1.878736826011564,25000,3.7382526221443935,calibrated,nonnegative_oos_linear_blend_v2,0.554082,0.444566,0.001352,4413,3.666017506088144,1,hist_gradient_boosting_lagged_player_history_v2,2026-W02 pregame,3.6113083526713337,1,first_order_markov_outcome_regime_v2,2026-W02 pregame,1,prior+current,1,WR1,0,,,,,,,,0,,,,,0,2026,2,draftkings,DraftKings,-105.0,-122.0,UNDER,0.66728,0.5175910596026491,-122.0,-200.5530175522962,0.1496889403973509,0.1496889403973509,,,,,,,,,,,,0,,,,,,,,2026-09-22T14:30:15Z,35282021679,ca5a001bb817e495ca2d74b1e03ce43886493f43,4.5,UNDER,00-0040124,RESOLVED_GSIS,True,5.0,stats_table,-1.261747377855607,-0.5,false,OVER,LOSS,-1.0,WR
fafc649c455e32a0f2ba1bd06e2039bc,Carnell Tate,carnelltate,TEN,PHI,receptions,player_receptions,3.5,2.5678006615402618,1.59668,2.0250686331367365,25000,2.5678006615402618,calibrated,nonnegative_oos_linear_blend_v2,0.554082,0.444566,0.001352,4413,3.774977224725799,1,hist_gradient_boosting_lagged_player_history_v2,2026-W02 pregame,3.6113083526713337,1,first_order_markov_outcome_regime_v2,2026-W02 pregame,1,prior+current,1,WR1_5,0,,,,,,,,0,,,,,0,2026,2,draftkings,DraftKings,-121.0,-105.0,UNDER,0.78344,0.4833368048323265,-105.0,-361.7657923900998,0.3001031951676735,0.3001031951676735,,,,,,,,,,,,0,,,,,,,,2026-09-22T14:30:15Z,35282021679,ca5a001bb817e495ca2d74b1e03ce43886493f43,3.5,UNDER,00-0041438,RESOLVED_GSIS,True,3.0,stats_table,-0.43219933845973824,0.5,true,UNDER,WIN,0.9523809523809523,WR
fafc649c455e32a0f2ba1bd06e2039bc,Dallas Goedert,dallasgoedert,PHI,TEN,receptions,player_receptions,3.5,3.7095757355213856,3.32008,2.000835721641549,25000,3.7095757355213856,calibrated,nonnegative_oos_linear_blend_v2,0.554082,0.444566,0.001352,4413,4.195995489413476,1,hist_gradient_boosting_lagged_player_history_v2,2026-W02 pregame,3.389229448812164,1,first_order_markov_outcome_regime_v2,2026-W02 pregame,1,prior+current,1,,0,,,,,,,,0,,,,,0,2026,2,draftkings,DraftKings,-120.0,-107.0,OVER,0.42552,0.5134353038445638,-120.0,135.00658018424517,-0.0879153038445638,0.0879153038445638,,,,,,,,,,,,0,,,,,,,,2026-09-22T14:30:15Z,35282021679,ca5a001bb817e495ca2d74b1e03ce43886493f43,3.5,OVER,00-0034351,RESOLVED_GSIS,True,1.0,stats_table,2.7095757355213856,2.5,false,UNDER,LOSS,-1.0,TE
fafc649c455e32a0f2ba1bd06e2039bc,DeVonta Smith,devontasmith,PHI,TEN,receptions,player_receptions,4.5,3.652347320204421,3.71004,1.8560217700950217,25000,3.652347320204421,calibrated,nonnegative_oos_linear_blend_v2,0.554082,0.444566,0.001352,4413,3.5805672229356484,1,hist_gradient_boosting_lagged_player_history_v2,2026-W02 pregame,3.6113083526713337,1,first_order_markov_outcome_regime_v2,2026-W02 pregame,1,prior+current,1,WR1,0,,,,,,,,0,,,,,0,2026,2,draftkings,DraftKings,-132.0,104.0,UNDER,0.6861999999999999,0.4628151931056494,104.0,-218.674314850223,0.2233848068943504,0.2233848068943504,,,,,,,,,,,,0,,,,,,,,2026-09-22T14:30:15Z,35282021679,ca5a001bb817e495ca2d74b1e03ce43886493f43,4.5,UNDER,00-0036912,RESOLVED_GSIS,True,10.0,stats_table,-6.347652679795579,-5.5,false,OVER,LOSS,-1.0,WR
fafc649c455e32a0f2ba1bd06e2039bc,Dontayvion Wicks,dontayvionwicks,PHI,TEN,receptions,player_receptions,2.5,1.7378627923475092,1.24672,1.54464174499759,25000,1.7378627923475094,calibrated,nonnegative_oos_linear_blend_v2,0.554082,0.444566,0.001352,4413,2.34730538546091,1,hist_gradient_boosting_lagged_player_history_v2,2026-W02 pregame,2.6224225700404347,1,first_order_markov_outcome_regime_v2,2026-W02 pregame,1,prior+current,1,,0,,,,,,,,0,,,,,0,2026,2,draftkings,DraftKings,-129.0,101.0,UNDER,0.64708,0.4689835958139631,101.0,-183.3503343533945,0.1780964041860369,0.1780964041860369,,,,,,,,,,,,0,,,,,,,,2026-09-22T14:30:15Z,35282021679,ca5a001bb817e495ca2d74b1e03ce43886493f43,2.5,UNDER,00-0038393,RESOLVED_GSIS,True,5.0,stats_table,-3.262137207652491,-2.5,false,OVER,LOSS,-1.0,WR
fafc649c455e32a0f2ba1bd06e2039bc,Gunnar Helm,gunnarhelm,TEN,PHI,receptions,player_receptions,2.5,2.384475487493808,2.32752,1.55274798747239,25000,2.384475487493808,calibrated,nonnegative_oos_linear_blend_v2,0.554082,0.444566,0.001352,4413,2.4524059704048744,1,hist_gradient_boosting_lagged_player_history_v2,2026-W02 pregame,3.389229448812164,1,first_order_markov_outcome_regime_v2,2026-W02 pregame,1,prior+current,1,,0,,,,,,,,0,,,,,0,2026,2,draftkings,DraftKings,-171.0,134.0,UNDER,0.5908,0.4037905653067913,134.0,-144.37927663734115,0.1870094346932086,0.1870094346932086,,,,,,,,,,,,0,,,,,,,,2026-09-22T14:30:15Z,35282021679,ca5a001bb817e495ca2d74b1e03ce43886493f43,3,UNDER,00-0040584,RESOLVED_GSIS,True,2.0,stats_table,0.3844754874938081,0.5,true,UNDER,WIN,1.34,TE
fafc649c455e32a0f2ba1bd06e2039bc,Saquon Barkley,saquonbarkley,PHI,TEN,receptions,player_receptions,1.5,1.6526084473136204,1.50336,1.3397688477536005,25000,1.65260844731362,calibrated,nonnegative_oos_linear_blend_v2,0.554082,0.444566,0.001352,4413,1.8380380009526889,1,hist_gradient_boosting_lagged_player_history_v2,2026-W02 pregame,1.8450664660405725,1,first_order_markov_outcome_regime_v2,2026-W02 pregame,1,prior+current,1,,0,,,,,,,,0,,,,,0,2026,2,draftkings,DraftKings,-179.0,139.0,OVER,0.4434,0.6052687426606868,-179.0,125.52999548940008,-0.1618687426606867,0.1618687426606867,,,,,,,,,,,,0,,,,,,,,2026-09-22T14:30:15Z,35282021679,ca5a001bb817e495ca2d74b1e03ce43886493f43,1.5,OVER,00-0034844,RESOLVED_GSIS,True,1.0,stats_table,0.6526084473136204,0.5,false,UNDER,LOSS,-1.0,RB
fafc649c455e32a0f2ba1bd06e2039bc,Tony Pollard,tonypollard,TEN,PHI,receptions,player_receptions,1.5,1.680747000042966,1.343,1.4499353913854072,25000,1.6807470000429654,calibrated,nonnegative_oos_linear_blend_v2,0.554082,0.444566,0.001352,4413,2.1011960972743724,1,hist_gradient_boosting_lagged_player_history_v2,2026-W02 pregame,1.8450664660405725,1,first_order_markov_outcome_regime_v2,2026-W02 pregame,1,prior+current,1,,0,,,,,,,,0,,,,,0,2026,2,draftkings,DraftKings,110.0,-141.0,OVER,0.38856,0.448706013777695,110.0,157.36051060325303,-0.0601460137776949,0.0601460137776949,,,,,,,,,,,,0,,,,,,,,2026-09-22T14:30:15Z,35282021679,ca5a001bb817e495ca2d74b1e03ce43886493f43,1.5,OVER,00-0035261,RESOLVED_GSIS,True,1.0,stats_table,0.6807470000429661,0.5,false,UNDER,LOSS,-1.0,RB
fafc649c455e32a0f2ba1bd06e2039bc,Tyjae Spears,tyjaespears,TEN,PHI,receptions,player_receptions,2.5,2.359975692095344,2.06032,1.6374135920431965,25000,2.359975692095344,calibrated,nonnegative_oos_linear_blend_v2,0.554082,0.444566,0.001352,4413,2.7330489712164017,1,hist_gradient_boosting_lagged_player_history_v2,2026-W02 pregame,2.49172848931407,1,first_order_markov_outcome_regime_v2,2026-W02 pregame,1,prior+current,1,,0,,,,,,,,0,,,,,0,2026,2,draftkings,DraftKings,-115.0,-111.0,UNDER,0.66136,0.4958445875753169,-111.0,-195.29884242853765,0.165515412424683,0.165515412424683,,,,,,,,,,,,0,,,,,,,,2026-09-22T14:30:15Z,35282021679,ca5a001bb817e495ca2d74b1e03ce43886493f43,2.5,UNDER,00-0039032,RESOLVED_GSIS,True,2.0,stats_table,0.3599756920953441,0.5,true,UNDER,WIN,0.9009009009009009,RB
fafc649c455e32a0f2ba1bd06e2039bc,Wan'Dale Robinson,wandalerobinson,TEN,PHI,receptions,player_receptions,4.5,4.798272436198974,4.43384,2.2460963137444856,25000,4.798272436198974,calibrated,nonnegative_oos_linear_blend_v2,0.554082,0.444566,0.001352,4413,5.256090237278969,1,hist_gradient_boosting_lagged_player_history_v2,2026-W02 pregame,3.6113083526713337,1,first_order_markov_outcome_regime_v2,2026-W02 pregame,1,prior+current,1,WR1,0,,,,,,,,0,,,,,0,2026,2,draftkings,DraftKings,122.0,-156.0,OVER,0.45968,0.4250232434586266,122.0,117.542638357118,0.0346567565413733,0.0346567565413733,,,,,,,,,,,,0,,,,,,,,2026-09-22T14:30:15Z,35282021679,ca5a001bb817e495ca2d74b1e03ce43886493f43,4.5,OVER,00-0038117,RESOLVED_GSIS,True,1.0,stats_table,3.7982724361989737,3.5,false,UNDER,LOSS,-1.0,WR
17885cb8dcade8f6c3bce14b2de805e8,Jacory Croskey-Merritt,jacorycroskeymerritt,WAS,PHI,rush_rec_yards,player_rush_reception_yds,51.5,47.13650377613539,47.13650377613539,22.445245030481967,25000,47.13650377613539,uncalibrated_mc_only,mc_fallback_no_oos_weights,1.0,0.0,0.0,0,48.19514362549658,1,hist_gradient_boosting_lagged_player_history_v2,2026-W01 pregame,48.81079953293042,1,first_order_markov_outcome_regime_v2,2026-W01 pregame,1,prior_only,1,,0,,,,,,,,0,,,,,0,2026,1,draftkings,DraftKings,-114.0,-112.0,UNDER,0.6140399999999999,0.4979225527671598,-112.0,-159.09420665353915,0.1161174472328401,0.1161174472328401,jacorycroskeymerritt,True,RB_R22_WEEK1_RECEIVING_TAIL_PRODUCTION_V1,34288244770.0,True,jacorycroskeymerritt,False,,,,,0,,,,,,,,2026-09-20T15:36:11Z,35520068364,a71609590d6f2247c2cc08210b077c34ab339d30,51.5,UNDER,00-0040242,RESOLVED_GSIS,True,56.0,stats_table,-8.863496223864608,-4.5,false,OVER,LOSS,-1.0,RB
17885cb8dcade8f6c3bce14b2de805e8,Saquon Barkley,saquonbarkley,PHI,WAS,rush_rec_yards,player_rush_reception_yds,99.5,87.86308592100436,87.86308592100436,30.40674825000527,25000,87.86308592100436,uncalibrated_mc_only,mc_fallback_no_oos_weights,1.0,0.0,0.0,0,93.01805504410382,1,hist_gradient_boosting_lagged_player_history_v2,2026-W01 pregame,74.90954808399172,1,first_order_markov_outcome_regime_v2,2026-W01 pregame,1,prior_only,1,,0,,,,,,,,0,,,,,0,2026,1,draftkings,DraftKings,-112.0,-113.0,UNDER,0.67096,0.5010457625700662,-113.0,-203.9144176999757,0.1699142374299338,0.1699142374299338,saquonbarkley,True,RB_R22_WEEK1_RECEIVING_TAIL_PRODUCTION_V1,34288244770.0,True,saquonbarkley,False,,,,,0,,,,,,,,2026-09-20T15:36:11Z,35520068364,a71609590d6f2247c2cc08210b077c34ab339d30,99.5,UNDER,00-0034844,RESOLVED_GSIS,True,80.0,stats_table,7.863085921004355,19.5,true,UNDER,WIN,0.8849557522123894,RB
1edfa5ceaa1ad2cb57df1c1b908731f6,Omarion Hampton,omarionhampton,LAC,ARI,rush_rec_yards,player_rush_reception_yds,87.5,64.52173988827026,64.52173988827026,25.34963283385239,25000,64.52173988827026,uncalibrated_mc_only,mc_fallback_no_oos_weights,1.0,0.0,0.0,0,80.9442890672565,1,hist_gradient_boosting_lagged_player_history_v2,2026-W01 pregame,74.90954808399172,1,first_order_markov_outcome_regime_v2,2026-W01 pregame,1,prior_only,1,,0,,,,,,,,0,,,,,0,2026,1,draftkings,DraftKings,-111.0,-115.0,UNDER,0.82208,0.5041554124246832,-115.0,-462.0503597122303,0.3179245875753168,0.3179245875753168,omarionhampton,True,RB_R22_WEEK1_RECEIVING_TAIL_PRODUCTION_V1,34288244770.0,True,omarionhampton,False,,,,,0,,,,,,,,2026-09-20T15:36:11Z,35520068364,a71609590d6f2247c2cc08210b077c34ab339d30,87.5,UNDER,00-0040666,RESOLVED_GSIS,True,43.0,stats_table,21.52173988827026,44.5,true,UNDER,WIN,0.8695652173913043,RB
3e646c7479c57f5d9752d8c7dfe7059b,Cam Skattebo,camskattebo,NYG,DAL,rush_rec_yards,player_rush_reception_yds,68.5,58.069207756775256,58.069207756775256,23.257637549026622,25000,58.069207756775256,uncalibrated_mc_only,mc_fallback_no_oos_weights,1.0,0.0,0.0,0,59.45086940830351,1,hist_gradient_boosting_lagged_player_history_v2,2026-W01 pregame,48.81079953293042,1,first_order_markov_outcome_regime_v2,2026-W01 pregame,1,prior_only,1,,0,,,,,,,,0,,,,,0,2026,1,draftkings,DraftKings,-114.0,-112.0,UNDER,0.70524,0.4979225527671598,-112.0,-239.2590582168544,0.2073174472328401,0.2073174472328401,camskattebo,True,RB_R22_WEEK1_RECEIVING_TAIL_PRODUCTION_V1,34288244770.0,True,camskattebo,False,,,,,0,,,,,,,,2026-09-20T15:36:11Z,35520068364,a71609590d6f2247c2cc08210b077c34ab339d30,68.5,UNDER,00-0040715,RESOLVED_GSIS,True,81.0,stats_table,-22.930792243224744,-12.5,false,OVER,LOSS,-1.0,RB
3e646c7479c57f5d9752d8c7dfe7059b,Javonte Williams,javontewilliams,DAL,NYG,rush_rec_yards,player_rush_reception_yds,92.5,62.1805580167517,62.1805580167517,22.907061333725814,25000,62.1805580167517,uncalibrated_mc_only,mc_fallback_no_oos_weights,1.0,0.0,0.0,0,61.58494472809059,1,hist_gradient_boosting_lagged_player_history_v2,2026-W01 pregame,48.81079953293042,1,first_order_markov_outcome_regime_v2,2026-W01 pregame,1,prior_only,1,,0,,,,,,,,0,,,,,0,2026,1,draftkings,DraftKings,-113.0,-113.0,UNDER,0.89912,0.5,-113.0,-891.276764472641,0.39912,0.39912,javontewilliams,True,RB_R22_WEEK1_RECEIVING_TAIL_PRODUCTION_V1,34288244770.0,True,javontewilliams,False,,,,,0,,,,,,,,2026-09-20T15:36:11Z,35520068364,a71609590d6f2247c2cc08210b077c34ab339d30,92.5,UNDER,00-0036997,RESOLVED_GSIS,True,72.0,stats_table,-9.819441983248304,20.5,true,UNDER,WIN,0.8849557522123894,RB
5ad8135dc2b5f27de0b777acd317855a,J.K. Dobbins,jkdobbins,DEN,KC,rush_rec_yards,player_rush_reception_yds,59.5,57.735572268758936,57.735572268758936,23.522932875429504,25000,57.735572268758936,uncalibrated_mc_only,mc_fallback_no_oos_weights,1.0,0.0,0.0,0,75.60727876801207,1,hist_gradient_boosting_lagged_player_history_v2,2026-W01 pregame,74.90954808399172,1,first_order_markov_outcome_regime_v2,2026-W01 pregame,1,prior_only,1,,0,,,,,,,,0,,,,,0,2026,1,draftkings,DraftKings,-111.0,-115.0,UNDER,0.5635600000000001,0.5041554124246832,-115.0,-129.12656951700123,0.0594045875753168,0.0594045875753168,jkdobbins,True,RB_R22_WEEK1_RECEIVING_TAIL_PRODUCTION_V1,34288244770.0,True,jkdobbins,False,,,,,0,,,,,,,,2026-09-20T15:36:11Z,35520068364,a71609590d6f2247c2cc08210b077c34ab339d30,59.5,UNDER,00-0036158,RESOLVED_GSIS,True,36.0,stats_table,21.735572268758936,23.5,true,UNDER,WIN,0.8695652173913043,RB
5ad8135dc2b5f27de0b777acd317855a,Kenneth Walker III,kennethwalkeriii,KC,DEN,rush_rec_yards,player_rush_reception_yds,83.5,39.7072774436741,39.7072774436741,16.63415208937372,25000,39.7072774436741,uncalibrated_mc_only,mc_fallback_no_oos_weights,1.0,0.0,0.0,0,,0,,,,0,,,0,,0,,0,,,,,,,,0,,,,,0,2026,1,draftkings,DraftKings,-111.0,-115.0,UNDER,0.98664,0.5041554124246832,-115.0,-7385.029940119739,0.4824845875753167,0.4824845875753167,kennethwalker,True,RB_R22_WEEK1_RECEIVING_TAIL_PRODUCTION_V1,34288244770.0,True,kennethwalker,False,,,,,0,,,,,,,,2026-09-20T15:36:11Z,35520068364,a71609590d6f2247c2cc08210b077c34ab339d30,83.5,UNDER,00-0038134,RESOLVED_GSIS,True,191.0,stats_table,-151.29272255632588,-107.5,false,OVER,LOSS,-1.0,RB
5ad8135dc2b5f27de0b777acd317855a,RJ Harvey,rjharvey,DEN,KC,rush_rec_yards,player_rush_reception_yds,39.5,51.30760925144141,51.30760925144141,23.74293887376788,25000,51.30760925144141,uncalibrated_mc_only,mc_fallback_no_oos_weights,1.0,0.0,0.0,0,52.07395778281072,1,hist_gradient_boosting_lagged_player_history_v2,2026-W01 pregame,48.81079953293042,1,first_order_markov_outcome_regime_v2,2026-W01 pregame,1,prior_only,1,,0,,,,,,,,0,,,,,0,2026,1,draftkings,DraftKings,-113.0,-113.0,OVER,0.65932,0.5,-113.0,-193.53058588704943,0.15932,0.15932,rjharvey,True,RB_R22_WEEK1_RECEIVING_TAIL_PRODUCTION_V1,34288244770.0,True,rjharvey,False,,,,,0,,,,,,,,2026-09-20T15:36:11Z,35520068364,a71609590d6f2247c2cc08210b077c34ab339d30,39.5,OVER,00-0040730,RESOLVED_GSIS,True,41.0,stats_table,10.307609251441413,-1.5,false,OVER,WIN,0.8849557522123894,RB
7dddb296a42e7a41a774b24bd1709ce1,Breece Hall,breecehall,NYJ,TEN,rush_rec_yards,player_rush_reception_yds,92.5,72.86135409676274,72.86135409676274,26.1434707750778,25000,72.86135409676274,uncalibrated_mc_only,mc_fallback_no_oos_weights,1.0,0.0,0.0,0,78.74792127254571,1,hist_gradient_boosting_lagged_player_history_v2,2026-W01 pregame,74.90954808399172,1,first_order_markov_outcome_regime_v2,2026-W01 pregame,1,prior_only,1,,0,,,,,,,,0,,,,,0,2026,1,draftkings,DraftKings,-111.0,-114.0,UNDER,0.78776,0.5031375502008032,-114.0,-371.1647191858274,0.2846224497991968,0.2846224497991968,breecehall,True,RB_R22_WEEK1_RECEIVING_TAIL_PRODUCTION_V1,34288244770.0,True,breecehall,False,,,,,0,,,,,,,,2026-09-20T15:36:11Z,35520068364,a71609590d6f2247c2cc08210b077c34ab339d30,92.5,UNDER,00-0038120,RESOLVED_GSIS,True,118.0,stats_table,-45.13864590323726,-25.5,false,OVER,LOSS,-1.0,RB
7dddb296a42e7a41a774b24bd1709ce1,Tony Pollard,tonypollard,TEN,NYJ,rush_rec_yards,player_rush_reception_yds,65.5,73.39033735059783,73.39033735059783,27.973168380116125,25000,73.39033735059783,uncalibrated_mc_only,mc_fallback_no_oos_weights,1.0,0.0,0.0,0,104.15966987182335,1,hist_gradient_boosting_lagged_player_history_v2,2026-W01 pregame,74.90954808399172,1,first_order_markov_outcome_regime_v2,2026-W01 pregame,1,prior_only,1,,0,,,,,,,,0,,,,,0,2026,1,draftkings,DraftKings,-115.0,-111.0,OVER,0.57928,0.5041554124246831,-115.0,-137.68777334093934,0.0751245875753169,0.0751245875753169,tonypollard,True,RB_R22_WEEK1_RECEIVING_TAIL_PRODUCTION_V1,34288244770.0,True,tonypollard,False,,,,,0,,,,,,,,2026-09-20T15:36:11Z,35520068364,a71609590d6f2247c2cc08210b077c34ab339d30,65.5,OVER,00-0035261,RESOLVED_GSIS,True,34.0,stats_table,39.39033735059783,31.5,false,UNDER,LOSS,-1.0,RB
7dddb296a42e7a41a774b24bd1709ce1,Tyjae Spears,tyjaespears,TEN,NYJ,rush_rec_yards,player_rush_reception_yds,45.5,41.02113702674713,41.02113702674713,20.431291999544392,25000,41.02113702674713,uncalibrated_mc_only,mc_fallback_no_oos_weights,1.0,0.0,0.0,0,43.9838805169645,1,hist_gradient_boosting_lagged_player_history_v2,2026-W01 pregame,48.81079953293042,1,first_order_markov_outcome_regime_v2,2026-W01 pregame,1,prior_only,1,,0,,,,,,,,0,,,,,0,2026,1,draftkings,DraftKings,-115.0,-111.0,UNDER,0.63764,0.4958445875753169,-111.0,-175.96864996136438,0.141795412424683,0.141795412424683,tyjaespears,True,RB_R22_WEEK1_RECEIVING_TAIL_PRODUCTION_V1,34288244770.0,True,tyjaespears,False,,,,,0,,,,,,,,2026-09-20T15:36:11Z,35520068364,a71609590d6f2247c2cc08210b077c34ab339d30,45.5,UNDER,00-0039032,RESOLVED_GSIS,True,24.0,stats_table,17.021137026747127,21.5,true,UNDER,WIN,0.9009009009009009,RB
7e09efed7e12c659b82740b67ce2f9a1,David Montgomery,davidmontgomery,HOU,BUF,rush_rec_yards,player_rush_reception_yds,71.5,47.54571819608956,47.54571819608956,20.79412113046036,25000,47.54571819608956,uncalibrated_mc_only,mc_fallback_no_oos_weights,1.0,0.0,0.0,0,48.22915483307321,1,hist_gradient_boosting_lagged_player_history_v2,2026-W01 pregame,48.81079953293042,1,first_order_markov_outcome_regime_v2,2026-W01 pregame,1,prior_only,1,,0,,,,,,,,0,,,,,0,2026,1,draftkings,DraftKings,-113.0,-112.0,UNDER,0.8758,0.4989542374299339,-112.0,-705.1529790660227,0.3768457625700661,0.3768457625700661,davidmontgomery,True,RB_R22_WEEK1_RECEIVING_TAIL_PRODUCTION_V1,34288244770.0,True,davidmontgomery,False,,,,,0,,,,,,,,2026-09-20T15:36:11Z,35520068364,a71609590d6f2247c2cc08210b077c34ab339d30,71.5,UNDER,00-0035685,RESOLVED_GSIS,True,79.0,stats_table,-31.45428180391044,-7.5,false,OVER,LOSS,-1.0,RB
7e09efed7e12c659b82740b67ce2f9a1,James Cook,jamescook,BUF,HOU,rush_rec_yards,player_rush_reception_yds,103.5,75.5278566006283,75.5278566006283,26.81577515548108,25000,75.5278566006283,uncalibrated_mc_only,mc_fallback_no_oos_weights,1.0,0.0,0.0,0,67.75193058498324,1,hist_gradient_boosting_lagged_player_history_v2,2026-W01 pregame,25.830530643205325,1,first_order_markov_outcome_regime_v2,2026-W01 pregame,1,prior_only,1,,0,,,,,,,,0,,,,,0,2026,1,draftkings,DraftKings,-114.0,-112.0,UNDER,0.85128,0.4979225527671598,-112.0,-572.4045185583649,0.3533574472328402,0.3533574472328402,jamescook,True,RB_R22_WEEK1_RECEIVING_TAIL_PRODUCTION_V1,34288244770.0,True,jamescook,False,,,,,0,,,,,,,,2026-09-20T15:36:11Z,35520068364,a71609590d6f2247c2cc08210b077c34ab339d30,103.5,UNDER,00-0037248,RESOLVED_GSIS,True,69.0,stats_table,6.527856600628297,34.5,true,UNDER,WIN,0.8928571428571429,RB
7e09efed7e12c659b82740b67ce2f9a1,Woody Marks,woodymarks,HOU,BUF,rush_rec_yards,player_rush_reception_yds,40.5,55.12977618837096,55.12977618837096,22.272004631836115,25000,55.12977618837096,uncalibrated_mc_only,mc_fallback_no_oos_weights,1.0,0.0,0.0,0,61.46137399839716,1,hist_gradient_boosting_lagged_player_history_v2,2026-W01 pregame,48.81079953293042,1,first_order_markov_outcome_regime_v2,2026-W01 pregame,1,prior_only,1,,0,,,,,,,,0,,,,,0,2026,1,draftkings,DraftKings,-116.0,-110.0,OVER,0.72644,0.5062344139650873,-116.0,-265.55051908173704,0.2202055860349127,0.2202055860349127,woodymarks,True,RB_R22_WEEK1_RECEIVING_TAIL_PRODUCTION_V1,34288244770.0,True,woodymarks,False,,,,,0,,,,,,,,2026-09-20T15:36:11Z,35520068364,a71609590d6f2247c2cc08210b077c34ab339d30,40.5,OVER,00-0040583,RESOLVED_GSIS,True,40.0,stats_table,15.129776188370961,0.5,false,UNDER,LOSS,-1.0,RB
95c01d1bb797d6df14824b106c5a9130,Bijan Robinson,bijanrobinson,ATL,PIT,rush_rec_yards,player_rush_reception_yds,119.5,83.8400755198943,83.8400755198943,25.42738992250136,25000,83.8400755198943,uncalibrated_mc_only,mc_fallback_no_oos_weights,1.0,0.0,0.0,0,112.64480721078264,1,hist_gradient_boosting_lagged_player_history_v2,2026-W01 pregame,48.81079953293042,1,first_order_markov_outcome_regime_v2,2026-W01 pregame,1,prior_only,1,,0,,,,,,,,0,,,,,0,2026,1,draftkings,DraftKings,-111.0,-114.0,UNDER,0.90648,0.5031375502008032,-114.0,-969.2899914456796,0.4033424497991967,0.4033424497991967,bijanrobinson,True,RB_R22_WEEK1_RECEIVING_TAIL_PRODUCTION_V1,34288244770.0,True,bijanrobinson,False,,,,,0,,,,,,,,2026-09-20T15:36:11Z,35520068364,a71609590d6f2247c2cc08210b077c34ab339d30,119.5,UNDER,00-0038542,RESOLVED_GSIS,True,173.0,stats_table,-89.1599244801057,-53.5,false,OVER,LOSS,-1.0,RB
95c01d1bb797d6df14824b106c5a9130,Jaylen Warren,jaylenwarren,PIT,ATL,rush_rec_yards,player_rush_reception_yds,65.5,55.78668811027073,55.78668811027073,24.13545814525129,25000,55.78668811027073,uncalibrated_mc_only,mc_fallback_no_oos_weights,1.0,0.0,0.0,0,72.17292174021091,1,hist_gradient_boosting_lagged_player_history_v2,2026-W01 pregame,74.90954808399172,1,first_order_markov_outcome_regime_v2,2026-W01 pregame,1,prior_only,1,,0,,,,,,,,0,,,,,0,2026,1,draftkings,DraftKings,-112.0,-114.0,UNDER,0.6914,0.5020774472328403,-114.0,-224.0440699935192,0.1893225527671597,0.1893225527671597,jaylenwarren,True,RB_R22_WEEK1_RECEIVING_TAIL_PRODUCTION_V1,34288244770.0,True,jaylenwarren,False,,,,,0,,,,,,,,2026-09-20T15:36:11Z,35520068364,a71609590d6f2247c2cc08210b077c34ab339d30,65.5,UNDER,00-0037228,RESOLVED_GSIS,True,73.0,stats_table,-17.21331188972927,-7.5,false,OVER,LOSS,-1.0,RB
95c01d1bb797d6df14824b106c5a9130,Rico Dowdle,ricodowdle,PIT,ATL,rush_rec_yards,player_rush_reception_yds,60.5,52.79693209941823,52.79693209941823,23.19702357488952,25000,52.79693209941823,uncalibrated_mc_only,mc_fallback_no_oos_weights,1.0,0.0,0.0,0,62.29322511370154,1,hist_gradient_boosting_lagged_player_history_v2,2026-W01 pregame,48.81079953293042,1,first_order_markov_outcome_regime_v2,2026-W01 pregame,1,prior_only,1,,0,,,,,,,,0,,,,,0,2026,1,draftkings,DraftKings,-114.0,-112.0,UNDER,0.66292,0.4979225527671598,-112.0,-196.66548000474663,0.1649974472328401,0.1649974472328401,ricodowdle,True,RB_R22_WEEK1_RECEIVING_TAIL_PRODUCTION_V1,34288244770.0,True,ricodowdle,False,,,,,0,,,,,,,,2026-09-20T15:36:11Z,35520068364,a71609590d6f2247c2cc08210b077c34ab339d30,60.5,UNDER,00-0036139,RESOLVED_GSIS,True,21.0,stats_table,31.79693209941823,39.5,true,UNDER,WIN,0.8928571428571429,RB
b6cfdcbafa61ce220ba87dc2d9b80c77,Derrick Henry,derrickhenry,BAL,IND,rush_rec_yards,player_rush_reception_yds,91.5,78.80297675705789,78.80297675705789,27.87031853506341,25000,78.80297675705789,uncalibrated_mc_only,mc_fallback_no_oos_weights,1.0,0.0,0.0,0,74.25754080498056,1,hist_gradient_boosting_lagged_player_history_v2,2026-W01 pregame,74.90954808399172,1,first_order_markov_outcome_regime_v2,2026-W01 pregame,1,prior_only,1,,0,,,,,,,,0,,,,,0,2026,1,draftkings,DraftKings,-112.0,-114.0,UNDER,0.69336,0.5020774472328403,-114.0,-226.11531437516305,0.1912825527671596,0.1912825527671596,derrickhenry,True,RB_R22_WEEK1_RECEIVING_TAIL_PRODUCTION_V1,34288244770.0,True,derrickhenry,False,,,,,0,,,,,,,,2026-09-20T15:36:11Z,35520068364,a71609590d6f2247c2cc08210b077c34ab339d30,91.5,UNDER,00-0032764,RESOLVED_GSIS,True,163.0,stats_table,-84.19702324294211,-71.5,false,OVER,LOSS,-1.0,RB
b6cfdcbafa61ce220ba87dc2d9b80c77,Jonathan Taylor,jonathantaylor,IND,BAL,rush_rec_yards,player_rush_reception_yds,98.5,64.04904816714206,64.04904816714206,24.01262809681856,25000,64.04904816714206,uncalibrated_mc_only,mc_fallback_no_oos_weights,1.0,0.0,0.0,0,64.1240121580991,1,hist_gradient_boosting_lagged_player_history_v2,2026-W01 pregame,48.81079953293042,1,first_order_markov_outcome_regime_v2,2026-W01 pregame,1,prior_only,1,,0,,,,,,,,0,,,,,0,2026,1,draftkings,DraftKings,-111.0,-115.0,UNDER,0.91052,0.5041554124246832,-115.0,-1017.568171658471,0.4063645875753168,0.4063645875753168,jonathantaylor,True,RB_R22_WEEK1_RECEIVING_TAIL_PRODUCTION_V1,34288244770.0,True,jonathantaylor,False,,,,,0,,,,,,,,2026-09-20T15:36:11Z,35520068364,a71609590d6f2247c2cc08210b077c34ab339d30,98.5,UNDER,00-0036223,RESOLVED_GSIS,True,121.0,stats_table,-56.95095183285794,-22.5,false,OVER,LOSS,-1.0,RB
b6cfdcbafa61ce220ba87dc2d9b80c77,Justice Hill,justicehill,BAL,IND,rush_rec_yards,player_rush_reception_yds,23.5,27.784279647161,27.784279647161,16.45964238623699,25000,27.784279647161,uncalibrated_mc_only,mc_fallback_no_oos_weights,1.0,0.0,0.0,0,21.22636087358176,1,hist_gradient_boosting_lagged_player_history_v2,2026-W01 pregame,25.830530643205325,1,first_order_markov_outcome_regime_v2,2026-W01 pregame,1,prior_only,1,,0,,,,,,,,0,,,,,0,2026,1,draftkings,DraftKings,-109.0,-116.0,OVER,0.5316,0.4926759856030803,-109.0,-113.4927412467976,0.0389240143969196,0.0389240143969196,justicehill,True,RB_R22_WEEK1_RECEIVING_TAIL_PRODUCTION_V1,34288244770.0,True,justicehill,False,,,,,0,,,,,,,,2026-09-20T15:36:11Z,35520068364,a71609590d6f2247c2cc08210b077c34ab339d30,23.5,OVER,00-0034975,RESOLVED_GSIS,True,28.0,stats_table,-0.21572035283899993,-4.5,true,OVER,WIN,0.9174311926605505,RB
c1d3fcec25aaeb06ebd2244d33d338e0,Jahmyr Gibbs,jahmyrgibbs,DET,NO,rush_rec_yards,player_rush_reception_yds,121.5,80.4978222814685,80.4978222814685,26.937555604807063,25000,80.4978222814685,uncalibrated_mc_only,mc_fallback_no_oos_weights,1.0,0.0,0.0,0,98.05657303455972,1,hist_gradient_boosting_lagged_player_history_v2,2026-W01 pregame,74.90954808399172,1,first_order_markov_outcome_regime_v2,2026-W01 pregame,1,prior_only,1,,0,,,,,,,,0,,,,,0,2026,1,draftkings,DraftKings,-111.0,-114.0,UNDER,0.92368,0.5031375502008032,-114.0,-1210.272536687632,0.4205424497991968,0.4205424497991968,jahmyrgibbs,True,RB_R22_WEEK1_RECEIVING_TAIL_PRODUCTION_V1,34288244770.0,True,jahmyrgibbs,False,,,,,0,,,,,,,,2026-09-20T15:36:11Z,35520068364,a71609590d6f2247c2cc08210b077c34ab339d30,121.5,UNDER,00-0039139,RESOLVED_GSIS,True,186.0,stats_table,-105.5021777185315,-64.5,false,OVER,LOSS,-1.0,RB
c1d3fcec25aaeb06ebd2244d33d338e0,Travis Etienne Jr.,travisetiennejr,NO,DET,rush_rec_yards,player_rush_reception_yds,77.5,66.19914849367133,66.19914849367133,25.84809258793297,25000,66.19914849367133,uncalibrated_mc_only,mc_fallback_no_oos_weights,1.0,0.0,0.0,0,,0,,,,0,,,0,,0,,0,,,,,,,,0,,,,,0,2026,1,draftkings,DraftKings,-114.0,-112.0,UNDER,0.69556,0.4979225527671598,-112.0,-228.47194849559844,0.1976374472328401,0.1976374472328401,travisetienne,True,RB_R22_WEEK1_RECEIVING_TAIL_PRODUCTION_V1,34288244770.0,True,travisetienne,False,,,,,0,,,,,,,,2026-09-20T15:36:11Z,35520068364,a71609590d6f2247c2cc08210b077c34ab339d30,77.5,UNDER,00-0036973,RESOLVED_GSIS,True,78.0,stats_table,-11.80085150632867,-0.5,false,OVER,LOSS,-1.0,RB
c5d95f48a16849ab6bebc68fbbfcb74a,Ashton Jeanty,ashtonjeanty,LV,MIA,rush_rec_yards,player_rush_reception_yds,81.5,52.17687327168849,52.17687327168849,19.817162858484405,25000,52.17687327168849,uncalibrated_mc_only,mc_fallback_no_oos_weights,1.0,0.0,0.0,0,64.96550734905787,1,hist_gradient_boosting_lagged_player_history_v2,2026-W01 pregame,74.90954808399172,1,first_order_markov_outcome_regime_v2,2026-W01 pregame,1,prior_only,1,,0,,,,,,,,0,,,,,0,2026,1,draftkings,DraftKings,-111.0,-115.0,UNDER,0.91636,0.5041554124246832,-115.0,-1095.6001912960298,0.4122045875753167,0.4122045875753167,ashtonjeanty,True,RB_R22_WEEK1_RECEIVING_TAIL_PRODUCTION_V1,34288244770.0,True,ashtonjeanty,False,,,,,0,,,,,,,,2026-09-20T15:36:11Z,35520068364,a71609590d6f2247c2cc08210b077c34ab339d30,81.5,UNDER,00-0040122,RESOLVED_GSIS,True,147.0,stats_table,-94.82312672831151,-65.5,false,OVER,LOSS,-1.0,RB
c5d95f48a16849ab6bebc68fbbfcb74a,De'Von Achane,devonachane,MIA,LV,rush_rec_yards,player_rush_reception_yds,105.5,68.37599224534597,68.37599224534597,26.268290706949724,25000,68.37599224534597,uncalibrated_mc_only,mc_fallback_no_oos_weights,1.0,0.0,0.0,0,104.53334328943738,1,hist_gradient_boosting_lagged_player_history_v2,2026-W01 pregame,74.90954808399172,1,first_order_markov_outcome_regime_v2,2026-W01 pregame,1,prior_only,1,,0,,,,,,,,0,,,,,0,2026,1,draftkings,DraftKings,-111.0,-115.0,UNDER,0.91052,0.5041554124246832,-115.0,-1017.568171658471,0.4063645875753168,0.4063645875753168,devonachane,True,RB_R22_WEEK1_RECEIVING_TAIL_PRODUCTION_V1,34288244770.0,True,devonachane,False,,,,,0,,,,,,,,2026-09-20T15:36:11Z,35520068364,a71609590d6f2247c2cc08210b077c34ab339d30,105.5,UNDER,00-0039040,RESOLVED_GSIS,True,66.0,stats_table,2.3759922453459694,39.5,true,UNDER,WIN,0.8695652173913043,RB
cb77efed7e711d25a72c1a2a0a1af119,Aaron Jones,aaronjones,MIN,GB,rush_rec_yards,player_rush_reception_yds,47.5,50.843421785466695,50.843421785466695,23.36683786522601,25000,50.843421785466695,uncalibrated_mc_only,mc_fallback_no_oos_weights,1.0,0.0,0.0,0,85.54859550110326,1,hist_gradient_boosting_lagged_player_history_v2,2026-W01 pregame,74.90954808399172,1,first_order_markov_outcome_regime_v2,2026-W01 pregame,1,prior_only,1,,0,,,,,,,,0,,,,,0,2026,1,draftkings,DraftKings,-114.0,-112.0,OVER,0.51692,0.5020774472328402,-114.0,-107.00505092324256,0.0148425527671598,0.0148425527671598,aaronjones,True,RB_R22_WEEK1_RECEIVING_TAIL_PRODUCTION_V1,34288244770.0,True,aaronjones,False,,,,,0,,,,,,,,2026-09-20T15:36:11Z,35520068364,a71609590d6f2247c2cc08210b077c34ab339d30,47.5,OVER,00-0033293,RESOLVED_GSIS,True,40.0,stats_table,10.843421785466695,7.5,false,UNDER,LOSS,-1.0,RB
cb77efed7e711d25a72c1a2a0a1af119,MarShawn Lloyd,marshawnlloyd,GB,MIN,rush_rec_yards,player_rush_reception_yds,57.5,32.53708849613324,32.53708849613324,14.70212921832696,25000,32.53708849613324,uncalibrated_mc_only,mc_fallback_no_oos_weights,1.0,0.0,0.0,0,15.582115816352433,1,hist_gradient_boosting_lagged_player_history_v2,2026-W01 pregame,,0,first_order_markov_outcome_regime_v2,2026-W01 pregame,1,position_prior_only,1,,0,,,,,,,,0,,,,,0,2026,1,draftkings,DraftKings,-112.0,-114.0,UNDER,0.93624,0.5020774472328403,-114.0,-1468.3814303638635,0.4341625527671596,0.4341625527671596,marshawnlloyd,True,RB_R22_WEEK1_RECEIVING_TAIL_PRODUCTION_V1,34288244770.0,True,marshawnlloyd,False,,,,,0,,,,,,,,2026-09-20T15:36:11Z,35520068364,a71609590d6f2247c2cc08210b077c34ab339d30,57.5,UNDER,00-0039811,RESOLVED_GSIS,True,37.0,stats_table,-4.4629115038667635,20.5,true,UNDER,WIN,0.8771929824561403,RB
e55c6fe19fce094ce214c8b0e5b504e9,Bhayshul Tuten,bhayshultuten,JAX,CLE,rush_rec_yards,player_rush_reception_yds,63.5,30.93863864715382,30.93863864715382,15.203679298527726,25000,30.93863864715382,uncalibrated_mc_only,mc_fallback_no_oos_weights,1.0,0.0,0.0,0,28.46477463759903,1,hist_gradient_boosting_lagged_player_history_v2,2026-W01 pregame,48.81079953293042,1,first_order_markov_outcome_regime_v2,2026-W01 pregame,1,prior_only,1,,0,,,,,,,,0,,,,,0,2026,1,draftkings,DraftKings,-115.0,-111.0,UNDER,0.96904,0.4958445875753169,-111.0,-3129.97416020672,0.4731954124246831,0.4731954124246831,bhayshultuten,True,RB_R22_WEEK1_RECEIVING_TAIL_PRODUCTION_V1,34288244770.0,True,bhayshultuten,False,,,,,0,,,,,,,,2026-09-20T15:36:11Z,35520068364,a71609590d6f2247c2cc08210b077c34ab339d30,63.5,UNDER,00-0040719,RESOLVED_GSIS,True,88.0,stats_table,-57.06136135284618,-24.5,false,OVER,LOSS,-1.0,RB
e55c6fe19fce094ce214c8b0e5b504e9,Quinshon Judkins,quinshonjudkins,CLE,JAX,rush_rec_yards,player_rush_reception_yds,70.5,43.74398323370068,43.74398323370068,18.743114495514,25000,43.74398323370068,uncalibrated_mc_only,mc_fallback_no_oos_weights,1.0,0.0,0.0,0,69.10107075400771,1,hist_gradient_boosting_lagged_player_history_v2,2026-W01 pregame,48.81079953293042,1,first_order_markov_outcome_regime_v2,2026-W01 pregame,1,prior_only,1,,0,,,,,,,,0,,,,,0,2026,1,draftkings,DraftKings,-115.0,-110.0,UNDER,0.91232,0.4947698744769875,-110.0,-1040.5109489051097,0.4175501255230125,0.4175501255230125,quinshonjudkins,True,RB_R22_WEEK1_RECEIVING_TAIL_PRODUCTION_V1,34288244770.0,True,quinshonjudkins,False,,,,,0,,,,,,,,2026-09-20T15:36:11Z,35520068364,a71609590d6f2247c2cc08210b077c34ab339d30,70.5,UNDER,00-0040784,RESOLVED_GSIS,True,50.0,stats_table,-6.256016766299318,20.5,true,UNDER,WIN,0.9090909090909091,RB
ed6d24ff979f9c71979fead577b0b3f7,Bucky Irving,buckyirving,TB,CIN,rush_rec_yards,player_rush_reception_yds,76.5,65.95736805272405,65.95736805272405,24.67607018072304,25000,65.95736805272405,uncalibrated_mc_only,mc_fallback_no_oos_weights,1.0,0.0,0.0,0,76.849958084722,1,hist_gradient_boosting_lagged_player_history_v2,2026-W01 pregame,74.90954808399172,1,first_order_markov_outcome_regime_v2,2026-W01 pregame,1,prior_only,1,,0,,,,,,,,0,,,,,0,2026,1,draftkings,DraftKings,-115.0,-110.0,UNDER,0.70028,0.4947698744769875,-110.0,-233.6447350860804,0.2055101255230125,0.2055101255230125,buckyirving,True,RB_R22_WEEK1_RECEIVING_TAIL_PRODUCTION_V1,34288244770.0,True,buckyirving,False,,,,,0,,,,,,,,2026-09-20T15:36:11Z,35520068364,a71609590d6f2247c2cc08210b077c34ab339d30,76.5,UNDER,00-0039361,RESOLVED_GSIS,True,93.0,stats_table,-27.04263194727595,-16.5,false,OVER,LOSS,-1.0,RB
ed6d24ff979f9c71979fead577b0b3f7,Chase Brown,chasebrown,CIN,TB,rush_rec_yards,player_rush_reception_yds,90.5,81.48175060195516,81.48175060195516,27.90699223067074,25000,81.48175060195516,uncalibrated_mc_only,mc_fallback_no_oos_weights,1.0,0.0,0.0,0,105.69294742331012,1,hist_gradient_boosting_lagged_player_history_v2,2026-W01 pregame,74.90954808399172,1,first_order_markov_outcome_regime_v2,2026-W01 pregame,1,prior_only,1,,0,,,,,,,,0,,,,,0,2026,1,draftkings,DraftKings,-111.0,-114.0,UNDER,0.65264,0.5031375502008032,-114.0,-187.88576692768308,0.1495024497991968,0.1495024497991968,chasebrown,True,RB_R22_WEEK1_RECEIVING_TAIL_PRODUCTION_V1,34288244770.0,True,chasebrown,False,,,,,0,,,,,,,,2026-09-20T15:36:11Z,35520068364,a71609590d6f2247c2cc08210b077c34ab339d30,90.5,UNDER,00-0038597,RESOLVED_GSIS,True,78.0,stats_table,3.481750601955156,12.5,true,UNDER,WIN,0.8771929824561403,RB
ed6d24ff979f9c71979fead577b0b3f7,Kenny Gainwell,kennygainwell,TB,CIN,rush_rec_yards,player_rush_reception_yds,51.5,49.42879646319769,49.42879646319769,21.24726557746875,25000,49.42879646319769,uncalibrated_mc_only,mc_fallback_no_oos_weights,1.0,0.0,0.0,0,47.2458735857762,1,hist_gradient_boosting_lagged_player_history_v2,2026-W01 pregame,74.90954808399172,1,first_order_markov_outcome_regime_v2,2026-W01 pregame,1,prior_only,1,,0,,,,,,,,0,,,,,0,2026,1,draftkings,DraftKings,-114.0,-112.0,UNDER,0.58492,0.4979225527671598,-112.0,-140.91741351064854,0.0869974472328402,0.0869974472328402,kennygainwell,True,RB_R22_WEEK1_RECEIVING_TAIL_PRODUCTION_V1,34288244770.0,True,kennygainwell,False,,,,,0,,,,,,,,2026-09-20T15:36:11Z,35520068364,a71609590d6f2247c2cc08210b077c34ab339d30,51.5,UNDER,00-0036919,RESOLVED_GSIS,True,18.0,stats_table,31.428796463197692,33.5,true,UNDER,WIN,0.8928571428571429,RB
ed6d24ff979f9c71979fead577b0b3f7,Samaje Perine,samajeperine,CIN,TB,rush_rec_yards,player_rush_reception_yds,28.5,48.28978875754682,48.28978875754682,22.45114929015857,25000,48.28978875754682,uncalibrated_mc_only,mc_fallback_no_oos_weights,1.0,0.0,0.0,0,57.394453734868826,1,hist_gradient_boosting_lagged_player_history_v2,2026-W01 pregame,48.81079953293042,1,first_order_markov_outcome_regime_v2,2026-W01 pregame,1,prior_only,1,,0,,,,,,,,0,,,,,0,2026,1,draftkings,DraftKings,-115.0,-111.0,OVER,0.80536,0.5041554124246831,-115.0,-413.7690094533497,0.3012045875753169,0.3012045875753169,samajeperine,True,RB_R22_WEEK1_RECEIVING_TAIL_PRODUCTION_V1,34288244770.0,True,samajeperine,False,,,,,0,,,,,,,,2026-09-20T15:36:11Z,35520068364,a71609590d6f2247c2cc08210b077c34ab339d30,28.5,OVER,00-0033526,RESOLVED_GSIS,True,50.0,stats_table,-1.7102112424531768,-21.5,true,OVER,WIN,0.8695652173913043,RB
fc362aff0d889ec52d358307a70c32ed,Chuba Hubbard,chubahubbard,CAR,CHI,rush_rec_yards,player_rush_reception_yds,64.5,45.27601484203855,45.27601484203855,19.994889068324035,25000,45.27601484203855,uncalibrated_mc_only,mc_fallback_no_oos_weights,1.0,0.0,0.0,0,42.856731088075534,1,hist_gradient_boosting_lagged_player_history_v2,2026-W01 pregame,25.830530643205325,1,first_order_markov_outcome_regime_v2,2026-W01 pregame,1,prior_only,1,,0,,,,,,,,0,,,,,0,2026,1,draftkings,DraftKings,-112.0,-114.0,UNDER,0.8362,0.5020774472328403,-114.0,-510.5006105006107,0.3341225527671597,0.3341225527671597,chubahubbard,True,RB_R22_WEEK1_RECEIVING_TAIL_PRODUCTION_V1,34288244770.0,True,chubahubbard,False,,,,,0,,,,,,,,2026-09-20T15:36:11Z,35520068364,a71609590d6f2247c2cc08210b077c34ab339d30,64.5,UNDER,00-0036555,RESOLVED_GSIS,True,87.0,stats_table,-41.72398515796145,-22.5,false,OVER,LOSS,-1.0,RB
fc362aff0d889ec52d358307a70c32ed,D'Andre Swift,dandreswift,CHI,CAR,rush_rec_yards,player_rush_reception_yds,81.5,66.48215017648099,66.48215017648099,25.616853973302423,25000,66.48215017648099,uncalibrated_mc_only,mc_fallback_no_oos_weights,1.0,0.0,0.0,0,69.70814241526638,1,hist_gradient_boosting_lagged_player_history_v2,2026-W01 pregame,48.81079953293042,1,first_order_markov_outcome_regime_v2,2026-W01 pregame,1,prior_only,1,,0,,,,,,,,0,,,,,0,2026,1,draftkings,DraftKings,-112.0,-114.0,UNDER,0.7408399999999999,0.5020774472328403,-114.0,-285.86201574317016,0.2387625527671596,0.2387625527671596,dandreswift,True,RB_R22_WEEK1_RECEIVING_TAIL_PRODUCTION_V1,34288244770.0,True,dandreswift,False,,,,,0,,,,,,,,2026-09-20T15:36:11Z,35520068364,a71609590d6f2247c2cc08210b077c34ab339d30,81.5,UNDER,00-0036275,RESOLVED_GSIS,True,134.0,stats_table,-67.51784982351901,-52.5,false,OVER,LOSS,-1.0,RB
0283a29e1b38ef78b29b904fd56a16dd,Aaron Jones,aaronjones,MIN,CHI,rush_rec_yards,player_rush_reception_yds,81.5,35.74853208988702,35.74853208988702,14.58153775108017,25000,35.74853208988702,uncalibrated_mc_only,mc_fallback_no_oos_weights,1.0,0.0,0.0,0,71.70925099423322,1,hist_gradient_boosting_lagged_player_history_v2,2026-W02 pregame,48.50744277011607,1,first_order_markov_outcome_regime_v2,2026-W02 pregame,1,prior+current,1,,0,,,,,,,,0,,,,,0,2026,2,draftkings,DraftKings,-113.0,-113.0,UNDER,0.99648,0.5,-113.0,-28309.09090909117,0.49648,0.49648,,,,,,,,,,,,0,,,,,,,,2026-09-22T14:30:15Z,35282021679,ca5a001bb817e495ca2d74b1e03ce43886493f43,81,UNDER,00-0033293,RESOLVED_GSIS,True,105.0,stats_table,-69.25146791011298,-23.5,false,OVER,LOSS,-1.0,RB
0283a29e1b38ef78b29b904fd56a16dd,D'Andre Swift,dandreswift,CHI,MIN,rush_rec_yards,player_rush_reception_yds,77.5,55.184341060951176,55.184341060951176,19.70735643743672,25000,55.184341060951176,uncalibrated_mc_only,mc_fallback_no_oos_weights,1.0,0.0,0.0,0,63.24380896626843,1,hist_gradient_boosting_lagged_player_history_v2,2026-W02 pregame,75.32888898151985,1,first_order_markov_outcome_regime_v2,2026-W02 pregame,1,prior+current,1,,0,,,,,,,,0,,,,,0,2026,2,draftkings,DraftKings,-111.0,-115.0,UNDER,0.8688400000000001,0.5041554124246832,-115.0,-662.4275693809091,0.3646845875753168,0.3646845875753168,,,,,,,,,,,,0,,,,,,,,2026-09-22T14:30:15Z,35282021679,ca5a001bb817e495ca2d74b1e03ce43886493f43,77,UNDER,00-0036275,RESOLVED_GSIS,True,99.0,stats_table,-43.815658939048824,-21.5,false,OVER,LOSS,-1.0,RB
1fd6628c781f556a7a19638e97d7107f,Bhayshul Tuten,bhayshultuten,JAX,DEN,rush_rec_yards,player_rush_reception_yds,61.5,33.013310981479364,33.013310981479364,14.319030553085891,25000,33.013310981479364,uncalibrated_mc_only,mc_fallback_no_oos_weights,1.0,0.0,0.0,0,36.3666143692831,1,hist_gradient_boosting_lagged_player_history_v2,2026-W02 pregame,75.32888898151985,1,first_order_markov_outcome_regime_v2,2026-W02 pregame,1,prior+current,1,,0,,,,,,,,0,,,,,0,2026,2,fanduel,FanDuel,-113.0,-115.0,UNDER,0.96444,0.502049600327936,-115.0,-2712.1484814398173,0.4623903996720639,0.4623903996720639,,,,,,,,,,,,0,,,,,,,,2026-09-22T14:30:15Z,35282021679,ca5a001bb817e495ca2d74b1e03ce43886493f43,61.5,UNDER,00-0040719,RESOLVED_GSIS,True,62.0,stats_table,-28.986689018520636,-0.5,false,OVER,LOSS,-1.0,RB
2143ade9684fd876b68a4e8cbf451f05,Alvin Kamara,alvinkamara,NO,BAL,rush_rec_yards,player_rush_reception_yds,34.5,45.60022866112602,45.60022866112602,16.501736411867814,25000,45.60022866112602,uncalibrated_mc_only,mc_fallback_no_oos_weights,1.0,0.0,0.0,0,52.58903357569047,1,hist_gradient_boosting_lagged_player_history_v2,2026-W02 pregame,25.81978208131912,1,first_order_markov_outcome_regime_v2,2026-W02 pregame,1,prior_only,1,,0,,,,,,,,0,,,,,0,2026,2,fanduel,FanDuel,-114.0,-114.0,OVER,0.73436,0.5,-114.0,-276.4493299201928,0.23436,0.23436,,,,,,,,,,,,0,,,,,,,,2026-09-22T14:30:15Z,35282021679,ca5a001bb817e495ca2d74b1e03ce43886493f43,34.5,OVER,00-0033906,RESOLVED_GSIS,True,22.0,stats_table,23.600228661126017,12.5,false,UNDER,LOSS,-1.0,RB
2143ade9684fd876b68a4e8cbf451f05,Derrick Henry,derrickhenry,BAL,NO,rush_rec_yards,player_rush_reception_yds,103.5,62.538425687931415,62.538425687931415,21.22037059189057,25000,62.538425687931415,uncalibrated_mc_only,mc_fallback_no_oos_weights,1.0,0.0,0.0,0,69.9653315977263,1,hist_gradient_boosting_lagged_player_history_v2,2026-W02 pregame,75.32888898151985,1,first_order_markov_outcome_regime_v2,2026-W02 pregame,1,prior+current,1,,0,,,,,,,,0,,,,,0,2026,2,fanduel,FanDuel,-114.0,-114.0,UNDER,0.96304,0.5,-114.0,-2605.6277056277063,0.46304,0.46304,,,,,,,,,,,,0,,,,,,,,2026-09-22T14:30:15Z,35282021679,ca5a001bb817e495ca2d74b1e03ce43886493f43,103.5,UNDER,00-0032764,RESOLVED_GSIS,True,87.0,stats_table,-24.461574312068585,16.5,false,UNDER,WIN,0.8771929824561403,RB
2143ade9684fd876b68a4e8cbf451f05,Justice Hill,justicehill,BAL,NO,rush_rec_yards,player_rush_reception_yds,30.5,28.88486858636772,28.88486858636772,14.22421487607041,25000,28.88486858636772,uncalibrated_mc_only,mc_fallback_no_oos_weights,1.0,0.0,0.0,0,26.994673617461903,1,hist_gradient_boosting_lagged_player_history_v2,2026-W02 pregame,48.50744277011607,1,first_order_markov_outcome_regime_v2,2026-W02 pregame,1,prior+current,1,,0,,,,,,,,0,,,,,0,2026,2,fanduel,FanDuel,-115.0,-113.0,UNDER,0.5791200000000001,0.497950399672064,-113.0,-137.5974149401255,0.081169600327936,0.081169600327936,,,,,,,,,,,,0,,,,,,,,2026-09-22T14:30:15Z,35282021679,ca5a001bb817e495ca2d74b1e03ce43886493f43,30.5,UNDER,00-0034975,RESOLVED_GSIS,True,18.0,stats_table,10.88486858636772,12.5,true,UNDER,WIN,0.8849557522123894,RB
2143ade9684fd876b68a4e8cbf451f05,Travis Etienne Jr.,travisetiennejr,NO,BAL,rush_rec_yards,player_rush_reception_yds,56.5,52.91456914623975,52.91456914623975,18.73566779218837,25000,52.91456914623975,uncalibrated_mc_only,mc_fallback_no_oos_weights,1.0,0.0,0.0,0,,0,,,,0,,,0,,0,,0,,,,,,,,0,,,,,0,2026,2,fanduel,FanDuel,-114.0,-114.0,UNDER,0.60144,0.5,-114.0,-150.9032517061421,0.1014399999999999,0.1014399999999999,,,,,,,,,,,,0,,,,,,,,2026-09-22T14:30:15Z,35282021679,ca5a001bb817e495ca2d74b1e03ce43886493f43,56.5,UNDER,00-0036973,RESOLVED_GSIS,True,31.0,stats_table,21.91456914623975,25.5,true,UNDER,WIN,0.8771929824561403,RB
36ad2fa722f4915ef23d2c81351261de,Chase Brown,chasebrown,CIN,HOU,rush_rec_yards,player_rush_reception_yds,79.5,62.51146724149296,62.51146724149296,19.49908071643452,25000,62.51146724149296,uncalibrated_mc_only,mc_fallback_no_oos_weights,1.0,0.0,0.0,0,102.99956847103424,1,hist_gradient_boosting_lagged_player_history_v2,2026-W02 pregame,75.32888898151985,1,first_order_markov_outcome_regime_v2,2026-W02 pregame,1,prior+current,1,,0,,,,,,,,0,,,,,0,2026,2,fanduel,FanDuel,-114.0,-114.0,UNDER,0.8106,0.5,-114.0,-427.98310454065467,0.3106,0.3106,,,,,,,,,,,,0,,,,,,,,2026-09-22T14:30:15Z,35282021679,ca5a001bb817e495ca2d74b1e03ce43886493f43,79.5,UNDER,00-0038597,RESOLVED_GSIS,True,82.0,stats_table,-19.48853275850704,-2.5,false,OVER,LOSS,-1.0,RB
36ad2fa722f4915ef23d2c81351261de,David Montgomery,davidmontgomery,HOU,CIN,rush_rec_yards,player_rush_reception_yds,81.5,45.55650873164717,45.55650873164717,17.587818859984356,25000,45.55650873164717,uncalibrated_mc_only,mc_fallback_no_oos_weights,1.0,0.0,0.0,0,50.93153598878428,1,hist_gradient_boosting_lagged_player_history_v2,2026-W02 pregame,75.32888898151985,1,first_order_markov_outcome_regime_v2,2026-W02 pregame,1,prior+current,1,,0,,,,,,,,0,,,,,0,2026,2,fanduel,FanDuel,-113.0,-115.0,UNDER,0.96956,0.502049600327936,-115.0,-3185.1511169513774,0.467510399672064,0.467510399672064,,,,,,,,,,,,0,,,,,,,,2026-09-22T14:30:15Z,35282021679,ca5a001bb817e495ca2d74b1e03ce43886493f43,81.5,UNDER,00-0035685,RESOLVED_GSIS,True,24.0,stats_table,21.55650873164717,57.5,true,UNDER,WIN,0.8695652173913043,RB
36ad2fa722f4915ef23d2c81351261de,Woody Marks,woodymarks,HOU,CIN,rush_rec_yards,player_rush_reception_yds,42.5,42.11286186466191,42.11286186466191,16.0011134200552,25000,42.11286186466191,uncalibrated_mc_only,mc_fallback_no_oos_weights,1.0,0.0,0.0,0,79.45689201932869,1,hist_gradient_boosting_lagged_player_history_v2,2026-W02 pregame,48.50744277011607,1,first_order_markov_outcome_regime_v2,2026-W02 pregame,1,prior+current,1,,0,,,,,,,,0,,,,,0,2026,2,fanduel,FanDuel,-114.0,-114.0,UNDER,0.53652,0.5,-114.0,-115.75904030378874,0.03652,0.03652,,,,,,,,,,,,0,,,,,,,,2026-09-22T14:30:15Z,35282021679,ca5a001bb817e495ca2d74b1e03ce43886493f43,42.5,UNDER,00-0040583,RESOLVED_GSIS,True,35.0,stats_table,7.112861864661909,7.5,true,UNDER,WIN,0.8771929824561403,RB
4aeee070bb6ec60bdfae4dede61b9014,Breece Hall,breecehall,NYJ,GB,rush_rec_yards,player_rush_reception_yds,89.5,60.1482231469128,60.1482231469128,19.87557574220679,25000,60.1482231469128,uncalibrated_mc_only,mc_fallback_no_oos_weights,1.0,0.0,0.0,0,74.78790242540184,1,hist_gradient_boosting_lagged_player_history_v2,2026-W02 pregame,75.32888898151985,1,first_order_markov_outcome_regime_v2,2026-W02 pregame,1,prior+current,1,,0,,,,,,,,0,,,,,0,2026,2,draftkings,DraftKings,-113.0,-113.0,UNDER,0.9218,0.5,-113.0,-1178.7723785166231,0.4217999999999999,0.4217999999999999,,,,,,,,,,,,0,,,,,,,,2026-09-22T14:30:15Z,35282021679,ca5a001bb817e495ca2d74b1e03ce43886493f43,90,UNDER,00-0038120,RESOLVED_GSIS,True,92.0,stats_table,-31.851776853087202,-2.5,false,OVER,LOSS,-1.0,RB
4aeee070bb6ec60bdfae4dede61b9014,Chris Brooks,chrisbrooks,GB,NYJ,rush_rec_yards,player_rush_reception_yds,37.5,24.379066371032163,24.379066371032163,12.279311812067974,25000,24.379066371032163,uncalibrated_mc_only,mc_fallback_no_oos_weights,1.0,0.0,0.0,0,38.97827754993379,1,hist_gradient_boosting_lagged_player_history_v2,2026-W02 pregame,48.50744277011607,1,first_order_markov_outcome_regime_v2,2026-W02 pregame,1,prior+current,1,,0,,,,,,,,0,,,,,0,2026,2,draftkings,DraftKings,-110.0,-116.0,UNDER,0.85644,0.5062344139650873,-116.0,-596.572861521315,0.3502055860349127,0.3502055860349127,,,,,,,,,,,,0,,,,,,,,2026-09-22T14:30:15Z,35282021679,ca5a001bb817e495ca2d74b1e03ce43886493f43,37,UNDER,00-0038685,RESOLVED_GSIS,True,26.0,stats_table,-1.6209336289678369,11.5,true,UNDER,WIN,0.8620689655172413,RB
4aeee070bb6ec60bdfae4dede61b9014,MarShawn Lloyd,marshawnlloyd,GB,NYJ,rush_rec_yards,player_rush_reception_yds,62.5,46.87460628044924,46.87460628044924,17.012084880067295,25000,46.87460628044924,uncalibrated_mc_only,mc_fallback_no_oos_weights,1.0,0.0,0.0,0,73.69947472884415,1,hist_gradient_boosting_lagged_player_history_v2,2026-W02 pregame,48.50744277011607,1,first_order_markov_outcome_regime_v2,2026-W02 pregame,1,prior+current,1,,0,,,,,,,,0,,,,,0,2026,2,draftkings,DraftKings,-110.0,-116.0,UNDER,0.8227599999999999,0.5062344139650873,-116.0,-464.20672534416593,0.3165255860349126,0.3165255860349126,,,,,,,,,,,,0,,,,,,,,2026-09-22T14:30:15Z,35282021679,ca5a001bb817e495ca2d74b1e03ce43886493f43,62.5,UNDER,00-0039811,RESOLVED_GSIS,True,26.0,stats_table,20.874606280449242,36.5,true,UNDER,WIN,0.8620689655172413,RB
4dd8020192a544385db42374e5555303,Jeremiyah Love,jeremiyahlove,ARI,SEA,rush_rec_yards,player_rush_reception_yds,55.5,34.48741120885202,34.48741120885202,14.526086010331245,25000,34.48741120885202,uncalibrated_mc_only,mc_fallback_no_oos_weights,1.0,0.0,0.0,0,53.55041313863079,1,hist_gradient_boosting_lagged_player_history_v2,2026-W02 pregame,48.50744277011607,1,first_order_markov_outcome_regime_v2,2026-W02 pregame,1,prior+current,1,,0,,,,,,,,0,,,,,0,2026,2,fanduel,FanDuel,-113.0,-115.0,UNDER,0.91548,0.502049600327936,-115.0,-1083.1519167061049,0.4134303996720639,0.4134303996720639,,,,,,,,,,,,0,,,,,,,,2026-09-22T14:30:15Z,35282021679,ca5a001bb817e495ca2d74b1e03ce43886493f43,55.5,UNDER,00-0041027,RESOLVED_GSIS,True,45.0,stats_table,-10.512588791147977,10.5,false,UNDER,WIN,0.8695652173913043,RB
50bc247030707d823b9c3581d7eb5760,Emmett Johnson,emmettjohnson,KC,IND,rush_rec_yards,player_rush_reception_yds,29.5,33.69070415539777,33.69070415539777,15.68953180432275,25000,33.69070415539777,uncalibrated_mc_only,mc_fallback_no_oos_weights,1.0,0.0,0.0,0,38.64020907149283,1,hist_gradient_boosting_lagged_player_history_v2,2026-W02 pregame,75.32888898151985,1,first_order_markov_outcome_regime_v2,2026-W02 pregame,1,prior+current,1,,0,,,,,,,,0,,,,,0,2026,2,fanduel,FanDuel,-110.0,-118.0,OVER,0.56648,0.4917965545529122,-110.0,-130.66986528879866,0.0746834454470877,0.0746834454470877,,,,,,,,,,,,0,,,,,,,,2026-09-22T14:30:15Z,35282021679,ca5a001bb817e495ca2d74b1e03ce43886493f43,29.5,OVER,00-0041013,RESOLVED_GSIS,True,35.0,stats_table,-1.3092958446022323,-5.5,true,OVER,WIN,0.9090909090909091,RB
50bc247030707d823b9c3581d7eb5760,Jonathan Taylor,jonathantaylor,IND,KC,rush_rec_yards,player_rush_reception_yds,105.5,61.85466465036044,61.85466465036044,20.5424389837747,25000,61.85466465036044,uncalibrated_mc_only,mc_fallback_no_oos_weights,1.0,0.0,0.0,0,91.8667632225934,1,hist_gradient_boosting_lagged_player_history_v2,2026-W02 pregame,75.32888898151985,1,first_order_markov_outcome_regime_v2,2026-W02 pregame,1,prior+current,1,,0,,,,,,,,0,,,,,0,2026,2,draftkings,DraftKings,-114.0,-112.0,UNDER,0.97472,0.4979225527671598,-112.0,-3855.69620253165,0.4767974472328402,0.4767974472328402,,,,,,,,,,,,0,,,,,,,,2026-09-22T14:30:15Z,35282021679,ca5a001bb817e495ca2d74b1e03ce43886493f43,107,UNDER,00-0036223,RESOLVED_GSIS,True,132.0,stats_table,-70.14533534963957,-26.5,false,OVER,LOSS,-1.0,RB
50bc247030707d823b9c3581d7eb5760,Kenneth Walker III,kennethwalkeriii,KC,IND,rush_rec_yards,player_rush_reception_yds,102.5,45.683997207860656,45.683997207860656,18.042946549449866,25000,45.683997207860656,uncalibrated_mc_only,mc_fallback_no_oos_weights,1.0,0.0,0.0,0,77.38712981949028,1,hist_gradient_boosting_lagged_player_history_v2,2026-W02 pregame,75.32888898151985,1,first_order_markov_outcome_regime_v2,2026-W02 pregame,1,prior+current,1,,0,,,,,,,,0,,,,,0,2026,2,draftkings,DraftKings,-111.0,-114.0,UNDER,0.99664,0.5031375502008032,-114.0,-29661.9047619045,0.4935024497991968,0.4935024497991968,,,,,,,,,,,,0,,,,,,,,2026-09-22T14:30:15Z,35282021679,ca5a001bb817e495ca2d74b1e03ce43886493f43,103.5,UNDER,00-0038134,RESOLVED_GSIS,True,178.0,stats_table,-132.31600279213933,-75.5,false,OVER,LOSS,-1.0,RB
56e8897681915f7ec92baeee952bb1ae,Jahmyr Gibbs,jahmyrgibbs,DET,BUF,rush_rec_yards,player_rush_reception_yds,124.5,72.52240506993034,72.52240506993034,22.46604443119741,25000,72.52240506993034,uncalibrated_mc_only,mc_fallback_no_oos_weights,1.0,0.0,0.0,0,100.80872386884882,1,hist_gradient_boosting_lagged_player_history_v2,2026-W02 pregame,75.32888898151985,1,first_order_markov_outcome_regime_v2,2026-W02 pregame,1,prior+current,1,,0,,,,,,,,0,,,,,0,2026,2,draftkings,DraftKings,-114.0,-112.0,UNDER,0.98356,0.4979225527671598,-112.0,-5982.725060827246,0.4856374472328402,0.4856374472328402,,,,,,,,,,,,0,,,,,,,,2026-09-22T14:30:15Z,35282021679,ca5a001bb817e495ca2d74b1e03ce43886493f43,124,UNDER,00-0039139,RESOLVED_GSIS,True,113.0,stats_table,-40.47759493006966,11.5,false,UNDER,WIN,0.8928571428571429,RB
56e8897681915f7ec92baeee952bb1ae,James Cook,jamescook,BUF,DET,rush_rec_yards,player_rush_reception_yds,103.5,66.46496173343341,66.46496173343341,22.084234874084167,25000,66.46496173343341,uncalibrated_mc_only,mc_fallback_no_oos_weights,1.0,0.0,0.0,0,68.37621963069213,1,hist_gradient_boosting_lagged_player_history_v2,2026-W02 pregame,75.32888898151985,1,first_order_markov_outcome_regime_v2,2026-W02 pregame,1,prior+current,1,,0,,,,,,,,0,,,,,0,2026,2,draftkings,DraftKings,-114.0,-111.0,UNDER,0.9428,0.4968624497991968,-111.0,-1648.2517482517474,0.4459375502008031,0.4459375502008031,,,,,,,,,,,,0,,,,,,,,2026-09-22T14:30:15Z,35282021679,ca5a001bb817e495ca2d74b1e03ce43886493f43,102.5,UNDER,00-0037248,RESOLVED_GSIS,True,139.0,stats_table,-72.53503826656659,-35.5,false,OVER,LOSS,-1.0,RB
68bc55903f50af4af4766adcc89fcc61,Christian McCaffrey,christianmccaffrey,SF,MIA,rush_rec_yards,player_rush_reception_yds,104.5,58.03852749121116,58.03852749121116,19.400561262727017,25000,58.03852749121116,uncalibrated_mc_only,mc_fallback_no_oos_weights,1.0,0.0,0.0,0,102.11924562960456,1,hist_gradient_boosting_lagged_player_history_v2,2026-W02 pregame,75.32888898151985,1,first_order_markov_outcome_regime_v2,2026-W02 pregame,1,prior+current,1,,0,,,,,,,,0,,,,,0,2026,2,draftkings,DraftKings,-112.0,-114.0,UNDER,0.98564,0.5020774472328403,-114.0,-6863.788300835636,0.4835625527671596,0.4835625527671596,,,,,,,,,,,,0,,,,,,,,2026-09-22T14:30:15Z,35282021679,ca5a001bb817e495ca2d74b1e03ce43886493f43,105,UNDER,00-0033280,RESOLVED_GSIS,True,66.0,stats_table,-7.961472508788837,38.5,true,UNDER,WIN,0.8771929824561403,RB
68bc55903f50af4af4766adcc89fcc61,De'Von Achane,devonachane,MIA,SF,rush_rec_yards,player_rush_reception_yds,87.5,54.11097511893794,54.11097511893794,19.25983146902181,25000,54.11097511893794,uncalibrated_mc_only,mc_fallback_no_oos_weights,1.0,0.0,0.0,0,91.24127045840824,1,hist_gradient_boosting_lagged_player_history_v2,2026-W02 pregame,75.32888898151985,1,first_order_markov_outcome_regime_v2,2026-W02 pregame,1,prior+current,1,,0,,,,,,,,0,,,,,0,2026,2,draftkings,DraftKings,-115.0,-111.0,UNDER,0.94916,0.4958445875753169,-111.0,-1866.955153422502,0.4533154124246831,0.4533154124246831,,,,,,,,,,,,0,,,,,,,,2026-09-22T14:30:15Z,35282021679,ca5a001bb817e495ca2d74b1e03ce43886493f43,88,UNDER,00-0039040,RESOLVED_GSIS,True,93.0,stats_table,-38.88902488106206,-5.5,false,OVER,LOSS,-1.0,RB
68bc55903f50af4af4766adcc89fcc61,Deebo Samuel Sr.,deebosamuelsr,SF,MIA,rush_rec_yards,player_rush_reception_yds,45.5,41.8591956510406,41.8591956510406,20.354145960392724,25000,41.8591956510406,uncalibrated_mc_only,mc_fallback_no_oos_weights,1.0,0.0,0.0,0,39.18030318257193,1,hist_gradient_boosting_lagged_player_history_v2,2026-W02 pregame,48.32556581465146,1,first_order_markov_outcome_regime_v2,2026-W02 pregame,1,prior+current,1,WR1,0,,,,,,,,0,,,,,0,2026,2,fanduel,FanDuel,-114.0,-114.0,UNDER,0.60808,0.5,-114.0,-155.15411308430288,0.1080799999999999,0.1080799999999999,,,,,,,,,,,,0,,,,,,,,2026-09-22T14:30:15Z,35282021679,ca5a001bb817e495ca2d74b1e03ce43886493f43,45.5,UNDER,00-0035719,RESOLVED_GSIS,True,35.0,stats_table,6.859195651040601,10.5,true,UNDER,WIN,0.8771929824561403,WR
71b3b83747589efdc5baef2c5cf811bf,Ashton Jeanty,ashtonjeanty,LV,LAC,rush_rec_yards,player_rush_reception_yds,96.5,54.22167598960414,54.22167598960414,17.54581455008568,25000,54.22167598960414,uncalibrated_mc_only,mc_fallback_no_oos_weights,1.0,0.0,0.0,0,114.57693730654287,1,hist_gradient_boosting_lagged_player_history_v2,2026-W02 pregame,75.32888898151985,1,first_order_markov_outcome_regime_v2,2026-W02 pregame,1,prior+current,1,,0,,,,,,,,0,,,,,0,2026,2,draftkings,DraftKings,-111.0,-115.0,UNDER,0.98636,0.5041554124246832,-115.0,-7231.378299120242,0.4822045875753168,0.4822045875753168,,,,,,,,,,,,0,,,,,,,,2026-09-22T14:30:15Z,35282021679,ca5a001bb817e495ca2d74b1e03ce43886493f43,95.5,UNDER,00-0040122,RESOLVED_GSIS,True,63.0,stats_table,-8.778324010395863,33.5,true,UNDER,WIN,0.8695652173913043,RB
71b3b83747589efdc5baef2c5cf811bf,Omarion Hampton,omarionhampton,LAC,LV,rush_rec_yards,player_rush_reception_yds,77.5,44.87344567488972,44.87344567488972,16.832081065653767,25000,44.87344567488972,uncalibrated_mc_only,mc_fallback_no_oos_weights,1.0,0.0,0.0,0,73.60435476727653,1,hist_gradient_boosting_lagged_player_history_v2,2026-W02 pregame,48.50744277011607,1,first_order_markov_outcome_regime_v2,2026-W02 pregame,1,prior+current,1,,0,,,,,,,,0,,,,,0,2026,2,fanduel,FanDuel,-114.0,-114.0,UNDER,0.96392,0.5,-114.0,-2671.6186252771618,0.46392,0.46392,,,,,,,,,,,,0,,,,,,,,2026-09-22T14:30:15Z,35282021679,ca5a001bb817e495ca2d74b1e03ce43886493f43,77.5,UNDER,00-0040666,RESOLVED_GSIS,True,115.0,stats_table,-70.12655432511028,-37.5,false,OVER,LOSS,-1.0,RB
85ef85098ddd22fe4ecf45e7e3c0a9c0,Javonte Williams,javontewilliams,DAL,WAS,rush_rec_yards,player_rush_reception_yds,91.5,60.309766548302754,60.309766548302754,19.629359563233823,25000,60.309766548302754,uncalibrated_mc_only,mc_fallback_no_oos_weights,1.0,0.0,0.0,0,70.31067321958811,1,hist_gradient_boosting_lagged_player_history_v2,2026-W02 pregame,75.32888898151985,1,first_order_markov_outcome_regime_v2,2026-W02 pregame,1,prior+current,1,,0,,,,,,,,0,,,,,0,2026,2,draftkings,DraftKings,-115.0,-111.0,UNDER,0.93556,0.4958445875753169,-111.0,-1451.831160769707,0.439715412424683,0.439715412424683,,,,,,,,,,,,0,,,,,,,,2026-09-22T14:30:15Z,35282021679,ca5a001bb817e495ca2d74b1e03ce43886493f43,92,UNDER,00-0036997,RESOLVED_GSIS,True,50.0,stats_table,10.309766548302754,41.5,true,UNDER,WIN,0.9009009009009009,RB
85ef85098ddd22fe4ecf45e7e3c0a9c0,Rachaad White,rachaadwhite,WAS,DAL,rush_rec_yards,player_rush_reception_yds,40.5,30.2785677498256,30.2785677498256,13.561200118248076,25000,30.2785677498256,uncalibrated_mc_only,mc_fallback_no_oos_weights,1.0,0.0,0.0,0,37.2787007016925,1,hist_gradient_boosting_lagged_player_history_v2,2026-W02 pregame,48.50744277011607,1,first_order_markov_outcome_regime_v2,2026-W02 pregame,1,prior+current,1,,0,,,,,,,,0,,,,,0,2026,2,fanduel,FanDuel,-114.0,-115.0,UNDER,0.78228,0.5010179153094463,-115.0,-359.3055300385816,0.2812620846905537,0.2812620846905537,,,,,,,,,,,,0,,,,,,,,2026-09-22T14:30:15Z,35282021679,ca5a001bb817e495ca2d74b1e03ce43886493f43,40.5,UNDER,00-0037256,RESOLVED_GSIS,True,83.0,stats_table,-52.7214322501744,-42.5,false,OVER,LOSS,-1.0,RB
9d14f87600f6edc74dbcb5c74edf6246,Jaylen Warren,jaylenwarren,PIT,NE,rush_rec_yards,player_rush_reception_yds,67.5,43.978490310802535,43.978490310802535,17.432601099496566,25000,43.978490310802535,uncalibrated_mc_only,mc_fallback_no_oos_weights,1.0,0.0,0.0,0,70.84209780653597,1,hist_gradient_boosting_lagged_player_history_v2,2026-W02 pregame,75.32888898151985,1,first_order_markov_outcome_regime_v2,2026-W02 pregame,1,prior+current,1,,0,,,,,,,,0,,,,,0,2026,2,draftkings,DraftKings,-110.0,-115.0,UNDER,0.90312,0.5052301255230125,-115.0,-932.2047894302232,0.3978898744769875,0.3978898744769875,,,,,,,,,,,,0,,,,,,,,2026-09-22T14:30:15Z,35282021679,ca5a001bb817e495ca2d74b1e03ce43886493f43,67,UNDER,00-0037228,RESOLVED_GSIS,True,77.0,stats_table,-33.021509689197465,-9.5,false,OVER,LOSS,-1.0,RB
9d14f87600f6edc74dbcb5c74edf6246,Rhamondre Stevenson,rhamondrestevenson,NE,PIT,rush_rec_yards,player_rush_reception_yds,70.5,45.773301518963294,45.773301518963294,18.505641849845063,25000,45.773301518963294,uncalibrated_mc_only,mc_fallback_no_oos_weights,1.0,0.0,0.0,0,64.73613564023556,1,hist_gradient_boosting_lagged_player_history_v2,2026-W02 pregame,75.32888898151985,1,first_order_markov_outcome_regime_v2,2026-W02 pregame,1,prior+current,1,,0,,,,,,,,0,,,,,0,2026,2,draftkings,DraftKings,-116.0,-110.0,UNDER,0.90136,0.4937655860349127,-110.0,-913.7875101378744,0.4075944139650872,0.4075944139650872,,,,,,,,,,,,0,,,,,,,,2026-09-22T14:30:15Z,35282021679,ca5a001bb817e495ca2d74b1e03ce43886493f43,70.5,UNDER,00-0036875,RESOLVED_GSIS,True,46.0,stats_table,-0.2266984810367063,24.5,true,UNDER,WIN,0.9090909090909091,RB
9d14f87600f6edc74dbcb5c74edf6246,Rico Dowdle,ricodowdle,PIT,NE,rush_rec_yards,player_rush_reception_yds,49.5,39.33381515201605,39.33381515201605,15.81624600867278,25000,39.33381515201605,uncalibrated_mc_only,mc_fallback_no_oos_weights,1.0,0.0,0.0,0,75.38691240385907,1,hist_gradient_boosting_lagged_player_history_v2,2026-W02 pregame,48.50744277011607,1,first_order_markov_outcome_regime_v2,2026-W02 pregame,1,prior+current,1,,0,,,,,,,,0,,,,,0,2026,2,draftkings,DraftKings,-110.0,-116.0,UNDER,0.7502,0.5062344139650873,-116.0,-300.3202562049639,0.2439655860349127,0.2439655860349127,,,,,,,,,,,,0,,,,,,,,2026-09-22T14:30:15Z,35282021679,ca5a001bb817e495ca2d74b1e03ce43886493f43,49,UNDER,00-0036139,RESOLVED_GSIS,True,44.0,stats_table,-4.666184847983949,5.5,true,UNDER,WIN,0.8620689655172413,RB
aee7eae1849ebb103b9bf233e9741392,Bijan Robinson,bijanrobinson,ATL,CAR,rush_rec_yards,player_rush_reception_yds,128.5,93.15145922272691,93.15145922272691,25.868333478070284,25000,93.15145922272691,uncalibrated_mc_only,mc_fallback_no_oos_weights,1.0,0.0,0.0,0,159.52502187021352,1,hist_gradient_boosting_lagged_player_history_v2,2026-W02 pregame,75.32888898151985,1,first_order_markov_outcome_regime_v2,2026-W02 pregame,1,prior+current,1,,0,,,,,,,,0,,,,,0,2026,2,draftkings,DraftKings,-114.0,-112.0,UNDER,0.90928,0.4979225527671598,-112.0,-1002.2927689594352,0.4113574472328402,0.4113574472328402,,,,,,,,,,,,0,,,,,,,,2026-09-22T14:30:15Z,35282021679,ca5a001bb817e495ca2d74b1e03ce43886493f43,128.5,UNDER,00-0038542,RESOLVED_GSIS,True,81.0,stats_table,12.151459222726913,47.5,true,UNDER,WIN,0.8928571428571429,RB
fafc649c455e32a0f2ba1bd06e2039bc,Saquon Barkley,saquonbarkley,PHI,TEN,rush_rec_yards,player_rush_reception_yds,93.5,55.24433968905118,55.24433968905118,18.488771125915463,25000,55.24433968905118,uncalibrated_mc_only,mc_fallback_no_oos_weights,1.0,0.0,0.0,0,109.6865107246215,1,hist_gradient_boosting_lagged_player_history_v2,2026-W02 pregame,75.32888898151985,1,first_order_markov_outcome_regime_v2,2026-W02 pregame,1,prior+current,1,,0,,,,,,,,0,,,,,0,2026,2,draftkings,DraftKings,-114.0,-112.0,UNDER,0.97192,0.4979225527671598,-112.0,-3461.253561253562,0.4739974472328402,0.4739974472328402,,,,,,,,,,,,0,,,,,,,,2026-09-22T14:30:15Z,35282021679,ca5a001bb817e495ca2d74b1e03ce43886493f43,94,UNDER,00-0034844,RESOLVED_GSIS,True,20.0,stats_table,35.24433968905118,73.5,true,UNDER,WIN,0.8928571428571429,RB
fafc649c455e32a0f2ba1bd06e2039bc,Tony Pollard,tonypollard,TEN,PHI,rush_rec_yards,player_rush_reception_yds,55.5,55.34631700203267,55.34631700203267,18.75999595905227,25000,55.34631700203267,uncalibrated_mc_only,mc_fallback_no_oos_weights,1.0,0.0,0.0,0,95.6184791270858,1,hist_gradient_boosting_lagged_player_history_v2,2026-W02 pregame,48.50744277011607,1,first_order_markov_outcome_regime_v2,2026-W02 pregame,1,prior+current,1,,0,,,,,,,,0,,,,,0,2026,2,draftkings,DraftKings,-115.0,-110.0,UNDER,0.53144,0.4947698744769875,-110.0,-113.4198395082807,0.0366701255230125,0.0366701255230125,,,,,,,,,,,,0,,,,,,,,2026-09-22T14:30:15Z,35282021679,ca5a001bb817e495ca2d74b1e03ce43886493f43,55.5,UNDER,00-0035261,RESOLVED_GSIS,True,65.0,stats_table,-9.65368299796733,-9.5,false,OVER,LOSS,-1.0,RB
fafc649c455e32a0f2ba1bd06e2039bc,Tyjae Spears,tyjaespears,TEN,PHI,rush_rec_yards,player_rush_reception_yds,36.5,34.88261929322171,34.88261929322171,14.571151190099377,25000,34.88261929322171,uncalibrated_mc_only,mc_fallback_no_oos_weights,1.0,0.0,0.0,0,38.11355931333495,1,hist_gradient_boosting_lagged_player_history_v2,2026-W02 pregame,48.50744277011607,1,first_order_markov_outcome_regime_v2,2026-W02 pregame,1,prior+current,1,,0,,,,,,,,0,,,,,0,2026,2,draftkings,DraftKings,-111.0,-114.0,UNDER,0.57216,0.5031375502008032,-114.0,-133.7322363500374,0.0690224497991968,0.0690224497991968,,,,,,,,,,,,0,,,,,,,,2026-09-22T14:30:15Z,35282021679,ca5a001bb817e495ca2d74b1e03ce43886493f43,37,UNDER,00-0039032,RESOLVED_GSIS,True,70.0,stats_table,-35.11738070677829,-33.5,false,OVER,LOSS,-1.0,RB
